address	mnemonic	operand	immediate	file_offset	instruction	status
1000:0317	MOV	op1	0x0000	0x18D0	MOV DI,0x0	KEEP
1000:0330	MOV	op1	0x0040	0x1910	MOV DI,0x40	KEEP
1000:0349	MOV	op1	0x0080	0x1950	MOV DI,0x80	KEEP
1000:0362	MOV	op1	0x00C0	0x1990	MOV DI,0xc0	KEEP
1000:037b	MOV	op1	0x0100	0x19D0	MOV DI,0x100	KEEP
1000:0394	MOV	op1	0x0140	0x1A10	MOV DI,0x140	KEEP
1000:03ad	MOV	op1	0x0180	0x1A50	MOV DI,0x180	KEEP
1000:03c6	MOV	op1	0x01C0	0x1A90	MOV DI,0x1c0	KEEP
1000:03ee	MOV	op1	0x0200	0x1AD0	MOV DI,0x200	KEEP
1000:0434	MOV	op1	0x023E	0x1B0E	MOV DI,0x23e	KEEP
1000:0489	MOV	op1	0x0274	0x1B44	MOV DI,0x274	KEEP
1000:074e	MOV	op1	0x0202	0x1AD2	MOV AX,0x202	KEEP
1000:0756	SUB	op1	0x0202	0x1AD2	SUB SP,0x202	KEEP
1000:075f	CMP	op0	0x0004	0x18D4	CMP byte ptr [BP + 0x4],0x0	KEEP
1000:078d	CMP	op0	0x0004	0x18D4	CMP byte ptr [BP + 0x4],0x0	KEEP
1000:0793	MOV	op1	0x04BE	0x1D8E	MOV DI,0x4be	KEEP
1000:07ae	MOV	op1	0x04EF	0x1DBF	MOV DI,0x4ef	KEEP
1000:07fa	MOV	op1	0x0521	0x1DF1	MOV DI,0x521	KEEP
1000:0818	MOV	op1	0x052D	0x1DFD	MOV DI,0x52d	KEEP
1000:083c	MOV	op1	0x0521	0x1DF1	MOV DI,0x521	KEEP
1000:085a	MOV	op1	0x056A	0x1E3A	MOV DI,0x56a	KEEP
1000:087e	MOV	op1	0x0521	0x1DF1	MOV DI,0x521	KEEP
1000:089c	MOV	op1	0x05A7	0x1E77	MOV DI,0x5a7	KEEP
1000:08c0	MOV	op1	0x0521	0x1DF1	MOV DI,0x521	KEEP
1000:08de	MOV	op1	0x05E4	0x1EB4	MOV DI,0x5e4	KEEP
1000:0902	MOV	op1	0x0521	0x1DF1	MOV DI,0x521	KEEP
1000:0920	MOV	op1	0x0621	0x1EF1	MOV DI,0x621	KEEP
1000:0944	MOV	op1	0x0521	0x1DF1	MOV DI,0x521	KEEP
1000:0962	MOV	op1	0x065E	0x1F2E	MOV DI,0x65e	KEEP
1000:0986	MOV	op1	0x0521	0x1DF1	MOV DI,0x521	KEEP
1000:09a4	MOV	op1	0x069B	0x1F6B	MOV DI,0x69b	KEEP
1000:09c8	MOV	op1	0x0521	0x1DF1	MOV DI,0x521	KEEP
1000:09e6	MOV	op1	0x06D8	0x1FA8	MOV DI,0x6d8	KEEP
1000:0a4f	MOV	op1	0x0715	0x1FE5	MOV DI,0x715	KEEP
1000:0ac8	RET	op0	0x0002	0x18D2	RET 0x2	KEEP
1000:0ad2	AND	op0	0x0002	0x18D2	AND byte ptr [BP + 0x2],BL	KEEP
1000:0b0b	MOV	op1	0x0008	0x18D8	MOV CX,0x8	KEEP
1000:0b11	ADD	op1	0x0030	0x1900	ADD AX,0x30	KEEP
1000:0b43	MOV	op1	0x0008	0x18D8	MOV CX,0x8	KEEP
1000:0b49	ADD	op1	0x0030	0x1900	ADD AX,0x30	KEEP
1000:0bc9	MOV	op1	0xFFF7	0x118C7	MOV AL,byte ptr [BP + -0x9]	KEEP
1000:0bd7	MOV	op1	0x0AD0	0x23A0	MOV DI,0xad0	KEEP
1000:0c6d	MOV	op1	0x0AE0	0x23B0	MOV DI,0xae0	KEEP
1000:0d17	MOV	op1	0x0004	0x18D4	MOV AX,0x4	KEEP
1000:0d1f	SUB	op1	0x0004	0x18D4	SUB SP,0x4	KEEP
1000:0d22	MOV	op1	0x0033	0x1903	MOV AX,0x33	KEEP
1000:0d4f	MOV	op1	0x000A	0x18DA	MOV AX,0xa	KEEP
1000:0d8d	MOV	op1	0x0004	0x18D4	MOV AX,0x4	KEEP
1000:0d9a	CMP	op1	0x0009	0x18D9	CMP word ptr [0x3952],0x9	KEEP
1000:0da1	MOV	op1	0x0009	0x18D9	MOV word ptr [0x3952],0x9	KEEP
1000:0da7	CMP	op0	0x0004	0x18D4	CMP byte ptr [BP + 0x4],0x1	KEEP
1000:0dad	CMP	op1	0x0007	0x18D7	CMP word ptr [0x3952],0x7	KEEP
1000:0db4	MOV	op1	0x0007	0x18D7	MOV word ptr [0x3952],0x7	KEEP
1000:0dba	CMP	op0	0x0004	0x18D4	CMP byte ptr [BP + 0x4],0x2	KEEP
1000:0dc0	MOV	op1	0x0008	0x18D8	MOV word ptr [0x3952],0x8	KEEP
1000:0dd9	MOV	op1	0x0005	0x18D5	MOV AX,0x5	KEEP
1000:0dec	MOV	op1	0x0002	0x18D2	MOV AX,0x2	KEEP
1000:0e00	MOV	op1	0x0002	0x18D2	MOV AX,0x2	KEEP
1000:0e2e	MOV	op1	0x0082	0x1952	MOV CX,0x82	KEEP
1000:0e48	CMP	op1	0x0000	0x18D0	CMP word ptr [0x395c],0x0	KEEP
1000:0e64	MOV	op1	0x0081	0x1951	MOV CX,0x81	KEEP
1000:0e95	MOV	op1	0x0005	0x18D5	MOV AL,byte ptr [DI + 0x5]	KEEP
1000:0ea5	MOV	op1	0x0004	0x18D4	MOV AL,byte ptr [DI + 0x4]	KEEP
1000:0eb5	MOV	op1	0x0003	0x18D3	MOV AL,byte ptr [DI + 0x3]	KEEP
1000:0ec5	MOV	op1	0x0002	0x18D2	MOV AL,byte ptr [DI + 0x2]	KEEP
1000:0f11	CMP	op1	0x0002	0x18D2	CMP AL,byte ptr [DI + 0x2]	KEEP
1000:0f26	MOV	op1	0x0002	0x18D2	MOV AL,byte ptr [DI + 0x2]	KEEP
1000:0f36	MOV	op1	0x0003	0x18D3	MOV AL,byte ptr [DI + 0x3]	KEEP
1000:0f58	MOV	op1	0x0002	0x18D2	MOV AL,byte ptr [DI + 0x2]	KEEP
1000:0f68	MOV	op1	0x0003	0x18D3	MOV AL,byte ptr [DI + 0x3]	KEEP
1000:0f78	MOV	op1	0x0004	0x18D4	MOV AL,byte ptr [DI + 0x4]	KEEP
1000:0f9b	MOV	op1	0x0002	0x18D2	MOV AL,byte ptr [DI + 0x2]	KEEP
1000:0fab	MOV	op1	0x0003	0x18D3	MOV AL,byte ptr [DI + 0x3]	KEEP
1000:0fbb	MOV	op1	0x0004	0x18D4	MOV AL,byte ptr [DI + 0x4]	KEEP
1000:0fcb	MOV	op1	0x0005	0x18D5	MOV AL,byte ptr [DI + 0x5]	KEEP
1000:0ff7	MOV	op1	0x0002	0x18D2	MOV CX,0x2	KEEP
1000:1014	ADD	op1	0x000A	0x18DA	ADD AX,0xa	KEEP
1000:102a	MOV	op1	0x0006	0x18D6	MOV AX,0x6	KEEP
1000:1044	MOV	op1	0x0083	0x1953	MOV CX,0x83	KEEP
1000:105c	MOV	op1	0x0002	0x18D2	MOV CX,0x2	KEEP
1000:1077	MOV	op1	0x0083	0x1953	MOV CX,0x83	KEEP
1000:108f	MOV	op1	0x0002	0x18D2	MOV CX,0x2	KEEP
1000:10b4	CMP	op1	0x0000	0x18D0	CMP word ptr [0x396e],0x0	KEEP
1000:10c0	MOV	op1	0x0006	0x18D6	MOV AX,0x6	KEEP
1000:10da	MOV	op1	0x0083	0x1953	MOV CX,0x83	KEEP
1000:10f2	MOV	op1	0x0002	0x18D2	MOV CX,0x2	KEEP
1000:10fe	MOV	op1	0x0002	0x18D2	MOV CX,0x2	KEEP
1000:1117	MOV	op1	0x0083	0x1953	MOV CX,0x83	KEEP
1000:112f	MOV	op1	0x0002	0x18D2	MOV CX,0x2	KEEP
1000:1152	CMP	op1	0x0000	0x18D0	CMP word ptr [0x396c],0x0	KEEP
1000:115e	MOV	op1	0x0002	0x18D2	MOV AX,0x2	KEEP
1000:116f	MOV	op1	0x000A	0x18DA	MOV CX,0xa	KEEP
1000:117b	ADD	op1	0x0001	0x18D1	ADD AX,0x1	KEEP
1000:117e	ADC	op1	0x0000	0x18D0	ADC DX,0x0	KEEP
1000:1191	MOV	op1	0x0002	0x18D2	MOV CX,0x2	KEEP
1000:11ad	MOV	op1	0x0002	0x18D2	MOV CX,0x2	KEEP
1000:11bf	RET	op0	0x0002	0x18D2	RET 0x2	KEEP
1000:11c5	MOV	op1	0x0004	0x18D4	MOV AX,0x4	KEEP
1000:11cd	SUB	op1	0x0004	0x18D4	SUB SP,0x4	KEEP
1000:11d0	MOV	op1	0x000A	0x18DA	MOV word ptr [0x3952],0xa	KEEP
1000:11d6	CMP	op0	0x0004	0x18D4	CMP byte ptr [BP + 0x4],0x0	KEEP
1000:11dc	MOV	op1	0x007D	0x194D	MOV word ptr [0x395c],0x7d	KEEP
1000:11e2	MOV	op1	0x0029	0x18F9	MOV word ptr [0x3954],0x29	KEEP
1000:11e8	MOV	op1	0x0032	0x1902	MOV word ptr [0x3956],0x32	KEEP
1000:11ee	MOV	op1	0x007B	0x194B	MOV word ptr [0x3958],0x7b	KEEP
1000:11f4	MOV	op1	0x0024	0x18F4	MOV word ptr [0x395a],0x24	KEEP
1000:11ff	CMP	op0	0x0004	0x18D4	CMP byte ptr [BP + 0x4],0x1	KEEP
1000:1205	MOV	op1	0x00A0	0x1970	MOV word ptr [0x395c],0xa0	KEEP
1000:120b	MOV	op1	0x0032	0x1902	MOV word ptr [0x3954],0x32	KEEP
1000:1211	MOV	op1	0x003C	0x190C	MOV word ptr [0x3956],0x3c	KEEP
1000:1217	MOV	op1	0x00BC	0x198C	MOV word ptr [0x3958],0xbc	KEEP
1000:121d	MOV	op1	0x0020	0x18F0	MOV word ptr [0x395a],0x20	KEEP
1000:122c	MOV	op1	0x0002	0x18D2	MOV CX,0x2	KEEP
1000:1249	ADD	op1	0x000A	0x18DA	ADD AX,0xa	KEEP
1000:1271	RET	op0	0x0002	0x18D2	RET 0x2	KEEP
1000:135c	CMP	op1	0x0028	0x18F8	CMP word ptr [0x395c],0x28	KEEP
1000:1377	MOV	op1	0x00FF	0x19CF	MOV AX,0xff	KEEP
1000:1382	MOV	op1	0x1274	0x2B44	MOV DI,0x1274	KEEP
1000:138d	MOV	op1	0x00FF	0x19CF	MOV AX,0xff	KEEP
1000:139c	MOV	op1	0x1285	0x2B55	MOV DI,0x1285	KEEP
1000:13b7	MOV	op1	0x00FF	0x19CF	MOV AX,0xff	KEEP
1000:13c0	CMP	op1	0x0008	0x18D8	CMP word ptr [0x3952],0x8	KEEP
1000:13d2	MOV	op1	0x1289	0x2B59	MOV DI,0x1289	KEEP
1000:13e4	ADD	op1	0x002E	0x18FE	ADD DI,0x2e	KEEP
1000:13ef	MOV	op1	0x1290	0x2B60	MOV DI,0x1290	KEEP
1000:1419	MOV	op1	0x129A	0x2B6A	MOV DI,0x129a	KEEP
1000:1436	MOV	op1	0x12AE	0x2B7E	MOV DI,0x12ae	KEEP
1000:146e	MOV	op1	0x12B7	0x2B87	MOV DI,0x12b7	KEEP
1000:147e	MOV	op1	0x00FF	0x19CF	MOV AX,0xff	KEEP
1000:149f	MOV	op1	0x12CB	0x2B9B	MOV DI,0x12cb	KEEP
1000:14af	MOV	op1	0x00FF	0x19CF	MOV AX,0xff	KEEP
1000:14da	MOV	op1	0x007F	0x194F	MOV CX,0x7f	KEEP
1000:150a	MOV	op1	0x0080	0x1950	MOV CX,0x80	KEEP
1000:1542	MOV	op1	0x12DE	0x2BAE	MOV DI,0x12de	KEEP
1000:1574	CMP	op1	0x000E	0x18DE	CMP word ptr [BP + 0xfdfc],0xe	KEEP
1000:157b	MOV	op1	0x12ED	0x2BBD	MOV DI,0x12ed	KEEP
1000:158c	ADD	op1	0x0014	0x18E4	ADD AX,0x14	KEEP
1000:15a4	MOV	op1	0x12F9	0x2BC9	MOV DI,0x12f9	KEEP
1000:15c1	SUB	op1	0x000E	0x18DE	SUB AX,0xe	KEEP
1000:15c8	MOV	op1	0x0001	0x18D1	MOV word ptr [BP + 0xfdfa],0x1	KEEP
1000:15ce	CMP	op1	0x0012	0x18E2	CMP word ptr [BP + 0xfdfc],0x12	KEEP
1000:15d5	SUB	op1	0x0012	0x18E2	SUB word ptr [BP + 0xfdfc],0x12	KEEP
1000:15e0	CMP	op1	0x0001	0x18D1	CMP word ptr [BP + 0xfdfa],0x1	KEEP
1000:15e7	MOV	op1	0x1307	0x2BD7	MOV DI,0x1307	KEEP
1000:160a	CMP	op1	0x0001	0x18D1	CMP word ptr [BP + 0xfdfa],0x1	KEEP
1000:1611	MOV	op1	0x1319	0x2BE9	MOV DI,0x1319	KEEP
1000:163f	MOV	op1	0x133A	0x2C0A	MOV DI,0x133a	KEEP
1000:1a06	MOV	op1	0x0606	0x1ED6	MOV AX,0x606	KEEP
1000:1a0e	SUB	op1	0x0606	0x1ED6	SUB SP,0x606	KEEP
1000:1a12	MOV	op1	0x165F	0x2F2F	MOV DI,0x165f	KEEP
1000:1a1d	MOV	op1	0x00FF	0x19CF	MOV AX,0xff	KEEP
1000:1a2c	MOV	op1	0x1664	0x2F34	MOV DI,0x1664	KEEP
1000:1a36	MOV	op1	0x389C	0x516C	MOV DI,word ptr [0x389c]	KEEP
1000:1a3e	ADD	op1	0x002E	0x18FE	ADD DI,0x2e	KEEP
1000:1a49	MOV	op1	0x166A	0x2F3A	MOV DI,0x166a	KEEP
1000:1a81	MOV	op1	0x1677	0x2F47	MOV DI,0x1677	KEEP
1000:1a8b	MOV	op1	0x379C	0x506C	MOV DI,0x379c	KEEP
1000:1aa9	CMP	op1	0x0027	0x18F7	CMP word ptr [0x38a6],0x27	KEEP
1000:1ab0	MOV	op1	0x1688	0x2F58	MOV DI,0x1688	KEEP
1000:1ad2	CMP	op0	0x38BF	0x518F	CMP byte ptr [0x38bf],0x0	KEEP
1000:1ae5	CMP	op0	0x38BF	0x518F	CMP byte ptr [0x38bf],0x0	KEEP
1000:1afd	CMP	op0	0x38BD	0x518D	CMP byte ptr [0x38bd],0x0	KEEP
1000:1b0b	CMP	op0	0x38BF	0x518F	CMP byte ptr [0x38bf],0x0	KEEP
1000:1b24	MOV	op1	0x16B7	0x2F87	MOV DI,0x16b7	KEEP
1000:1b43	MOV	op1	0x16BC	0x2F8C	MOV DI,0x16bc	KEEP
1000:1b62	MOV	op1	0x16C5	0x2F95	MOV DI,0x16c5	KEEP
1000:1b81	MOV	op1	0x16CE	0x2F9E	MOV DI,0x16ce	KEEP
1000:1bc2	CMP	op0	0x38BD	0x518D	CMP byte ptr [0x38bd],0x0	KEEP
1000:1bd0	MOV	op1	0x16D9	0x2FA9	MOV DI,0x16d9	KEEP
1000:1be9	CMP	op0	0x38BD	0x518D	CMP byte ptr [0x38bd],0x0	KEEP
1000:1bf0	MOV	op1	0x16E2	0x2FB2	MOV DI,0x16e2	KEEP
1000:1c10	MOV	op1	0x16F7	0x2FC7	MOV DI,0x16f7	KEEP
1000:1c38	CMP	op0	0x38BF	0x518F	CMP byte ptr [0x38bf],0x0	KEEP
1000:1c50	MOV	op1	0x1710	0x2FE0	MOV DI,0x1710	KEEP
1000:1c69	CMP	op0	0x38BF	0x518F	CMP byte ptr [0x38bf],0x0	KEEP
1000:1c70	MOV	op1	0x1720	0x2FF0	MOV DI,0x1720	KEEP
1000:1c90	MOV	op1	0x1737	0x3007	MOV DI,0x1737	KEEP
1000:1cb0	MOV	op1	0x174E	0x301E	MOV DI,0x174e	KEEP
1000:1cdf	MOV	op1	0x176A	0x303A	MOV DI,0x176a	KEEP
1000:1cff	MOV	op1	0x1782	0x3052	MOV DI,0x1782	KEEP
1000:1d18	CMP	op0	0x38BC	0x518C	CMP byte ptr [0x38bc],0x0	KEEP
1000:1d1f	MOV	op1	0x179C	0x306C	MOV DI,0x179c	KEEP
1000:1d51	MOV	op1	0x17B8	0x3088	MOV DI,0x17b8	KEEP
1000:1d71	MOV	op1	0x17CF	0x309F	MOV DI,0x17cf	KEEP
1000:1d8a	CMP	op1	0x0000	0x18D0	CMP word ptr [0x394f],0x0	KEEP
1000:1d91	MOV	op1	0x17DE	0x30AE	MOV DI,0x17de	KEEP
1000:1dab	CMP	op1	0x0002	0x18D2	CMP word ptr [0x394f],0x2	KEEP
1000:1db2	CMP	op1	0x0000	0x18D0	CMP word ptr [0x394f],0x0	KEEP
1000:1db9	MOV	op1	0x17EF	0x30BF	MOV DI,0x17ef	KEEP
1000:1dd2	CMP	op1	0x0000	0x18D0	CMP word ptr [0x394f],0x0	KEEP
1000:1dd9	MOV	op1	0x1805	0x30D5	MOV DI,0x1805	KEEP
1000:1e61	MOV	op1	0x1821	0x30F1	MOV DI,0x1821	KEEP
1000:1e8f	MOV	op1	0x182E	0x30FE	MOV DI,0x182e	KEEP
1000:1eb6	MOV	op1	0x183B	0x310B	MOV DI,0x183b	KEEP
1000:1ed6	MOV	op1	0x1844	0x3114	MOV DI,0x1844	KEEP
1000:1f0b	MOV	op1	0x185E	0x312E	MOV DI,0x185e	KEEP
1000:1f40	MOV	op1	0x186C	0x313C	MOV DI,0x186c	KEEP
1000:1f6e	MOV	op1	0x1876	0x3146	MOV DI,0x1876	KEEP
1000:1f9c	MOV	op1	0x1886	0x3156	MOV DI,0x1886	KEEP
1000:1fc3	MOV	op1	0x1891	0x3161	MOV DI,0x1891	KEEP
1000:1fea	MOV	op1	0x189C	0x316C	MOV DI,0x189c	KEEP
1000:200a	MOV	op1	0x18A3	0x3173	MOV DI,0x18a3	KEEP
1000:204f	MOV	op1	0x18B4	0x3184	MOV DI,0x18b4	KEEP
1000:205f	MOV	op1	0x00FF	0x19CF	MOV AX,0xff	KEEP
1000:2080	MOV	op1	0x18C8	0x3198	MOV DI,0x18c8	KEEP
1000:2090	MOV	op1	0x00FF	0x19CF	MOV AX,0xff	KEEP
1000:2099	CMP	op0	0x38B1	0x5181	CMP byte ptr [0x38b1],0x1	KEEP
1000:20b1	MOV	op1	0x18DA	0x31AA	MOV DI,0x18da	KEEP
1000:20c1	MOV	op1	0x00FF	0x19CF	MOV AX,0xff	KEEP
1000:20e2	MOV	op1	0x18EB	0x31BB	MOV DI,0x18eb	KEEP
1000:20f2	MOV	op1	0x00FF	0x19CF	MOV AX,0xff	KEEP
1000:211d	MOV	op1	0x007F	0x194F	MOV CX,0x7f	KEEP
1000:214d	MOV	op1	0x0080	0x1950	MOV CX,0x80	KEEP
1000:2185	MOV	op1	0x18FA	0x31CA	MOV DI,0x18fa	KEEP
1000:21b7	CMP	op1	0x000E	0x18DE	CMP word ptr [BP + 0xfefc],0xe	KEEP
1000:21be	MOV	op1	0x1909	0x31D9	MOV DI,0x1909	KEEP
1000:21cf	ADD	op1	0x0014	0x18E4	ADD AX,0x14	KEEP
1000:21e7	MOV	op1	0x1915	0x31E5	MOV DI,0x1915	KEEP
1000:2204	SUB	op1	0x000E	0x18DE	SUB AX,0xe	KEEP
1000:220b	MOV	op1	0x0001	0x18D1	MOV word ptr [BP + 0xfefa],0x1	KEEP
1000:2211	CMP	op1	0x0012	0x18E2	CMP word ptr [BP + 0xfefc],0x12	KEEP
1000:2218	SUB	op1	0x0012	0x18E2	SUB word ptr [BP + 0xfefc],0x12	KEEP
1000:2223	CMP	op1	0x0001	0x18D1	CMP word ptr [BP + 0xfefa],0x1	KEEP
1000:222a	MOV	op1	0x1923	0x31F3	MOV DI,0x1923	KEEP
1000:224d	CMP	op1	0x0001	0x18D1	CMP word ptr [BP + 0xfefa],0x1	KEEP
1000:2254	MOV	op1	0x1935	0x3205	MOV DI,0x1935	KEEP
1000:2285	MOV	op1	0x1956	0x3226	MOV DI,0x1956	KEEP
1000:22af	MOV	op1	0x1964	0x3234	MOV DI,0x1964	KEEP
1000:22c8	MOV	op1	0x196E	0x323E	MOV DI,0x196e	KEEP
1000:22e3	MOV	op1	0x1983	0x3253	MOV DI,0x1983	KEEP
1000:230a	MOV	op1	0x196E	0x323E	MOV DI,0x196e	KEEP
1000:2331	MOV	op1	0x1998	0x3268	MOV DI,0x1998	KEEP
1000:234a	MOV	op1	0x19A3	0x3273	MOV DI,0x19a3	KEEP
1000:2365	MOV	op1	0x19B9	0x3289	MOV DI,0x19b9	KEEP
1000:238c	MOV	op1	0x19A3	0x3273	MOV DI,0x19a3	KEEP
1000:23b4	CMP	op0	0x38C5	0x5195	CMP word ptr [0x38c5],0x0	KEEP
1000:23b4	CMP	op1	0x0000	0x18D0	CMP word ptr [0x38c5],0x0	KEEP
1000:23bb	MOV	op1	0x19C8	0x3298	MOV DI,0x19c8	KEEP
1000:23c0	PUSH	op0	0x38C5	0x5195	PUSH word ptr [0x38c5]	KEEP
1000:23d5	CMP	op1	0x0000	0x18D0	CMP word ptr [0x38c3],0x0	KEEP
1000:23dc	MOV	op1	0x19D1	0x32A1	MOV DI,0x19d1	KEEP
1000:23e5	MOV	op1	0x0002	0x18D2	MOV CX,0x2	KEEP
1000:23ef	MOV	op1	0x0002	0x18D2	MOV CX,0x2	KEEP
1000:23fe	MOV	op1	0x000A	0x18DA	MOV CX,0xa	KEEP
1000:2415	MOV	op1	0x19DC	0x32AC	MOV DI,0x19dc	KEEP
1000:242e	CMP	op1	0x0000	0x18D0	CMP word ptr [0x38c7],0x0	KEEP
1000:2435	MOV	op1	0x19E7	0x32B7	MOV DI,0x19e7	KEEP
1000:2451	MOV	op1	0x19EF	0x32BF	MOV DI,0x19ef	KEEP
1000:246a	CMP	op1	0x0000	0x18D0	CMP word ptr [0x38c9],0x0	KEEP
1000:2471	MOV	op1	0x19FC	0x32CC	MOV DI,0x19fc	KEEP
1000:2529	MOV	op1	0x010C	0x19DC	MOV AX,0x10c	KEEP
1000:2531	SUB	op1	0x010C	0x19DC	SUB SP,0x10c	KEEP
1000:2550	ADD	op1	0x000A	0x18DA	ADD word ptr [0x38d0],0xa	KEEP
1000:2567	MOV	op1	0x0001	0x18D1	MOV AX,0x1	KEEP
1000:257a	CMP	op0	0x0004	0x18D4	CMP byte ptr [BP + 0x4],0x0	KEEP
1000:2580	CMP	op1	0x0028	0x18F8	CMP word ptr [0x38a6],0x28	KEEP
1000:2591	MOV	op1	0x248F	0x3D5F	MOV DI,0x248f	KEEP
1000:25aa	MOV	op1	0x389C	0x516C	MOV DI,word ptr [0x389c]	KEEP
1000:25b2	MOV	op1	0x0005	0x18D5	MOV AL,byte ptr [DI + 0x5]	KEEP
1000:25ba	MOV	op1	0x389C	0x516C	MOV DI,word ptr [0x389c]	KEEP
1000:25c2	MOV	op1	0x0004	0x18D4	MOV AL,byte ptr [DI + 0x4]	KEEP
1000:25ca	MOV	op1	0x389C	0x516C	MOV DI,word ptr [0x389c]	KEEP
1000:25d2	MOV	op1	0x0003	0x18D3	MOV AL,byte ptr [DI + 0x3]	KEEP
1000:25da	MOV	op1	0x389C	0x516C	MOV DI,word ptr [0x389c]	KEEP
1000:25e2	MOV	op1	0x0002	0x18D2	MOV AL,byte ptr [DI + 0x2]	KEEP
1000:25f1	MOV	op1	0x0001	0x18D1	MOV word ptr [BP + -0x8],0x1	KEEP
1000:2607	MOV	op1	0x389C	0x516C	MOV DI,word ptr [0x389c]	KEEP
1000:260f	MOV	op1	0x0002	0x18D2	MOV AL,byte ptr [DI + 0x2]	KEEP
1000:2621	MOV	op1	0x24AC	0x3D7C	MOV DI,0x24ac	KEEP
1000:263a	CMP	op1	0x0028	0x18F8	CMP word ptr [0x38a6],0x28	KEEP
1000:2676	MOV	op1	0x0002	0x18D2	MOV AX,0x2	KEEP
1000:2687	MOV	op1	0x0002	0x18D2	MOV CX,0x2	KEEP
1000:26a0	MOV	op1	0x389C	0x516C	MOV DI,word ptr [0x389c]	KEEP
1000:26a8	MOV	op1	0x0002	0x18D2	MOV AL,byte ptr [DI + 0x2]	KEEP
1000:26b0	MOV	op1	0x389C	0x516C	MOV DI,word ptr [0x389c]	KEEP
1000:26b8	MOV	op1	0x0003	0x18D3	MOV AL,byte ptr [DI + 0x3]	KEEP
1000:26c9	MOV	op1	0x24B9	0x3D89	MOV DI,0x24b9	KEEP
1000:26e2	CMP	op1	0x0028	0x18F8	CMP word ptr [0x38a6],0x28	KEEP
1000:271e	MOV	op1	0x0002	0x18D2	MOV AX,0x2	KEEP
1000:272a	MOV	op1	0x389C	0x516C	MOV DI,word ptr [0x389c]	KEEP
1000:2732	MOV	op1	0x0002	0x18D2	MOV AL,byte ptr [DI + 0x2]	KEEP
1000:273a	MOV	op1	0x389C	0x516C	MOV DI,word ptr [0x389c]	KEEP
1000:2742	MOV	op1	0x0003	0x18D3	MOV AL,byte ptr [DI + 0x3]	KEEP
1000:274a	MOV	op1	0x389C	0x516C	MOV DI,word ptr [0x389c]	KEEP
1000:2752	MOV	op1	0x0004	0x18D4	MOV AL,byte ptr [DI + 0x4]	KEEP
1000:2765	MOV	op1	0x24CA	0x3D9A	MOV DI,0x24ca	KEEP
1000:277e	CMP	op1	0x0028	0x18F8	CMP word ptr [0x38a6],0x28	KEEP
1000:27ba	MOV	op1	0x0002	0x18D2	MOV AX,0x2	KEEP
1000:27c3	ADD	op1	0x0005	0x18D5	ADD word ptr [0x38ae],0x5	KEEP
1000:27c8	ADD	op1	0x0005	0x18D5	ADD word ptr [0x38ac],0x5	KEEP
1000:27d0	MOV	op1	0x389C	0x516C	MOV DI,word ptr [0x389c]	KEEP
1000:27d8	MOV	op1	0x0002	0x18D2	MOV AL,byte ptr [DI + 0x2]	KEEP
1000:27e0	MOV	op1	0x389C	0x516C	MOV DI,word ptr [0x389c]	KEEP
1000:27e8	MOV	op1	0x0003	0x18D3	MOV AL,byte ptr [DI + 0x3]	KEEP
1000:27f0	MOV	op1	0x389C	0x516C	MOV DI,word ptr [0x389c]	KEEP
1000:27f8	MOV	op1	0x0004	0x18D4	MOV AL,byte ptr [DI + 0x4]	KEEP
1000:2800	MOV	op1	0x389C	0x516C	MOV DI,word ptr [0x389c]	KEEP
1000:2808	MOV	op1	0x0005	0x18D5	MOV AL,byte ptr [DI + 0x5]	KEEP
1000:281d	MOV	op1	0x24DC	0x3DAC	MOV DI,0x24dc	KEEP
1000:2836	CMP	op1	0x0028	0x18F8	CMP word ptr [0x38a6],0x28	KEEP
1000:2872	MOV	op1	0x0002	0x18D2	MOV AX,0x2	KEEP
1000:287d	CMP	op1	0x0002	0x18D2	CMP word ptr [BP + -0x8],0x2	KEEP
1000:28a0	CMP	op0	0x0004	0x18D4	CMP byte ptr [BP + 0x4],0x0	KEEP
1000:28a6	MOV	op1	0x24EA	0x3DBA	MOV DI,0x24ea	KEEP
1000:28c4	RET	op0	0x0002	0x18D2	RET 0x2	KEEP
1000:29c7	MOV	op1	0x0102	0x19D2	MOV AX,0x102	KEEP
1000:29cf	SUB	op1	0x0102	0x19D2	SUB SP,0x102	KEEP
1000:29de	LDS	op1	0x0004	0x18D4	LDS SI,[BP + 0x4]	KEEP
1000:2a1f	MOV	op1	0x28CC	0x419C	MOV DI,0x28cc	KEEP
1000:2a47	CMP	op1	0x0000	0x18D0	CMP word ptr [0x38c3],0x0	KEEP
1000:2a5c	CMP	op1	0x0005	0x18D5	CMP AX,0x5	KEEP
1000:2a76	MOV	op1	0x28FD	0x41CD	MOV DI,0x28fd	KEEP
1000:2aac	MOV	op1	0x2914	0x41E4	MOV DI,0x2914	KEEP
1000:2abd	MOV	op1	0x0002	0x18D2	MOV CX,0x2	KEEP
1000:2ac7	MOV	op1	0x0002	0x18D2	MOV CX,0x2	KEEP
1000:2ad6	MOV	op1	0x000A	0x18DA	MOV CX,0xa	KEEP
1000:2ae7	ADD	op1	0x0005	0x18D5	ADD word ptr [0x38ac],0x5	KEEP
1000:2afe	MOV	op1	0x2938	0x4208	MOV DI,0x2938	KEEP
1000:2b03	MOV	op1	0x0005	0x18D5	MOV AX,0x5	KEEP
1000:2b13	MOV	op1	0x0002	0x18D2	MOV CX,0x2	KEEP
1000:2b1d	MOV	op1	0x0002	0x18D2	MOV CX,0x2	KEEP
1000:2b2c	MOV	op1	0x000A	0x18DA	MOV CX,0xa	KEEP
1000:2b4c	MOV	op1	0x2970	0x4240	MOV DI,0x2970	KEEP
1000:2b67	MOV	op1	0x297C	0x424C	MOV DI,0x297c	KEEP
1000:2ba0	CMP	op1	0x0000	0x18D0	CMP word ptr [0x38c3],0x0	KEEP
1000:2bc8	MOV	op1	0x2938	0x4208	MOV DI,0x2938	KEEP
1000:2be1	MOV	op1	0x0002	0x18D2	MOV CX,0x2	KEEP
1000:2beb	MOV	op1	0x0002	0x18D2	MOV CX,0x2	KEEP
1000:2bfa	MOV	op1	0x000A	0x18DA	MOV CX,0xa	KEEP
1000:2c0f	CMP	op1	0x0000	0x18D0	CMP word ptr [0x38c3],0x0	KEEP
1000:2c16	MOV	op1	0x29B3	0x4283	MOV DI,0x29b3	KEEP
1000:2c38	CMP	op1	0x0000	0x18D0	CMP word ptr [0x38c3],0x0	KEEP
1000:2c3f	MOV	op1	0x2970	0x4240	MOV DI,0x2970	KEEP
1000:2c5b	RET	op0	0x0004	0x18D4	RET 0x4	KEEP
1000:3d14	MOV	op1	0x0218	0x1AE8	MOV AX,0x218	KEEP
1000:3d1c	SUB	op1	0x0218	0x1AE8	SUB SP,0x218	KEEP
1000:3d24	MOV	op1	0x0004	0x18D4	MOV AL,byte ptr [BP + 0x4]	KEEP
1000:3d35	CMP	op1	0x0000	0x18D0	CMP AX,0x0	KEEP
1000:3d3a	CMP	op1	0x0001	0x18D1	CMP AX,0x1	KEEP
1000:3d3f	CMP	op1	0x0002	0x18D2	CMP AX,0x2	KEEP
1000:3d44	MOV	op1	0x2C5E	0x452E	MOV DI,0x2c5e	KEEP
1000:3d5d	MOV	op1	0x2C6B	0x453B	MOV DI,0x2c6b	KEEP
1000:3d79	CMP	op1	0x0003	0x18D3	CMP AX,0x3	KEEP
1000:3d7e	CMP	op1	0x0004	0x18D4	CMP AX,0x4	KEEP
1000:3d83	CMP	op1	0x0005	0x18D5	CMP AX,0x5	KEEP
1000:3d88	CMP	op1	0x0006	0x18D6	CMP AX,0x6	KEEP
1000:3d8d	MOV	op1	0x2C78	0x4548	MOV DI,0x2c78	KEEP
1000:3da6	MOV	op1	0x2C95	0x4565	MOV DI,0x2c95	KEEP
1000:3dc2	CMP	op1	0x0007	0x18D7	CMP AX,0x7	KEEP
1000:3dc7	MOV	op1	0x2CAA	0x457A	MOV DI,0x2caa	KEEP
1000:3de3	CMP	op1	0x0008	0x18D8	CMP AX,0x8	KEEP
1000:3dee	MOV	op1	0x2CB7	0x4587	MOV DI,0x2cb7	KEEP
1000:3df8	MOV	op1	0x379C	0x506C	MOV DI,0x379c	KEEP
1000:3e02	MOV	op1	0x2CC7	0x4597	MOV DI,0x2cc7	KEEP
1000:3e0c	MOV	op1	0x389C	0x516C	MOV DI,word ptr [0x389c]	KEEP
1000:3e14	ADD	op1	0x002E	0x18FE	ADD DI,0x2e	KEEP
1000:3e35	CMP	op1	0x0009	0x18D9	CMP AX,0x9	KEEP
1000:3e3a	MOV	op1	0x2CD7	0x45A7	MOV DI,0x2cd7	KEEP
1000:3e59	MOV	op1	0x2CE5	0x45B5	MOV DI,0x2ce5	KEEP
1000:3e63	MOV	op1	0x389C	0x516C	MOV DI,word ptr [0x389c]	KEEP
1000:3e6b	ADD	op1	0x002E	0x18FE	ADD DI,0x2e	KEEP
1000:3e91	MOV	op1	0x2CFA	0x45CA	MOV DI,0x2cfa	KEEP
1000:3eb1	MOV	op1	0x2D10	0x45E0	MOV DI,0x2d10	KEEP
1000:3ecf	MOV	op1	0x2D31	0x4601	MOV DI,0x2d31	KEEP
1000:3eed	MOV	op1	0x2D46	0x4616	MOV DI,0x2d46	KEEP
1000:3f0b	MOV	op1	0x2D5C	0x462C	MOV DI,0x2d5c	KEEP
1000:3f2f	MOV	op1	0x2D79	0x4649	MOV DI,0x2d79	KEEP
1000:3f4d	MOV	op1	0x2D99	0x4669	MOV DI,0x2d99	KEEP
1000:3f6b	MOV	op1	0x2DC5	0x4695	MOV DI,0x2dc5	KEEP
1000:3f89	MOV	op1	0x2DDA	0x46AA	MOV DI,0x2dda	KEEP
1000:3faa	ADD	op1	0x0004	0x18D4	ADD AX,0x4	KEEP
1000:3fb4	ADD	op1	0x0004	0x18D4	ADD AX,0x4	KEEP
1000:3fbb	CMP	op1	0x000A	0x18DA	CMP word ptr [BP + 0xfef2],0xa	KEEP
1000:3fc2	CMP	op1	0x0012	0x18E2	CMP word ptr [BP + 0xfef0],0x12	KEEP
1000:3fc9	CMP	op1	0x001C	0x18EC	CMP word ptr [BP + 0xfef2],0x1c	KEEP
1000:3fd4	SUB	op1	0x0012	0x18E2	SUB AX,0x12	KEEP
1000:3fdb	SUB	op1	0x0012	0x18E2	SUB word ptr [BP + 0xfef0],0x12	KEEP
1000:3fe2	MOV	op1	0x000A	0x18DA	MOV word ptr [BP + 0xfef2],0xa	KEEP
1000:3fef	ADD	op1	0x0004	0x18D4	ADD AX,0x4	KEEP
1000:3ff2	CMP	op1	0x0012	0x18E2	CMP AX,0x12	KEEP
1000:3ffa	ADD	op1	0x0004	0x18D4	ADD AX,0x4	KEEP
1000:3ffe	MOV	op1	0x0012	0x18E2	MOV CX,0x12	KEEP
1000:400a	MOV	op1	0x0012	0x18E2	MOV CX,0x12	KEEP
1000:4013	MOV	op1	0x2DEC	0x46BC	MOV DI,0x2dec	KEEP
1000:401e	MOV	op1	0x0012	0x18E2	MOV CX,0x12	KEEP
1000:4028	ADD	op1	0x0004	0x18D4	ADD AX,0x4	KEEP
1000:402d	MOV	op1	0x0012	0x18E2	MOV CX,0x12	KEEP
1000:404d	ADD	op1	0x0004	0x18D4	ADD AX,0x4	KEEP
1000:4057	ADD	op1	0x0004	0x18D4	ADD AX,0x4	KEEP
1000:405e	CMP	op1	0x000A	0x18DA	CMP word ptr [BP + 0xfef2],0xa	KEEP
1000:4065	CMP	op1	0x0012	0x18E2	CMP word ptr [BP + 0xfef0],0x12	KEEP
1000:406c	CMP	op1	0x001C	0x18EC	CMP word ptr [BP + 0xfef2],0x1c	KEEP
1000:4077	SUB	op1	0x0012	0x18E2	SUB AX,0x12	KEEP
1000:407e	SUB	op1	0x0012	0x18E2	SUB word ptr [BP + 0xfef0],0x12	KEEP
1000:4085	MOV	op1	0x000A	0x18DA	MOV word ptr [BP + 0xfef2],0xa	KEEP
1000:4092	ADD	op1	0x0004	0x18D4	ADD AX,0x4	KEEP
1000:4095	CMP	op1	0x0012	0x18E2	CMP AX,0x12	KEEP
1000:409d	ADD	op1	0x0004	0x18D4	ADD AX,0x4	KEEP
1000:40a1	MOV	op1	0x0012	0x18E2	MOV CX,0x12	KEEP
1000:40ad	MOV	op1	0x0012	0x18E2	MOV CX,0x12	KEEP
1000:40b6	MOV	op1	0x2E31	0x4701	MOV DI,0x2e31	KEEP
1000:40c1	MOV	op1	0x0012	0x18E2	MOV CX,0x12	KEEP
1000:40cb	ADD	op1	0x0004	0x18D4	ADD AX,0x4	KEEP
1000:40d0	MOV	op1	0x0012	0x18E2	MOV CX,0x12	KEEP
1000:4104	MOV	op1	0x2E74	0x4744	MOV DI,0x2e74	KEEP
1000:411d	CMP	op0	0x3C83	0x5553	CMP byte ptr [0x3c83],0x0	KEEP
1000:4131	MOV	op1	0x000A	0x18DA	MOV AX,0xa	KEEP
1000:4141	MOV	op1	0x0012	0x18E2	MOV AX,0x12	KEEP
1000:414a	CMP	op1	0x0000	0x18D0	CMP AX,0x0	KEEP
1000:414f	MOV	op1	0x2E92	0x4762	MOV DI,0x2e92	KEEP
1000:416b	CMP	op1	0x0001	0x18D1	CMP AX,0x1	KEEP
1000:4170	MOV	op1	0x2EAC	0x477C	MOV DI,0x2eac	KEEP
1000:418c	CMP	op1	0x0002	0x18D2	CMP AX,0x2	KEEP
1000:4191	MOV	op1	0x2EC1	0x4791	MOV DI,0x2ec1	KEEP
1000:41ad	CMP	op1	0x0003	0x18D3	CMP AX,0x3	KEEP
1000:41b2	MOV	op1	0x2EEE	0x47BE	MOV DI,0x2eee	KEEP
1000:41ce	CMP	op1	0x0004	0x18D4	CMP AX,0x4	KEEP
1000:41d9	MOV	op1	0x2F1E	0x47EE	MOV DI,0x2f1e	KEEP
1000:41e3	MOV	op1	0x389C	0x516C	MOV DI,word ptr [0x389c]	KEEP
1000:41eb	ADD	op1	0x002E	0x18FE	ADD DI,0x2e	KEEP
1000:41f6	MOV	op1	0x2F35	0x4805	MOV DI,0x2f35	KEEP
1000:4217	CMP	op1	0x0005	0x18D5	CMP AX,0x5	KEEP
1000:421c	MOV	op1	0x2F52	0x4822	MOV DI,0x2f52	KEEP
1000:4238	CMP	op1	0x0006	0x18D6	CMP AX,0x6	KEEP
1000:423d	MOV	op1	0x2F6D	0x483D	MOV DI,0x2f6d	KEEP
1000:4259	CMP	op1	0x0007	0x18D7	CMP AX,0x7	KEEP
1000:425e	MOV	op1	0x2FAA	0x487A	MOV DI,0x2faa	KEEP
1000:427a	CMP	op1	0x0008	0x18D8	CMP AX,0x8	KEEP
1000:427f	MOV	op1	0x2FD8	0x48A8	MOV DI,0x2fd8	KEEP
1000:4298	MOV	op1	0x2FFD	0x48CD	MOV DI,0x2ffd	KEEP
1000:42b4	CMP	op1	0x0009	0x18D9	CMP AX,0x9	KEEP
1000:42b9	MOV	op1	0x302C	0x48FC	MOV DI,0x302c	KEEP
1000:42d5	CMP	op1	0x000A	0x18DA	CMP AX,0xa	KEEP
1000:42da	MOV	op1	0x3088	0x4958	MOV DI,0x3088	KEEP
1000:42f6	CMP	op1	0x000B	0x18DB	CMP AX,0xb	KEEP
1000:42fb	MOV	op1	0x30A2	0x4972	MOV DI,0x30a2	KEEP
1000:4317	CMP	op1	0x000C	0x18DC	CMP AX,0xc	KEEP
1000:431c	MOV	op1	0x30BE	0x498E	MOV DI,0x30be	KEEP
1000:4338	CMP	op1	0x000D	0x18DD	CMP AX,0xd	KEEP
1000:433d	MOV	op1	0x30DE	0x49AE	MOV DI,0x30de	KEEP
1000:4359	CMP	op1	0x000E	0x18DE	CMP AX,0xe	KEEP
1000:435e	MOV	op1	0x30EF	0x49BF	MOV DI,0x30ef	KEEP
1000:4379	CMP	op1	0x000F	0x18DF	CMP AX,0xf	KEEP
1000:437e	MOV	op1	0x3105	0x49D5	MOV DI,0x3105	KEEP
1000:4399	CMP	op1	0x0010	0x18E0	CMP AX,0x10	KEEP
1000:439e	MOV	op1	0x312C	0x49FC	MOV DI,0x312c	KEEP
1000:43b9	CMP	op1	0x0011	0x18E1	CMP AX,0x11	KEEP
1000:43c4	MOV	op1	0x314D	0x4A1D	MOV DI,0x314d	KEEP
1000:43ce	MOV	op1	0x379C	0x506C	MOV DI,0x379c	KEEP
1000:43d8	MOV	op1	0x3166	0x4A36	MOV DI,0x3166	KEEP
1000:43f6	MOV	op1	0x3179	0x4A49	MOV DI,0x3179	KEEP
1000:4419	MOV	op1	0x00FF	0x19CF	MOV AX,0xff	KEEP
1000:444d	ADD	op1	0x0004	0x18D4	ADD AX,0x4	KEEP
1000:445c	MOV	op1	0x0064	0x1934	MOV AX,0x64	KEEP
1000:447f	CMP	op1	0x005A	0x192A	CMP word ptr [BP + 0xfeee],0x5a	KEEP
1000:44aa	ADD	op1	0x0001	0x18D1	ADD AX,0x1	KEEP
1000:44ad	ADC	op1	0x0000	0x18D0	ADC DX,0x0	KEEP
1000:44b4	MOV	op1	0x0064	0x1934	MOV AX,0x64	KEEP
1000:44df	MOV	op1	0x0003	0x18D3	MOV AX,0x3	KEEP
1000:44e8	CMP	op1	0x0000	0x18D0	CMP AX,0x0	KEEP
1000:44ed	MOV	op1	0x3184	0x4A54	MOV DI,0x3184	KEEP
1000:4508	CMP	op1	0x0001	0x18D1	CMP AX,0x1	KEEP
1000:450d	MOV	op1	0x3195	0x4A65	MOV DI,0x3195	KEEP
1000:4528	CMP	op1	0x0002	0x18D2	CMP AX,0x2	KEEP
1000:452d	MOV	op1	0x31AB	0x4A7B	MOV DI,0x31ab	KEEP
1000:454f	CMP	op1	0x0000	0x18D0	CMP word ptr [BP + 0xfef4],0x0	KEEP
1000:456d	ADD	op1	0x00C8	0x1998	ADD AX,0xc8	KEEP
1000:4591	MOV	op1	0x0002	0x18D2	MOV AX,0x2	KEEP
1000:45a5	MOV	op1	0x31BD	0x4A8D	MOV DI,0x31bd	KEEP
1000:45cc	MOV	op1	0x31EA	0x4ABA	MOV DI,0x31ea	KEEP
1000:45ea	MOV	op1	0x321A	0x4AEA	MOV DI,0x321a	KEEP
1000:460b	MOV	op1	0x3243	0x4B13	MOV DI,0x3243	KEEP
1000:4624	SUB	op1	0x0012	0x18E2	SUB word ptr [BP + 0xfef2],0x12	KEEP
1000:4629	CMP	op1	0x0000	0x18D0	CMP word ptr [0x3962],0x0	KEEP
1000:4632	CMP	op1	0x0000	0x18D0	CMP word ptr [BP + 0xfef2],0x0	KEEP
1000:4639	MOV	op1	0x3251	0x4B21	MOV DI,0x3251	KEEP
1000:4652	CMP	op1	0x0000	0x18D0	CMP word ptr [BP + 0xfef2],0x0	KEEP
1000:4659	CMP	op1	0x0000	0x18D0	CMP word ptr [0x3962],0x0	KEEP
1000:4666	ADD	op1	0x0004	0x18D4	ADD AX,0x4	KEEP
1000:4675	CMP	op1	0x0000	0x18D0	CMP word ptr [0x3962],0x0	KEEP
1000:467f	MOV	op1	0x0064	0x1934	MOV AX,0x64	KEEP
1000:46a2	CMP	op1	0x005A	0x192A	CMP word ptr [BP + 0xfeee],0x5a	KEEP
1000:46cd	ADD	op1	0x0001	0x18D1	ADD AX,0x1	KEEP
1000:46d0	ADC	op1	0x0000	0x18D0	ADC DX,0x0	KEEP
1000:46d7	MOV	op1	0x0064	0x1934	MOV AX,0x64	KEEP
1000:4702	MOV	op1	0x0003	0x18D3	MOV AX,0x3	KEEP
1000:470b	CMP	op1	0x0000	0x18D0	CMP AX,0x0	KEEP
1000:4710	MOV	op1	0x3282	0x4B52	MOV DI,0x3282	KEEP
1000:472b	CMP	op1	0x0001	0x18D1	CMP AX,0x1	KEEP
1000:4730	MOV	op1	0x3297	0x4B67	MOV DI,0x3297	KEEP
1000:474b	CMP	op1	0x0002	0x18D2	CMP AX,0x2	KEEP
1000:4750	MOV	op1	0x32AF	0x4B7F	MOV DI,0x32af	KEEP
1000:4772	CMP	op1	0x0000	0x18D0	CMP word ptr [BP + 0xfef4],0x0	KEEP
1000:4790	ADD	op1	0x00C8	0x1998	ADD AX,0xc8	KEEP
1000:47ba	MOV	op1	0x0002	0x18D2	MOV AX,0x2	KEEP
1000:47d5	MOV	op1	0x32C5	0x4B95	MOV DI,0x32c5	KEEP
1000:47fa	MOV	op1	0x0004	0x18D4	MOV AX,0x4	KEEP
1000:4807	MOV	op1	0x32E1	0x4BB1	MOV DI,0x32e1	KEEP
1000:4827	MOV	op1	0x3315	0x4BE5	MOV DI,0x3315	KEEP
1000:4842	CMP	op0	0x38B1	0x5181	CMP byte ptr [0x38b1],0x0	KEEP
1000:4849	MOV	op1	0x3338	0x4C08	MOV DI,0x3338	KEEP
1000:4862	MOV	op0	0x38B1	0x5181	MOV byte ptr [0x38b1],0x1	KEEP
1000:4867	MOV	op1	0x3351	0x4C21	MOV DI,0x3351	KEEP
1000:4888	MOV	op1	0x3379	0x4C49	MOV DI,0x3379	KEEP
1000:48a1	SUB	op1	0x0012	0x18E2	SUB word ptr [BP + 0xfef2],0x12	KEEP
1000:48a6	CMP	op1	0x0000	0x18D0	CMP word ptr [BP + 0xfef2],0x0	KEEP
1000:48ad	MOV	op1	0x3389	0x4C59	MOV DI,0x3389	KEEP
1000:48c6	CMP	op1	0x0000	0x18D0	CMP word ptr [BP + 0xfef2],0x0	KEEP
1000:48cd	CMP	op1	0x0000	0x18D0	CMP word ptr [0x38ac],0x0	KEEP
1000:48dc	MOV	op1	0x33BB	0x4C8B	MOV DI,0x33bb	KEEP
1000:48eb	CMP	op0	0x3C83	0x5553	CMP byte ptr [0x3c83],0x1	KEEP
1000:48f2	MOV	op1	0x33BF	0x4C8F	MOV DI,0x33bf	KEEP
1000:490e	CMP	op0	0x38B1	0x5181	CMP byte ptr [0x38b1],0x1	KEEP
1000:4915	MOV	op1	0x33F6	0x4CC6	MOV DI,0x33f6	KEEP
1000:4931	CMP	op1	0x0000	0x18D0	CMP word ptr [0x38a6],0x0	KEEP
1000:493b	MOV	op1	0x341F	0x4CEF	MOV DI,0x341f	KEEP
1000:496a	MOV	op1	0x00FF	0x19CF	MOV AX,0xff	KEEP
1000:4982	MOV	op1	0x0001	0x18D1	MOV word ptr [BP + -0x6],0x1	KEEP
1000:499a	MOV	op1	0x343C	0x4D0C	MOV DI,0x343c	KEEP
1000:49bb	MOV	op1	0x0002	0x18D2	MOV CX,0x2	KEEP
1000:49c1	CMP	op1	0x0001	0x18D1	CMP AX,0x1	KEEP
1000:49ee	MOV	op1	0x3447	0x4D17	MOV DI,0x3447	KEEP
1000:4a17	MOV	op1	0x3456	0x4D26	MOV DI,0x3456	KEEP
1000:4a30	SUB	op1	0x0005	0x18D5	SUB word ptr [0x38ae],0x5	KEEP
1000:4a54	MOV	op1	0x3466	0x4D36	MOV DI,0x3466	KEEP
1000:4a6f	CMP	op1	0x0002	0x18D2	CMP word ptr [BP + -0x6],0x2	KEEP
1000:4a87	CMP	op0	0x389C	0x516C	CMP word ptr [0x389c],0x5	KEEP
1000:4a87	CMP	op1	0x0005	0x18D5	CMP word ptr [0x389c],0x5	KEEP
1000:4a94	MOV	op1	0x000A	0x18DA	MOV DX,0xa	KEEP
1000:4aa0	CMP	op1	0x0003	0x18D3	CMP AX,0x3	KEEP
1000:4aaa	MOV	op1	0x3472	0x4D42	MOV DI,0x3472	KEEP
1000:4ac7	SUB	op1	0x000A	0x18DA	SUB word ptr [0x38d0],0xa	KEEP
1000:4ade	MOV	op1	0x349F	0x4D6F	MOV DI,0x349f	KEEP
1000:4b08	MOV	op1	0x34B1	0x4D81	MOV DI,0x34b1	KEEP
1000:4b1e	MOV	op1	0x34B5	0x4D85	MOV DI,0x34b5	KEEP
1000:4b44	CMP	op0	0x38C5	0x5195	CMP word ptr [0x38c5],0x0	KEEP
1000:4b44	CMP	op1	0x0000	0x18D0	CMP word ptr [0x38c5],0x0	KEEP
1000:4b4e	DEC	op0	0x38C5	0x5195	DEC word ptr [0x38c5]	KEEP
1000:4b57	ADD	op1	0x0002	0x18D2	ADD word ptr [0x389e],0x2	KEEP
1000:4b60	ADD	op1	0x0002	0x18D2	ADD word ptr [0x38aa],0x2	KEEP
1000:4b6c	CMP	op1	0x000A	0x18DA	CMP AX,0xa	KEEP
1000:4b71	MOV	op1	0x34E4	0x4DB4	MOV DI,0x34e4	KEEP
1000:4b95	MOV	op1	0x34FD	0x4DCD	MOV DI,0x34fd	KEEP
1000:4ba2	PUSH	op0	0x38C5	0x5195	PUSH word ptr [0x38c5]	KEEP
1000:4bb3	ADD	op1	0x000A	0x18DA	ADD word ptr [0x38ac],0xa	KEEP
1000:4bb8	MOV	op1	0x3520	0x4DF0	MOV DI,0x3520	KEEP
1000:4bbd	MOV	op1	0x000A	0x18DA	MOV AX,0xa	KEEP
1000:4bc9	PUSH	op0	0x38C5	0x5195	PUSH word ptr [0x38c5]	KEEP
1000:4bd5	MOV	op1	0x3559	0x4E29	MOV DI,0x3559	KEEP
1000:4bf0	MOV	op1	0x3564	0x4E34	MOV DI,0x3564	KEEP
1000:4c0b	MOV	op1	0x3579	0x4E49	MOV DI,0x3579	KEEP
1000:4c64	CMP	op1	0x0001	0x18D1	CMP word ptr [0x3c80],0x1	KEEP
1000:4c80	CMP	op1	0x0003	0x18D3	CMP word ptr [0x3c80],0x3	KEEP
1000:4c87	MOV	op1	0x35A6	0x4E76	MOV DI,0x35a6	KEEP
1000:4cc0	MOV	op1	0x000A	0x18DA	MOV DX,0xa	KEEP
1000:4cc5	ADD	op1	0x000A	0x18DA	ADD AX,0xa	KEEP
1000:4cc8	CMP	op1	0x38CB	0x519B	CMP AX,word ptr [0x38cb]	KEEP
1000:4cce	CMP	op1	0x0000	0x18D0	CMP word ptr [0x3c80],0x0	KEEP
1000:4cd5	MOV	op1	0x0001	0x18D1	MOV word ptr [0x3c80],0x1	KEEP
1000:4ce2	MOV	op1	0x0003	0x18D3	MOV word ptr [0x3c80],0x3	KEEP
1000:4ce8	MOV	op1	0x35C8	0x4E98	MOV DI,0x35c8	KEEP
1000:4d0a	MOV	op1	0x35E9	0x4EB9	MOV DI,0x35e9	KEEP
1000:4d25	MOV	op1	0x360F	0x4EDF	MOV DI,0x360f	KEEP
1000:4d3e	CMP	op1	0x0000	0x18D0	CMP word ptr [0x3c80],0x0	KEEP
1000:4d45	CMP	op1	0x0003	0x18D3	CMP word ptr [0x3c80],0x3	KEEP
1000:4d4c	MOV	op1	0x363D	0x4F0D	MOV DI,0x363d	KEEP
1000:4d51	MOV	op1	0x0003	0x18D3	MOV AX,0x3	KEEP
1000:4d6c	CMP	op1	0x0003	0x18D3	CMP word ptr [0x3c80],0x3	KEEP
1000:4d7a	MOV	op1	0x3670	0x4F40	MOV DI,0x3670	KEEP
1000:4d93	CMP	op1	0x0000	0x18D0	CMP word ptr [0x3962],0x0	KEEP
1000:4d9d	CMP	op1	0x0003	0x18D3	CMP word ptr [0x3c80],0x3	KEEP
1000:4dd5	MOV	op1	0x0003	0x18D3	MOV CX,0x3	KEEP
1000:4dde	CMP	op1	0x0000	0x18D0	CMP word ptr [BP + 0xfef4],0x0	KEEP
1000:4df3	MOV	op1	0x3681	0x4F51	MOV DI,0x3681	KEEP
1000:4e12	MOV	op1	0x0002	0x18D2	MOV AX,0x2	KEEP
1000:4e23	CMP	op1	0x0003	0x18D3	CMP word ptr [0x3c80],0x3	KEEP
1000:4e2a	MOV	op1	0x36AB	0x4F7B	MOV DI,0x36ab	KEEP
1000:4e43	CMP	op1	0x0007	0x18D7	CMP word ptr [0x3c80],0x7	KEEP
1000:4e4f	MOV	op1	0x36BD	0x4F8D	MOV DI,0x36bd	KEEP
1000:4e75	SUB	op0	0x38CB	0x519B	SUB word ptr [0x38cb],AX	KEEP
1000:4e79	CMP	op0	0x38CB	0x519B	CMP word ptr [0x38cb],0x0	KEEP
1000:4e79	CMP	op1	0x0000	0x18D0	CMP word ptr [0x38cb],0x0	KEEP
1000:4e85	MOV	op1	0x36D6	0x4FA6	MOV DI,0x36d6	KEEP
1000:4eca	MOV	op1	0x3716	0x4FE6	MOV DI,0x3716	KEEP
1000:4ee6	CMP	op1	0x0000	0x18D0	CMP word ptr [0x394f],0x0	KEEP
1000:4ef1	MOV	op1	0x0032	0x1902	MOV AX,0x32	KEEP
1000:4f14	MOV	op1	0x000A	0x18DA	MOV AX,0xa	KEEP
1000:4f1d	ADD	op1	0x0014	0x18E4	ADD AX,0x14	KEEP
1000:4f2c	MOV	op1	0x373C	0x500C	MOV DI,0x373c	KEEP
1000:4f4e	MOV	op1	0x3789	0x5059	MOV DI,0x3789	KEEP
1000:4f69	MOV	op1	0x37A5	0x5075	MOV DI,0x37a5	KEEP
1000:4f82	CMP	op1	0x0000	0x18D0	CMP word ptr [0x38ac],0x0	KEEP
1000:4f8c	CMP	op0	0x3C83	0x5553	CMP byte ptr [0x3c83],0x1	KEEP
1000:4f93	MOV	op1	0x37CC	0x509C	MOV DI,0x37cc	KEEP
1000:4fc4	CMP	op0	0x38CB	0x519B	CMP word ptr [0x38cb],0xa	KEEP
1000:4fc4	CMP	op1	0x000A	0x18DA	CMP word ptr [0x38cb],0xa	KEEP
1000:4fce	MOV	op1	0x380F	0x50DF	MOV DI,0x380f	KEEP
1000:4fe7	SUB	op0	0x38CB	0x519B	SUB word ptr [0x38cb],0xa	KEEP
1000:4fe7	SUB	op1	0x000A	0x18DA	SUB word ptr [0x38cb],0xa	KEEP
1000:4ff5	MOV	op1	0x0083	0x1953	MOV CX,0x83	KEEP
1000:5002	MOV	op1	0x0082	0x1952	MOV CX,0x82	KEEP
1000:5025	CMP	op0	0x38B1	0x5181	CMP byte ptr [0x38b1],0x1	KEEP
1000:502c	SUB	op1	0x0007	0x18D7	SUB word ptr [0x38c7],0x7	KEEP
1000:5036	MOV	op0	0x38B1	0x5181	MOV byte ptr [0x38b1],0x0	KEEP
1000:503b	CMP	op1	0x0000	0x18D0	CMP word ptr [0x38c7],0x0	KEEP
1000:5042	MOV	op1	0x38CB	0x519B	MOV AX,[0x38cb]	KEEP
1000:5049	MOV	op0	0x38CB	0x519B	MOV [0x38cb],AX	KEEP
1000:5053	MOV	op1	0x3857	0x5127	MOV DI,0x3857	KEEP
1000:507b	CMP	op1	0x0000	0x18D0	CMP word ptr [0x3962],0x0	KEEP
1000:5085	CMP	op0	0x0004	0x18D4	CMP byte ptr [BP + 0x4],0x4	KEEP
1000:509a	MOV	op1	0x3862	0x5132	MOV DI,0x3862	KEEP
1000:50b8	MOV	op1	0x3894	0x5164	MOV DI,0x3894	KEEP
1000:50d6	MOV	op1	0x38BD	0x518D	MOV DI,0x38bd	KEEP
1000:50f4	MOV	op1	0x38F6	0x51C6	MOV DI,0x38f6	KEEP
1000:5112	MOV	op1	0x3915	0x51E5	MOV DI,0x3915	KEEP
1000:5139	CMP	op0	0x0004	0x18D4	CMP byte ptr [BP + 0x4],0x3	KEEP
1000:514b	MOV	op1	0x3924	0x51F4	MOV DI,0x3924	KEEP
1000:5169	MOV	op1	0x3965	0x5235	MOV DI,0x3965	KEEP
1000:5189	MOV	op1	0x3980	0x5250	MOV DI,0x3980	KEEP
1000:51a6	CMP	op0	0x0004	0x18D4	CMP byte ptr [BP + 0x4],0x3	KEEP
1000:51ac	CMP	op0	0x0004	0x18D4	CMP byte ptr [BP + 0x4],0x4	KEEP
1000:51b4	MOV	op1	0x398D	0x525D	MOV DI,0x398d	KEEP
1000:51f6	CMP	op0	0x0004	0x18D4	CMP byte ptr [BP + 0x4],0x3	KEEP
1000:51fc	CMP	op0	0x0004	0x18D4	CMP byte ptr [BP + 0x4],0x4	KEEP
1000:5202	MOV	op1	0x39BA	0x528A	MOV DI,0x39ba	KEEP
1000:521b	MOV	op1	0x39F8	0x52C8	MOV DI,0x39f8	KEEP
1000:5253	MOV	op1	0x3A2E	0x52FE	MOV DI,0x3a2e	KEEP
1000:526c	ADD	op1	0x0005	0x18D5	ADD word ptr [0x38ac],0x5	KEEP
1000:5284	MOV	op1	0x0003	0x18D3	MOV CX,0x3	KEEP
1000:5291	ADD	op0	0x38CB	0x519B	ADD word ptr [0x38cb],AX	KEEP
1000:52a2	MOV	op1	0x000A	0x18DA	MOV DX,0xa	KEEP
1000:52ae	CMP	op1	0x0003	0x18D3	CMP AX,0x3	KEEP
1000:52b8	MOV	op1	0x3A41	0x5311	MOV DI,0x3a41	KEEP
1000:52d1	MOV	op1	0x001E	0x18EE	MOV AX,0x1e	KEEP
1000:52e1	CMP	op0	0x38BF	0x518F	CMP byte ptr [0x38bf],0x0	KEEP
1000:52f6	MOV	op1	0x3A8E	0x535E	MOV DI,0x3a8e	KEEP
1000:530f	CMP	op0	0x38BF	0x518F	CMP byte ptr [0x38bf],0x0	KEEP
1000:5316	MOV	op1	0x3AB9	0x5389	MOV DI,0x3ab9	KEEP
1000:533f	ADD	op1	0x0006	0x18D6	ADD word ptr [0x38ae],0x6	KEEP
1000:5344	ADD	op1	0x0006	0x18D6	ADD word ptr [0x38ac],0x6	KEEP
1000:5351	MOV	op1	0x0002	0x18D2	MOV CX,0x2	KEEP
1000:5359	MOV	op1	0x0001	0x18D1	MOV AX,0x1	KEEP
1000:5362	MOV	op0	0x38BF	0x518F	MOV byte ptr [0x38bf],0x1	KEEP
1000:5371	MOV	op1	0x3AD3	0x53A3	MOV DI,0x3ad3	KEEP
1000:538a	ADD	op1	0x0004	0x18D4	ADD word ptr [0x389e],0x4	KEEP
1000:538f	ADD	op1	0x0004	0x18D4	ADD word ptr [0x38a0],0x4	KEEP
1000:5394	ADD	op1	0x0004	0x18D4	ADD word ptr [0x38a2],0x4	KEEP
1000:5399	ADD	op1	0x0004	0x18D4	ADD word ptr [0x38a4],0x4	KEEP
1000:539e	ADD	op1	0x0018	0x18E8	ADD word ptr [0x38ae],0x18	KEEP
1000:53a3	ADD	op1	0x0018	0x18E8	ADD word ptr [0x38ac],0x18	KEEP
1000:53a8	ADD	op1	0x0004	0x18D4	ADD word ptr [0x38aa],0x4	KEEP
1000:53ad	ADD	op1	0x0002	0x18D2	ADD word ptr [0x38a8],0x2	KEEP
1000:53c0	MOV	op1	0x3AE4	0x53B4	MOV DI,0x3ae4	KEEP
1000:53d9	MOV	op1	0x3B0D	0x53DD	MOV DI,0x3b0d	KEEP
1000:53fc	MOV	op1	0x0019	0x18E9	MOV DX,0x19	KEEP
1000:541e	CMP	op1	0x0002	0x18D2	CMP AX,0x2	KEEP
1000:5423	MOV	op1	0x0003	0x18D3	MOV AX,0x3	KEEP
1000:542c	ADD	op0	0x38C5	0x5195	ADD word ptr [0x38c5],AX	KEEP
1000:5430	MOV	op1	0x3B3B	0x540B	MOV DI,0x3b3b	KEEP
1000:544e	MOV	op1	0x0028	0x18F8	MOV DX,0x28	KEEP
1000:5476	CMP	op1	0x0001	0x18D1	CMP AX,0x1	KEEP
1000:547e	MOV	op1	0x0003	0x18D3	MOV AX,0x3	KEEP
1000:5487	CMP	op1	0x0000	0x18D0	CMP AX,0x0	KEEP
1000:548c	CMP	op0	0x38BD	0x518D	CMP byte ptr [0x38bd],0x0	KEEP
1000:5493	ADD	op1	0x0002	0x18D2	ADD word ptr [0x38a4],0x2	KEEP
1000:5498	MOV	op1	0x3B53	0x5423	MOV DI,0x3b53	KEEP
1000:54b1	MOV	op0	0x38BD	0x518D	MOV byte ptr [0x38bd],0x1	KEEP
1000:54b8	CMP	op1	0x0001	0x18D1	CMP AX,0x1	KEEP
1000:54c8	MOV	op1	0x3B70	0x5440	MOV DI,0x3b70	KEEP
1000:54e8	CMP	op1	0x0002	0x18D2	CMP AX,0x2	KEEP
1000:54f4	MOV	op1	0x3B9C	0x546C	MOV DI,0x3b9c	KEEP
1000:5515	CMP	op1	0x0003	0x18D3	CMP AX,0x3	KEEP
1000:551a	CMP	op1	0x0004	0x18D4	CMP AX,0x4	KEEP
1000:551f	CMP	op1	0x0005	0x18D5	CMP AX,0x5	KEEP
1000:5524	CMP	op1	0x0006	0x18D6	CMP AX,0x6	KEEP
1000:552c	MOV	op1	0x0002	0x18D2	MOV AX,0x2	KEEP
1000:5535	CMP	op1	0x0000	0x18D0	CMP AX,0x0	KEEP
1000:5546	MOV	op1	0x3BAE	0x547E	MOV DI,0x3bae	KEEP
1000:5574	ADD	op1	0x0002	0x18D2	ADD word ptr [0x38a8],0x2	KEEP
1000:5579	ADD	op1	0x0002	0x18D2	ADD word ptr [0x38aa],0x2	KEEP
1000:5580	MOV	op1	0x3BCA	0x549A	MOV DI,0x3bca	KEEP
1000:559b	CMP	op1	0x0001	0x18D1	CMP AX,0x1	KEEP
1000:55ac	MOV	op1	0x3BEF	0x54BF	MOV DI,0x3bef	KEEP
1000:55da	ADD	op1	0x0002	0x18D2	ADD word ptr [0x38a8],0x2	KEEP
1000:55df	ADD	op1	0x0002	0x18D2	ADD word ptr [0x38aa],0x2	KEEP
1000:55e6	ADD	op1	0x0004	0x18D4	ADD word ptr [0x38a8],0x4	KEEP
1000:55eb	ADD	op1	0x0004	0x18D4	ADD word ptr [0x38aa],0x4	KEEP
1000:55f2	MOV	op1	0x3BCA	0x549A	MOV DI,0x3bca	KEEP
1000:560e	CMP	op1	0x0007	0x18D7	CMP AX,0x7	KEEP
1000:5613	MOV	op1	0x0002	0x18D2	MOV AX,0x2	KEEP
1000:561c	CMP	op1	0x0000	0x18D0	CMP AX,0x0	KEEP
1000:562d	MOV	op1	0x3C14	0x54E4	MOV DI,0x3c14	KEEP
1000:5648	CMP	op1	0x0001	0x18D1	CMP AX,0x1	KEEP
1000:5654	MOV	op1	0x3B9C	0x546C	MOV DI,0x3b9c	KEEP
1000:5675	CMP	op1	0x0009	0x18D9	CMP AX,0x9	KEEP
1000:567d	MOV	op1	0x0002	0x18D2	MOV AX,0x2	KEEP
1000:5686	CMP	op1	0x0000	0x18D0	CMP AX,0x0	KEEP
1000:569d	MOV	op1	0x3C2C	0x54FC	MOV DI,0x3c2c	KEEP
1000:56cf	ADD	op1	0x0004	0x18D4	ADD word ptr [0x38a8],0x4	KEEP
1000:56d4	ADD	op1	0x0004	0x18D4	ADD word ptr [0x38aa],0x4	KEEP
1000:56e0	ADD	op1	0x0002	0x18D2	ADD word ptr [0x38a8],0x2	KEEP
1000:56e5	ADD	op1	0x0002	0x18D2	ADD word ptr [0x38aa],0x2	KEEP
1000:56ff	ADD	op1	0x0006	0x18D6	ADD word ptr [0x38a8],0x6	KEEP
1000:5704	ADD	op1	0x0006	0x18D6	ADD word ptr [0x38aa],0x6	KEEP
1000:5710	MOV	op1	0x3C46	0x5516	MOV DI,0x3c46	KEEP
1000:572c	CMP	op1	0x0001	0x18D1	CMP AX,0x1	KEEP
1000:5743	MOV	op1	0x3C6B	0x553B	MOV DI,0x3c6b	KEEP
1000:577c	ADD	op1	0x0007	0x18D7	ADD word ptr [0x38a8],0x7	KEEP
1000:5781	ADD	op1	0x0007	0x18D7	ADD word ptr [0x38aa],0x7	KEEP
1000:5794	ADD	op1	0x0005	0x18D5	ADD word ptr [0x38a8],0x5	KEEP
1000:5799	ADD	op1	0x0005	0x18D5	ADD word ptr [0x38aa],0x5	KEEP
1000:57a5	ADD	op1	0x0003	0x18D3	ADD word ptr [0x38a8],0x3	KEEP
1000:57aa	ADD	op1	0x0003	0x18D3	ADD word ptr [0x38aa],0x3	KEEP
1000:57c4	ADD	op1	0x0009	0x18D9	ADD word ptr [0x38a8],0x9	KEEP
1000:57c9	ADD	op1	0x0009	0x18D9	ADD word ptr [0x38aa],0x9	KEEP
1000:57ce	CMP	op0	0x0004	0x18D4	CMP byte ptr [BP + 0x4],0x6	KEEP
1000:57d9	MOV	op1	0x0014	0x18E4	MOV DX,0x14	KEEP
1000:57de	ADD	op0	0x38CB	0x519B	ADD word ptr [0x38cb],AX	KEEP
1000:57e2	MOV	op1	0x3C99	0x5569	MOV DI,0x3c99	KEEP
1000:57ec	MOV	op1	0x0014	0x18E4	MOV DX,0x14	KEEP
1000:5803	MOV	op1	0x3CE9	0x55B9	MOV DI,0x3ce9	KEEP
1000:580d	MOV	op1	0x000A	0x18DA	MOV DX,0xa	KEEP
1000:5829	MOV	op1	0x000A	0x18DA	MOV DX,0xa	KEEP
1000:5849	RET	op0	0x0002	0x18D2	RET 0x2	KEEP
1000:5f58	MOV	op1	0x0100	0x19D0	MOV AX,0x100	KEEP
1000:5f60	SUB	op1	0x0100	0x19D0	SUB SP,0x100	KEEP
1000:5f6a	MOV	op1	0x584C	0x711C	MOV DI,0x584c	KEEP
1000:5f74	MOV	op1	0x389C	0x516C	MOV DI,word ptr [0x389c]	KEEP
1000:5f7c	ADD	op1	0x002E	0x18FE	ADD DI,0x2e	KEEP
1000:5f91	MOV	op1	0x379C	0x506C	MOV DI,0x379c	KEEP
1000:5f9b	MOV	op1	0x585C	0x712C	MOV DI,0x585c	KEEP
1000:5fb9	MOV	op1	0x5870	0x7140	MOV DI,0x5870	KEEP
1000:5fd8	MOV	op1	0x589C	0x716C	MOV DI,0x589c	KEEP
1000:5fe2	MOV	op1	0x389C	0x516C	MOV DI,word ptr [0x389c]	KEEP
1000:5fea	ADD	op1	0x002E	0x18FE	ADD DI,0x2e	KEEP
1000:6013	MOV	op1	0x58AB	0x717B	MOV DI,0x58ab	KEEP
1000:6018	MOV	op1	0x389C	0x516C	MOV DI,word ptr [0x389c]	KEEP
1000:6020	MOV	op1	0x0002	0x18D2	MOV AL,byte ptr [DI + 0x2]	KEEP
1000:6038	MOV	op1	0x58F9	0x71C9	MOV DI,0x58f9	KEEP
1000:603d	MOV	op1	0x389C	0x516C	MOV DI,word ptr [0x389c]	KEEP
1000:6045	MOV	op1	0x0002	0x18D2	MOV AL,byte ptr [DI + 0x2]	KEEP
1000:605d	MOV	op1	0x5945	0x7215	MOV DI,0x5945	KEEP
1000:608f	MOV	op1	0x5973	0x7243	MOV DI,0x5973	KEEP
1000:60a8	MOV	op1	0x59A6	0x7276	MOV DI,0x59a6	KEEP
1000:60c1	MOV	op1	0x59E9	0x72B9	MOV DI,0x59e9	KEEP
1000:60da	MOV	op1	0x5A03	0x72D3	MOV DI,0x5a03	KEEP
1000:60f3	MOV	op1	0x5A28	0x72F8	MOV DI,0x5a28	KEEP
1000:610c	MOV	op1	0x5A2C	0x72FC	MOV DI,0x5a2c	KEEP
1000:6125	MOV	op1	0x5A4E	0x731E	MOV DI,0x5a4e	KEEP
1000:613e	MOV	op1	0x5A89	0x7359	MOV DI,0x5a89	KEEP
1000:6157	MOV	op1	0x5AA8	0x7378	MOV DI,0x5aa8	KEEP
1000:6189	MOV	op1	0x5AE0	0x73B0	MOV DI,0x5ae0	KEEP
1000:61a2	MOV	op1	0x5B23	0x73F3	MOV DI,0x5b23	KEEP
1000:61c2	MOV	op1	0x5B6D	0x743D	MOV DI,0x5b6d	KEEP
1000:61db	MOV	op1	0x5BAD	0x747D	MOV DI,0x5bad	KEEP
1000:61f4	MOV	op1	0x5BD6	0x74A6	MOV DI,0x5bd6	KEEP
1000:620d	MOV	op1	0x5C25	0x74F5	MOV DI,0x5c25	KEEP
1000:6226	MOV	op1	0x5C4E	0x751E	MOV DI,0x5c4e	KEEP
1000:623f	MOV	op1	0x5CA0	0x7570	MOV DI,0x5ca0	KEEP
1000:6258	MOV	op1	0x5CEF	0x75BF	MOV DI,0x5cef	KEEP
1000:6271	MOV	op1	0x5D3F	0x760F	MOV DI,0x5d3f	KEEP
1000:628a	MOV	op1	0x5D91	0x7661	MOV DI,0x5d91	KEEP
1000:62a3	MOV	op1	0x5DBF	0x768F	MOV DI,0x5dbf	KEEP
1000:62bc	MOV	op1	0x5E0E	0x76DE	MOV DI,0x5e0e	KEEP
1000:62d5	MOV	op1	0x5E28	0x76F8	MOV DI,0x5e28	KEEP
1000:62ee	MOV	op1	0x5E60	0x7730	MOV DI,0x5e60	KEEP
1000:6307	MOV	op1	0x5EB1	0x7781	MOV DI,0x5eb1	KEEP
1000:6320	MOV	op1	0x5F02	0x77D2	MOV DI,0x5f02	KEEP
1000:6a10	MOV	op1	0x0200	0x1AD0	MOV AX,0x200	KEEP
1000:6a18	SUB	op1	0x0200	0x1AD0	SUB SP,0x200	KEEP
1000:6a29	MOV	op1	0x00FF	0x19CF	MOV AX,0xff	KEEP
1000:6a51	MOV	op1	0x00FF	0x19CF	MOV AX,0xff	KEEP
1000:6a77	MOV	op1	0x633F	0x7C0F	MOV DI,0x633f	KEEP
1000:6a81	MOV	op1	0x003F	0x190F	MOV AX,0x3f	KEEP
1000:6a8f	CMP	op1	0x0000	0x18D0	CMP word ptr [0x3eb6],0x0	KEEP
1000:6aa0	MOV	op1	0x634B	0x7C1B	MOV DI,0x634b	KEEP
1000:6aca	MOV	op1	0x6351	0x7C21	MOV DI,0x6351	KEEP
1000:6ae8	MOV	op1	0x6363	0x7C33	MOV DI,0x6363	KEEP
1000:6b0d	MOV	op1	0x636B	0x7C3B	MOV DI,0x636b	KEEP
1000:6b3d	MOV	op1	0x6399	0x7C69	MOV DI,0x6399	KEEP
1000:6b84	MOV	op1	0x3C84	0x5554	MOV DI,0x3c84	KEEP
1000:6b99	MOV	op1	0x63D0	0x7CA0	MOV DI,0x63d0	KEEP
1000:6bb7	MOV	op1	0x63D7	0x7CA7	MOV DI,0x63d7	KEEP
1000:6bc6	MOV	op1	0x3C84	0x5554	MOV DI,0x3c84	KEEP
1000:6bef	MOV	op1	0x3C7C	0x554C	MOV DI,0x3c7c	KEEP
1000:6bfc	MOV	op1	0x3C84	0x5554	MOV DI,0x3c84	KEEP
1000:6c0b	ADD	op1	0x0004	0x18D4	ADD SP,0x4	KEEP
1000:6c0e	MOV	op1	0x3C84	0x5554	MOV DI,0x3c84	KEEP
1000:6c1e	MOV	op1	0x63DC	0x7CAC	MOV DI,0x63dc	KEEP
1000:6c6f	MOV	op1	0x63F2	0x7CC2	MOV DI,0x63f2	KEEP
1000:6c83	MOV	op1	0x0001	0x18D1	MOV AX,0x1	KEEP
1000:6ca7	ADD	op1	0x0004	0x18D4	ADD SP,0x4	KEEP
1000:6cb9	ADD	op1	0x0004	0x18D4	ADD SP,0x4	KEEP
1000:6ccb	ADD	op1	0x0004	0x18D4	ADD SP,0x4	KEEP
1000:6cdd	ADD	op1	0x0004	0x18D4	ADD SP,0x4	KEEP
1000:6cef	ADD	op1	0x0004	0x18D4	ADD SP,0x4	KEEP
1000:6d01	ADD	op1	0x0004	0x18D4	ADD SP,0x4	KEEP
1000:6d13	ADD	op1	0x0004	0x18D4	ADD SP,0x4	KEEP
1000:6d20	MOV	op1	0x63FD	0x7CCD	MOV DI,0x63fd	KEEP
1000:6d45	CMP	op0	0x389C	0x516C	CMP word ptr [0x389c],0x3	KEEP
1000:6d45	CMP	op1	0x0003	0x18D3	CMP word ptr [0x389c],0x3	KEEP
1000:6d56	CMP	op0	0x389C	0x516C	CMP word ptr [0x389c],0x3	KEEP
1000:6d56	CMP	op1	0x0003	0x18D3	CMP word ptr [0x389c],0x3	KEEP
1000:6d67	CMP	op0	0x389C	0x516C	CMP word ptr [0x389c],0x5	KEEP
1000:6d67	CMP	op1	0x0005	0x18D5	CMP word ptr [0x389c],0x5	KEEP
1000:6d73	MOV	op1	0x6413	0x7CE3	MOV DI,0x6413	KEEP
1000:6d97	MOV	op1	0x000A	0x18DA	MOV CX,0xa	KEEP
1000:6da5	MOV	op1	0x6451	0x7D21	MOV DI,0x6451	KEEP
1000:6dcd	MOV	op1	0x6489	0x7D59	MOV DI,0x6489	KEEP
1000:6dd7	MOV	op1	0x00FF	0x19CF	MOV AX,0xff	KEEP
1000:6de0	MOV	op1	0x000A	0x18DA	MOV word ptr [0x38d0],0xa	KEEP
1000:6de6	MOV	op1	0x64B1	0x7D81	MOV DI,0x64b1	KEEP
1000:6e04	MOV	op1	0x64C2	0x7D92	MOV DI,0x64c2	KEEP
1000:6e1d	MOV	op1	0x64E4	0x7DB4	MOV DI,0x64e4	KEEP
1000:6e36	MOV	op1	0x6504	0x7DD4	MOV DI,0x6504	KEEP
1000:6e4f	MOV	op1	0x653B	0x7E0B	MOV DI,0x653b	KEEP
1000:6e6d	MOV	op1	0x6545	0x7E15	MOV DI,0x6545	KEEP
1000:6e8b	MOV	op1	0x657D	0x7E4D	MOV DI,0x657d	KEEP
1000:6ea9	MOV	op1	0x658E	0x7E5E	MOV DI,0x658e	KEEP
1000:6ec7	MOV	op1	0x65D0	0x7EA0	MOV DI,0x65d0	KEEP
1000:6ef4	MOV	op1	0x660B	0x7EDB	MOV DI,0x660b	KEEP
1000:6f0d	MOV	op1	0x664F	0x7F1F	MOV DI,0x664f	KEEP
1000:6f2b	MOV	op1	0x6697	0x7F67	MOV DI,0x6697	KEEP
1000:6f44	MOV	op1	0x66AE	0x7F7E	MOV DI,0x66ae	KEEP
1000:6f5d	MOV	op1	0x66B6	0x7F86	MOV DI,0x66b6	KEEP
1000:6f76	MOV	op1	0x66C2	0x7F92	MOV DI,0x66c2	KEEP
1000:6f8f	MOV	op1	0x66CB	0x7F9B	MOV DI,0x66cb	KEEP
1000:6fa8	MOV	op1	0x66D1	0x7FA1	MOV DI,0x66d1	KEEP
1000:6fcb	MOV	op1	0x00FF	0x19CF	MOV AX,0xff	KEEP
1000:6fe3	MOV	op1	0x3C7C	0x554C	MOV DI,0x3c7c	KEEP
1000:6fed	MOV	op0	0x389C	0x516C	MOV [0x389c],AX	KEEP
1000:6ff0	CMP	op0	0x389C	0x516C	CMP word ptr [0x389c],0x4	KEEP
1000:6ff0	CMP	op1	0x0004	0x18D4	CMP word ptr [0x389c],0x4	KEEP
1000:6ffc	MOV	op0	0x389C	0x516C	MOV [0x389c],AX	KEEP
1000:700e	MOV	op1	0x66E0	0x7FB0	MOV DI,0x66e0	KEEP
1000:7027	MOV	op1	0x6718	0x7FE8	MOV DI,0x6718	KEEP
1000:7040	MOV	op1	0x675A	0x802A	MOV DI,0x675a	KEEP
1000:7059	MOV	op1	0x6789	0x8059	MOV DI,0x6789	KEEP
1000:7081	MOV	op1	0x67BE	0x808E	MOV DI,0x67be	KEEP
1000:709a	MOV	op1	0x66AE	0x7F7E	MOV DI,0x66ae	KEEP
1000:70b3	MOV	op1	0x66B6	0x7F86	MOV DI,0x66b6	KEEP
1000:70cc	MOV	op1	0x66C2	0x7F92	MOV DI,0x66c2	KEEP
1000:70e5	MOV	op1	0x66CB	0x7F9B	MOV DI,0x66cb	KEEP
1000:7108	MOV	op1	0x00FF	0x19CF	MOV AX,0xff	KEEP
1000:7120	MOV	op1	0x3C7C	0x554C	MOV DI,0x3c7c	KEEP
1000:712a	MOV	op0	0x389C	0x516C	MOV [0x389c],AX	KEEP
1000:712d	CMP	op0	0x389C	0x516C	CMP word ptr [0x389c],0x0	KEEP
1000:712d	CMP	op1	0x0000	0x18D0	CMP word ptr [0x389c],0x0	KEEP
1000:7134	CMP	op0	0x389C	0x516C	CMP word ptr [0x389c],0x3	KEEP
1000:7134	CMP	op1	0x0003	0x18D3	CMP word ptr [0x389c],0x3	KEEP
1000:713d	MOV	op0	0x389C	0x516C	MOV [0x389c],AX	KEEP
1000:7140	MOV	op1	0x389C	0x516C	MOV AX,[0x389c]	KEEP
1000:7143	CMP	op1	0x0001	0x18D1	CMP AX,0x1	KEEP
1000:7148	MOV	op1	0x0005	0x18D5	MOV word ptr [0x389e],0x5	KEEP
1000:714e	MOV	op1	0x0002	0x18D2	MOV word ptr [0x38a0],0x2	KEEP
1000:7154	MOV	op1	0x0004	0x18D4	MOV word ptr [0x38a2],0x4	KEEP
1000:715a	MOV	op1	0x0001	0x18D1	MOV word ptr [0x38a4],0x1	KEEP
1000:7162	CMP	op1	0x0002	0x18D2	CMP AX,0x2	KEEP
1000:7167	MOV	op1	0x0004	0x18D4	MOV word ptr [0x389e],0x4	KEEP
1000:716d	MOV	op1	0x0003	0x18D3	MOV word ptr [0x38a0],0x3	KEEP
1000:7173	MOV	op1	0x0003	0x18D3	MOV word ptr [0x38a2],0x3	KEEP
1000:7179	MOV	op1	0x0002	0x18D2	MOV word ptr [0x38a4],0x2	KEEP
1000:7181	CMP	op1	0x0003	0x18D3	CMP AX,0x3	KEEP
1000:7186	MOV	op1	0x0003	0x18D3	MOV word ptr [0x389e],0x3	KEEP
1000:718c	MOV	op1	0x0003	0x18D3	MOV word ptr [0x38a0],0x3	KEEP
1000:7192	MOV	op1	0x0002	0x18D2	MOV word ptr [0x38a2],0x2	KEEP
1000:7198	MOV	op1	0x0004	0x18D4	MOV word ptr [0x38a4],0x4	KEEP
1000:71a0	MOV	op1	0x0003	0x18D3	MOV word ptr [0x389e],0x3	KEEP
1000:71a6	MOV	op1	0x0003	0x18D3	MOV word ptr [0x38a0],0x3	KEEP
1000:71ac	MOV	op1	0x0003	0x18D3	MOV word ptr [0x38a2],0x3	KEEP
1000:71b2	MOV	op1	0x0003	0x18D3	MOV word ptr [0x38a4],0x3	KEEP
1000:71b8	ADD	op0	0x389C	0x516C	ADD word ptr [0x389c],0x3	KEEP
1000:71b8	ADD	op1	0x0003	0x18D3	ADD word ptr [0x389c],0x3	KEEP
1000:71c8	ADD	op1	0x000A	0x18DA	ADD AX,0xa	KEEP
1000:71dc	MOV	op1	0x0002	0x18D2	MOV CX,0x2	KEEP
1000:71ea	MOV	op1	0x67D1	0x80A1	MOV DI,0x67d1	KEEP
1000:7208	MOV	op1	0x379C	0x506C	MOV DI,0x379c	KEEP
1000:720d	MOV	op1	0x00FF	0x19CF	MOV AX,0xff	KEEP
1000:7220	CMP	op0	0x379C	0x506C	CMP byte ptr [0x379c],0x0	KEEP
1000:7227	MOV	op1	0x67E4	0x80B4	MOV DI,0x67e4	KEEP
1000:722c	MOV	op1	0x379C	0x506C	MOV DI,0x379c	KEEP
1000:7231	MOV	op1	0x00FF	0x19CF	MOV AX,0xff	KEEP
1000:7240	MOV	op1	0x67F2	0x80C2	MOV DI,0x67f2	KEEP
1000:724a	MOV	op1	0x379C	0x506C	MOV DI,0x379c	KEEP
1000:7254	MOV	op1	0x379C	0x506C	MOV DI,0x379c	KEEP
1000:7259	MOV	op1	0x00FF	0x19CF	MOV AX,0xff	KEEP
1000:7269	MOV	op1	0x67F6	0x80C6	MOV DI,0x67f6	KEEP
1000:7282	MOV	op1	0x6819	0x80E9	MOV DI,0x6819	KEEP
1000:72a2	MOV	op1	0x6849	0x8119	MOV DI,0x6849	KEEP
1000:72bb	MOV	op1	0x6872	0x8142	MOV DI,0x6872	KEEP
1000:72db	MOV	op1	0x6891	0x8161	MOV DI,0x6891	KEEP
1000:72f4	MOV	op1	0x68B8	0x8188	MOV DI,0x68b8	KEEP
1000:7313	MOV	op1	0x68E0	0x81B0	MOV DI,0x68e0	KEEP
1000:732c	MOV	op1	0x68FB	0x81CB	MOV DI,0x68fb	KEEP
1000:734b	MOV	op1	0x6925	0x81F5	MOV DI,0x6925	KEEP
1000:7364	MOV	op0	0x3C83	0x5553	MOV byte ptr [0x3c83],0x1	KEEP
1000:7370	MOV	op1	0x6949	0x8219	MOV DI,0x6949	KEEP
1000:7389	MOV	op1	0x6985	0x8255	MOV DI,0x6985	KEEP
1000:73a2	MOV	op1	0x69BD	0x828D	MOV DI,0x69bd	KEEP
1000:73bb	MOV	op1	0x389C	0x516C	MOV AX,[0x389c]	KEEP
1000:73be	CMP	op1	0x0005	0x18D5	CMP AX,0x5	KEEP
1000:73ca	CMP	op1	0x0003	0x18D3	CMP AX,0x3	KEEP
1000:73db	CMP	op1	0x0006	0x18D6	CMP AX,0x6	KEEP
1000:753b	MOV	op1	0x0200	0x1AD0	MOV AX,0x200	KEEP
1000:7543	SUB	op1	0x0200	0x1AD0	SUB SP,0x200	KEEP
1000:7547	MOV	op1	0x73EE	0x8CBE	MOV DI,0x73ee	KEEP
1000:7565	MOV	op1	0x7425	0x8CF5	MOV DI,0x7425	KEEP
1000:7583	MOV	op1	0x745D	0x8D2D	MOV DI,0x745d	KEEP
1000:758d	MOV	op1	0x0019	0x18E9	MOV DX,0x19	KEEP
1000:75a9	MOV	op1	0x7492	0x8D62	MOV DI,0x7492	KEEP
1000:75cd	MOV	op1	0x00FF	0x19CF	MOV AX,0xff	KEEP
1000:7605	MOV	op1	0x0032	0x1902	MOV DX,0x32	KEEP
1000:7618	MOV	op1	0x0032	0x1902	MOV DX,0x32	KEEP
1000:7621	MOV	op1	0x3C84	0x5554	MOV DI,0x3c84	KEEP
1000:7636	MOV	op1	0x74AB	0x8D7B	MOV DI,0x74ab	KEEP
1000:7645	MOV	op1	0x3C84	0x5554	MOV DI,0x3c84	KEEP
1000:7653	MOV	op1	0x3C84	0x5554	MOV DI,0x3c84	KEEP
1000:7662	ADD	op1	0x0004	0x18D4	ADD SP,0x4	KEEP
1000:7665	MOV	op1	0x3C84	0x5554	MOV DI,0x3c84	KEEP
1000:7684	MOV	op1	0x74B7	0x8D87	MOV DI,0x74b7	KEEP
1000:7698	MOV	op1	0x0001	0x18D1	MOV AX,0x1	KEEP
1000:76b0	ADD	op1	0x0004	0x18D4	ADD SP,0x4	KEEP
1000:76c2	ADD	op1	0x0004	0x18D4	ADD SP,0x4	KEEP
1000:76d4	ADD	op1	0x0004	0x18D4	ADD SP,0x4	KEEP
1000:76e6	ADD	op1	0x0004	0x18D4	ADD SP,0x4	KEEP
1000:76f8	ADD	op1	0x0004	0x18D4	ADD SP,0x4	KEEP
1000:770a	ADD	op1	0x0004	0x18D4	ADD SP,0x4	KEEP
1000:771c	ADD	op1	0x0004	0x18D4	ADD SP,0x4	KEEP
1000:7729	MOV	op1	0x74C2	0x8D92	MOV DI,0x74c2	KEEP
1000:7744	MOV	op1	0x74F1	0x8DC1	MOV DI,0x74f1	KEEP
1000:775f	MOV	op1	0x750C	0x8DDC	MOV DI,0x750c	KEEP
1000:7c6a	MOV	op1	0x0100	0x19D0	MOV AX,0x100	KEEP
1000:7c72	SUB	op1	0x0100	0x19D0	SUB SP,0x100	KEEP
1000:7c7d	MOV	op1	0x777C	0x904C	MOV DI,0x777c	KEEP
1000:7c96	MOV	op1	0x77B3	0x9083	MOV DI,0x77b3	KEEP
1000:7cb4	MOV	op1	0x77CF	0x909F	MOV DI,0x77cf	KEEP
1000:7ccd	MOV	op1	0x77E4	0x90B4	MOV DI,0x77e4	KEEP
1000:7cf5	MOV	op1	0x777C	0x904C	MOV DI,0x777c	KEEP
1000:7d13	MOV	op1	0x77B3	0x9083	MOV DI,0x77b3	KEEP
1000:7d31	MOV	op1	0x7810	0x90E0	MOV DI,0x7810	KEEP
1000:7d4f	MOV	op1	0x7857	0x9127	MOV DI,0x7857	KEEP
1000:7d6d	MOV	op1	0x787D	0x914D	MOV DI,0x787d	KEEP
1000:7d8b	MOV	op1	0x78A9	0x9179	MOV DI,0x78a9	KEEP
1000:7da9	MOV	op1	0x78CA	0x919A	MOV DI,0x78ca	KEEP
1000:7dd5	MOV	op1	0x777C	0x904C	MOV DI,0x777c	KEEP
1000:7df3	MOV	op1	0x77B3	0x9083	MOV DI,0x77b3	KEEP
1000:7e11	MOV	op1	0x7904	0x91D4	MOV DI,0x7904	KEEP
1000:7e2f	MOV	op1	0x7917	0x91E7	MOV DI,0x7917	KEEP
1000:7e4d	MOV	op1	0x794A	0x921A	MOV DI,0x794a	KEEP
1000:7e6b	MOV	op1	0x7964	0x9234	MOV DI,0x7964	KEEP
1000:7e89	MOV	op1	0x799D	0x926D	MOV DI,0x799d	KEEP
1000:7ea7	MOV	op1	0x79C6	0x9296	MOV DI,0x79c6	KEEP
1000:7ecb	MOV	op1	0x79E0	0x92B0	MOV DI,0x79e0	KEEP
1000:7ed5	MOV	op1	0x379C	0x506C	MOV DI,0x379c	KEEP
1000:7edf	MOV	op1	0x79F4	0x92C4	MOV DI,0x79f4	KEEP
1000:7ee9	MOV	op1	0x389C	0x516C	MOV DI,word ptr [0x389c]	KEEP
1000:7ef1	ADD	op1	0x002E	0x18FE	ADD DI,0x2e	KEEP
1000:7efc	MOV	op1	0x79F8	0x92C8	MOV DI,0x79f8	KEEP
1000:7f1f	MOV	op1	0x7A01	0x92D1	MOV DI,0x7a01	KEEP
1000:7f3d	MOV	op1	0x7A08	0x92D8	MOV DI,0x7a08	KEEP
1000:7f5f	MOV	op1	0x0005	0x18D5	MOV AX,0x5	KEEP
1000:7f68	CMP	op1	0x0000	0x18D0	CMP AX,0x0	KEEP
1000:7f70	MOV	op1	0x7A3C	0x930C	MOV DI,0x7a3c	KEEP
1000:7f94	MOV	op1	0x7A5D	0x932D	MOV DI,0x7a5d	KEEP
1000:7fb1	MOV	op1	0x7A67	0x9337	MOV DI,0x7a67	KEEP
1000:7ff3	CMP	op1	0x0001	0x18D1	CMP AX,0x1	KEEP
1000:7ffb	MOV	op1	0x0004	0x18D4	MOV AX,0x4	KEEP
1000:8004	CMP	op1	0x0000	0x18D0	CMP AX,0x0	KEEP
1000:8009	MOV	op1	0x7A70	0x9340	MOV DI,0x7a70	KEEP
1000:8036	MOV	op1	0x0002	0x18D2	MOV CX,0x2	KEEP
1000:803e	MOV	op1	0x0001	0x18D1	MOV AX,0x1	KEEP
1000:8049	CMP	op1	0x0001	0x18D1	CMP AX,0x1	KEEP
1000:804e	MOV	op1	0x7A8C	0x935C	MOV DI,0x7a8c	KEEP
1000:806d	CMP	op1	0x0002	0x18D2	CMP AX,0x2	KEEP
1000:8072	MOV	op1	0x7AAD	0x937D	MOV DI,0x7aad	KEEP
1000:808f	ADD	op1	0x0005	0x18D5	ADD word ptr [0x38ae],0x5	KEEP
1000:8094	ADD	op1	0x0005	0x18D5	ADD word ptr [0x38ac],0x5	KEEP
1000:809b	CMP	op1	0x0003	0x18D3	CMP AX,0x3	KEEP
1000:80a0	MOV	op1	0x7AD1	0x93A1	MOV DI,0x7ad1	KEEP
1000:80c0	CMP	op1	0x0002	0x18D2	CMP AX,0x2	KEEP
1000:80c8	MOV	op1	0x7AEF	0x93BF	MOV DI,0x7aef	KEEP
1000:80e1	CMP	op0	0x38BF	0x518F	CMP byte ptr [0x38bf],0x0	KEEP
1000:80e8	MOV	op1	0x7B03	0x93D3	MOV DI,0x7b03	KEEP
1000:8111	ADD	op1	0x0006	0x18D6	ADD word ptr [0x38ae],0x6	KEEP
1000:8116	ADD	op1	0x0006	0x18D6	ADD word ptr [0x38ac],0x6	KEEP
1000:8123	MOV	op1	0x0002	0x18D2	MOV CX,0x2	KEEP
1000:812b	MOV	op1	0x0001	0x18D1	MOV AX,0x1	KEEP
1000:8134	MOV	op0	0x38BF	0x518F	MOV byte ptr [0x38bf],0x1	KEEP
1000:8143	MOV	op1	0x7B1D	0x93ED	MOV DI,0x7b1d	KEEP
1000:815c	ADD	op1	0x0004	0x18D4	ADD word ptr [0x389e],0x4	KEEP
1000:8161	ADD	op1	0x0004	0x18D4	ADD word ptr [0x38a0],0x4	KEEP
1000:8166	ADD	op1	0x0004	0x18D4	ADD word ptr [0x38a2],0x4	KEEP
1000:816b	ADD	op1	0x0004	0x18D4	ADD word ptr [0x38a4],0x4	KEEP
1000:8170	ADD	op1	0x0018	0x18E8	ADD word ptr [0x38ae],0x18	KEEP
1000:8175	ADD	op1	0x0018	0x18E8	ADD word ptr [0x38ac],0x18	KEEP
1000:817a	ADD	op1	0x0004	0x18D4	ADD word ptr [0x38aa],0x4	KEEP
1000:817f	ADD	op1	0x0002	0x18D2	ADD word ptr [0x38a8],0x2	KEEP
1000:8192	MOV	op1	0x7B4F	0x941F	MOV DI,0x7b4f	KEEP
1000:81ab	MOV	op1	0x7B78	0x9448	MOV DI,0x7b78	KEEP
1000:81cb	CMP	op1	0x0003	0x18D3	CMP AX,0x3	KEEP
1000:81d0	MOV	op1	0x7BA6	0x9476	MOV DI,0x7ba6	KEEP
1000:81ef	CMP	op1	0x0004	0x18D4	CMP AX,0x4	KEEP
1000:81f4	MOV	op1	0x7BC3	0x9493	MOV DI,0x7bc3	KEEP
1000:8212	MOV	op1	0x0032	0x1902	MOV DX,0x32	KEEP
1000:8217	ADD	op1	0x0032	0x1902	ADD AX,0x32	KEEP
1000:821a	ADD	op0	0x38CB	0x519B	ADD word ptr [0x38cb],AX	KEEP
1000:821e	MOV	op1	0x7BFC	0x94CC	MOV DI,0x7bfc	KEEP
1000:8228	MOV	op1	0x0032	0x1902	MOV DX,0x32	KEEP
1000:822d	ADD	op1	0x0032	0x1902	ADD AX,0x32	KEEP
1000:824e	MOV	op1	0x7C08	0x94D8	MOV DI,0x7c08	KEEP
1000:8269	MOV	op1	0x7C3D	0x950D	MOV DI,0x7c3d	KEEP
1000:8296	MOV	op1	0x7C54	0x9524	MOV DI,0x7c54	KEEP
1000:ab66	MOV	op1	0x0200	0x1AD0	MOV AX,0x200	KEEP
1000:ab6e	SUB	op1	0x0200	0x1AD0	SUB SP,0x200	KEEP
1000:ab7a	MOV	op1	0x000A	0x18DA	MOV DX,0xa	KEEP
1000:aba0	CMP	op0	0x389C	0x516C	CMP word ptr [0x389c],0x3	KEEP
1000:aba0	CMP	op1	0x0003	0x18D3	CMP word ptr [0x389c],0x3	KEEP
1000:abb1	CMP	op0	0x389C	0x516C	CMP word ptr [0x389c],0x3	KEEP
1000:abb1	CMP	op1	0x0003	0x18D3	CMP word ptr [0x389c],0x3	KEEP
1000:abc2	CMP	op0	0x389C	0x516C	CMP word ptr [0x389c],0x5	KEEP
1000:abc2	CMP	op1	0x0005	0x18D5	CMP word ptr [0x389c],0x5	KEEP
1000:abd8	MOV	op1	0x82B3	0x9B83	MOV DI,0x82b3	KEEP
1000:abf1	MOV	op1	0x82FD	0x9BCD	MOV DI,0x82fd	KEEP
1000:ac2d	MOV	op1	0x00FF	0x19CF	MOV AX,0xff	KEEP
1000:ac6f	MOV	op1	0x00FF	0x19CF	MOV AX,0xff	KEEP
1000:ac78	MOV	op1	0x3C84	0x5554	MOV DI,0x3c84	KEEP
1000:ac8d	MOV	op1	0x8325	0x9BF5	MOV DI,0x8325	KEEP
1000:aca1	MOV	op1	0x832C	0x9BFC	MOV DI,0x832c	KEEP
1000:acb0	MOV	op1	0x3C84	0x5554	MOV DI,0x3c84	KEEP
1000:acbe	MOV	op1	0x3C84	0x5554	MOV DI,0x3c84	KEEP
1000:accd	ADD	op1	0x0004	0x18D4	ADD SP,0x4	KEEP
1000:acd0	MOV	op1	0x3C84	0x5554	MOV DI,0x3c84	KEEP
1000:ace0	MOV	op1	0x8331	0x9C01	MOV DI,0x8331	KEEP
1000:acf4	MOV	op1	0x832C	0x9BFC	MOV DI,0x832c	KEEP
1000:ad19	MOV	op1	0x8346	0x9C16	MOV DI,0x8346	KEEP
1000:ad32	MOV	op1	0x836F	0x9C3F	MOV DI,0x836f	KEEP
1000:ad52	MOV	op1	0x838E	0x9C5E	MOV DI,0x838e	KEEP
1000:ad6b	MOV	op1	0x83B5	0x9C85	MOV DI,0x83b5	KEEP
1000:ad8b	MOV	op1	0x83DD	0x9CAD	MOV DI,0x83dd	KEEP
1000:ada4	MOV	op1	0x83F8	0x9CC8	MOV DI,0x83f8	KEEP
1000:adc3	MOV	op1	0x8422	0x9CF2	MOV DI,0x8422	KEEP
1000:ade1	MOV	op1	0x8446	0x9D16	MOV DI,0x8446	KEEP
1000:adfa	MOV	op1	0x847E	0x9D4E	MOV DI,0x847e	KEEP
1000:ae13	MOV	op0	0x3C83	0x5553	MOV byte ptr [0x3c83],0x1	KEEP
1000:ae18	CMP	op0	0x3C83	0x5553	CMP byte ptr [0x3c83],0x1	KEEP
1000:ae5f	MOV	op1	0x00FF	0x19CF	MOV AX,0xff	KEEP
1000:ae92	MOV	op1	0x8490	0x9D60	MOV DI,0x8490	KEEP
1000:aeb3	SUB	op1	0x0002	0x18D2	SUB word ptr [0x389e],0x2	KEEP
1000:aebc	SUB	op1	0x0002	0x18D2	SUB word ptr [0x38aa],0x2	KEEP
1000:aec1	MOV	op1	0x8494	0x9D64	MOV DI,0x8494	KEEP
1000:aedf	MOV	op1	0x8490	0x9D60	MOV DI,0x8490	KEEP
1000:aeeb	MOV	op1	0x84AD	0x9D7D	MOV DI,0x84ad	KEEP
1000:af09	MOV	op1	0x000A	0x18DA	MOV DX,0xa	KEEP
1000:af44	MOV	op1	0x84BE	0x9D8E	MOV DI,0x84be	KEEP
1000:af64	MOV	op1	0x0014	0x18E4	MOV AX,0x14	KEEP
1000:af8a	MOV	op1	0x850B	0x9DDB	MOV DI,0x850b	KEEP
1000:af94	MOV	op1	0x379C	0x506C	MOV DI,0x379c	KEEP
1000:af9e	MOV	op1	0x851A	0x9DEA	MOV DI,0x851a	KEEP
1000:afc3	MOV	op1	0x0014	0x18E4	MOV AX,0x14	KEEP
1000:afdc	CMP	op0	0x38CB	0x519B	CMP word ptr [0x38cb],0x64	KEEP
1000:afdc	CMP	op1	0x0064	0x1934	CMP word ptr [0x38cb],0x64	KEEP
1000:aff0	MOV	op1	0x850B	0x9DDB	MOV DI,0x850b	KEEP
1000:affa	MOV	op1	0x379C	0x506C	MOV DI,0x379c	KEEP
1000:b004	MOV	op1	0x854A	0x9E1A	MOV DI,0x854a	KEEP
1000:b02c	MOV	op1	0x00C8	0x1998	MOV AX,0xc8	KEEP
1000:b03c	MOV	op1	0x8574	0x9E44	MOV DI,0x8574	KEEP
1000:b060	MOV	op1	0x8588	0x9E58	MOV DI,0x8588	KEEP
1000:b06a	MOV	op1	0x379C	0x506C	MOV DI,0x379c	KEEP
1000:b097	MOV	op1	0x8595	0x9E65	MOV DI,0x8595	KEEP
1000:b0b5	MOV	op1	0x85AD	0x9E7D	MOV DI,0x85ad	KEEP
1000:b0d8	MOV	op1	0x0064	0x1934	MOV AX,0x64	KEEP
1000:b0ec	MOV	op1	0x85DE	0x9EAE	MOV DI,0x85de	KEEP
1000:b105	MOV	op1	0x861C	0x9EEC	MOV DI,0x861c	KEEP
1000:b12c	MOV	op1	0x8635	0x9F05	MOV DI,0x8635	KEEP
1000:b153	MOV	op1	0x8680	0x9F50	MOV DI,0x8680	KEEP
1000:b182	MOV	op1	0x000A	0x18DA	MOV AX,0xa	KEEP
1000:b19b	MOV	op1	0x86BB	0x9F8B	MOV DI,0x86bb	KEEP
1000:b1b4	MOV	op1	0x000A	0x18DA	MOV AX,0xa	KEEP
1000:b1cd	MOV	op1	0x86E2	0x9FB2	MOV DI,0x86e2	KEEP
1000:b1e6	MOV	op1	0x0064	0x1934	MOV AX,0x64	KEEP
1000:b1ff	MOV	op1	0x86F4	0x9FC4	MOV DI,0x86f4	KEEP
1000:b218	MOV	op1	0x0064	0x1934	MOV AX,0x64	KEEP
1000:b231	MOV	op1	0x872E	0x9FFE	MOV DI,0x872e	KEEP
1000:b25a	ADD	op1	0x0003	0x18D3	ADD word ptr [0x38ac],0x3	KEEP
1000:b26e	MOV	op1	0x0014	0x18E4	MOV AX,0x14	KEEP
1000:b282	CMP	op0	0x38B1	0x5181	CMP byte ptr [0x38b1],0x0	KEEP
1000:b289	MOV	op0	0x38B1	0x5181	MOV byte ptr [0x38b1],0x0	KEEP
1000:b28e	MOV	op1	0x8773	0xA043	MOV DI,0x8773	KEEP
1000:b2b3	MOV	op1	0x879B	0xA06B	MOV DI,0x879b	KEEP
1000:b2cc	MOV	op1	0x389C	0x516C	MOV AX,[0x389c]	KEEP
1000:b2cf	CMP	op1	0x0004	0x18D4	CMP AX,0x4	KEEP
1000:b2e3	CMP	op1	0x0005	0x18D5	CMP AX,0x5	KEEP
1000:b2ea	CMP	op1	0x0006	0x18D6	CMP AX,0x6	KEEP
1000:b2f4	MOV	op1	0x0014	0x18E4	MOV DX,0x14	KEEP
1000:b331	MOV	op1	0x87C6	0xA096	MOV DI,0x87c6	KEEP
1000:b34d	MOV	op1	0x0005	0x18D5	MOV AX,0x5	KEEP
1000:b39a	MOV	op1	0x00C8	0x1998	MOV AX,0xc8	KEEP
1000:b3aa	MOV	op1	0x0064	0x1934	MOV AX,0x64	KEEP
1000:b3e2	MOV	op1	0x87E5	0xA0B5	MOV DI,0x87e5	KEEP
1000:b402	MOV	op1	0x881B	0xA0EB	MOV DI,0x881b	KEEP
1000:b422	MOV	op1	0x8843	0xA113	MOV DI,0x8843	KEEP
1000:b442	MOV	op1	0x8858	0xA128	MOV DI,0x8858	KEEP
1000:b46c	MOV	op1	0x886F	0xA13F	MOV DI,0x886f	KEEP
1000:b48c	MOV	op1	0x8886	0xA156	MOV DI,0x8886	KEEP
1000:b4ac	MOV	op1	0x88A0	0xA170	MOV DI,0x88a0	KEEP
1000:b4cc	MOV	op1	0x88B5	0xA185	MOV DI,0x88b5	KEEP
1000:b4f9	MOV	op1	0x88CE	0xA19E	MOV DI,0x88ce	KEEP
1000:b51c	MOV	op1	0x00FF	0x19CF	MOV AX,0xff	KEEP
1000:b54a	MOV	op1	0x0002	0x18D2	MOV AX,0x2	KEEP
1000:b557	MOV	op1	0x88FB	0xA1CB	MOV DI,0x88fb	KEEP
1000:b577	MOV	op1	0x8934	0xA204	MOV DI,0x8934	KEEP
1000:b592	MOV	op1	0x897C	0xA24C	MOV DI,0x897c	KEEP
1000:b5c0	CMP	op1	0x0008	0x18D8	CMP word ptr [0x3952],0x8	KEEP
1000:b5cf	MOV	op1	0x0007	0x18D7	MOV DX,0x7	KEEP
1000:b5d4	ADD	op1	0x000F	0x18DF	ADD AX,0xf	KEEP
1000:b5da	CMP	op0	0x38BC	0x518C	CMP byte ptr [0x38bc],0x1	KEEP
1000:b5e5	MOV	op1	0x0002	0x18D2	MOV CX,0x2	KEEP
1000:b60a	CMP	op1	0x0003	0x18D3	CMP word ptr [0x3952],0x3	KEEP
1000:b614	CMP	op1	0x0007	0x18D7	CMP word ptr [0x3952],0x7	KEEP
1000:b624	MOV	op1	0x8997	0xA267	MOV DI,0x8997	KEEP
1000:b636	ADD	op1	0x002E	0x18FE	ADD DI,0x2e	KEEP
1000:b641	MOV	op1	0x899F	0xA26F	MOV DI,0x899f	KEEP
1000:b66a	MOV	op1	0x00FF	0x19CF	MOV AX,0xff	KEEP
1000:b6a6	MOV	op1	0x8997	0xA267	MOV DI,0x8997	KEEP
1000:b6b8	ADD	op1	0x002E	0x18FE	ADD DI,0x2e	KEEP
1000:b6c3	MOV	op1	0x89BA	0xA28A	MOV DI,0x89ba	KEEP
1000:b6ec	MOV	op1	0x00FF	0x19CF	MOV AX,0xff	KEEP
1000:b721	MOV	op1	0x0002	0x18D2	MOV AX,0x2	KEEP
1000:b72e	MOV	op1	0x89EB	0xA2BB	MOV DI,0x89eb	KEEP
1000:b74e	MOV	op1	0x89FE	0xA2CE	MOV DI,0x89fe	KEEP
1000:b76a	MOV	op1	0x8A0B	0xA2DB	MOV DI,0x8a0b	KEEP
1000:b789	MOV	op1	0x0007	0x18D7	MOV DX,0x7	KEEP
1000:b78e	ADD	op1	0x000F	0x18DF	ADD AX,0xf	KEEP
1000:b7ab	MOV	op1	0x8A30	0xA300	MOV DI,0x8a30	KEEP
1000:b7cd	MOV	op1	0x8A6C	0xA33C	MOV DI,0x8a6c	KEEP
1000:b7e6	MOV	op1	0x8ABA	0xA38A	MOV DI,0x8aba	KEEP
1000:b801	MOV	op1	0x8AE2	0xA3B2	MOV DI,0x8ae2	KEEP
1000:b83d	MOV	op1	0x0007	0x18D7	MOV AX,0x7	KEEP
1000:b84a	MOV	op1	0x8AED	0xA3BD	MOV DI,0x8aed	KEEP
1000:b86d	MOV	op1	0x0007	0x18D7	MOV AX,0x7	KEEP
1000:b883	MOV	op1	0x8997	0xA267	MOV DI,0x8997	KEEP
1000:b88d	MOV	op1	0x0007	0x18D7	MOV AX,0x7	KEEP
1000:b89c	ADD	op1	0x002E	0x18FE	ADD DI,0x2e	KEEP
1000:b8a7	MOV	op1	0x899F	0xA26F	MOV DI,0x899f	KEEP
1000:b8b6	MOV	op1	0x000A	0x18DA	MOV DX,0xa	KEEP
1000:b8de	MOV	op1	0x00FF	0x19CF	MOV AX,0xff	KEEP
1000:b8f1	MOV	op1	0x8B19	0xA3E9	MOV DI,0x8b19	KEEP
1000:b90c	MOV	op1	0x8B48	0xA418	MOV DI,0x8b48	KEEP
1000:b927	MOV	op1	0x8B48	0xA418	MOV DI,0x8b48	KEEP
1000:b945	MOV	op1	0x8B5C	0xA42C	MOV DI,0x8b5c	KEEP
1000:b968	MOV	op1	0x8B60	0xA430	MOV DI,0x8b60	KEEP
1000:b981	MOV	op1	0x8B8E	0xA45E	MOV DI,0x8b8e	KEEP
1000:b99a	MOV	op1	0x8BBD	0xA48D	MOV DI,0x8bbd	KEEP
1000:b9d0	MOV	op1	0x8BD2	0xA4A2	MOV DI,0x8bd2	KEEP
1000:b9ee	MOV	op1	0x8BDC	0xA4AC	MOV DI,0x8bdc	KEEP
1000:ba2c	MOV	op1	0x8BF4	0xA4C4	MOV DI,0x8bf4	KEEP
1000:ba4a	MOV	op1	0x8BFE	0xA4CE	MOV DI,0x8bfe	KEEP
1000:ba5a	MOV	op1	0x0005	0x18D5	MOV AX,0x5	KEEP
1000:ba89	MOV	op1	0x8C11	0xA4E1	MOV DI,0x8c11	KEEP
1000:baa7	MOV	op1	0x8C1B	0xA4EB	MOV DI,0x8c1b	KEEP
1000:bae5	MOV	op1	0x8C4B	0xA51B	MOV DI,0x8c4b	KEEP
1000:bb03	MOV	op1	0x8C55	0xA525	MOV DI,0x8c55	KEEP
1000:bb41	MOV	op1	0x8C95	0xA565	MOV DI,0x8c95	KEEP
1000:bb5f	MOV	op1	0x8C9F	0xA56F	MOV DI,0x8c9f	KEEP
1000:bba7	MOV	op1	0x8CC9	0xA599	MOV DI,0x8cc9	KEEP
1000:bbc5	MOV	op1	0x8CD3	0xA5A3	MOV DI,0x8cd3	KEEP
1000:bc03	MOV	op1	0x8D19	0xA5E9	MOV DI,0x8d19	KEEP
1000:bc21	MOV	op1	0x8D23	0xA5F3	MOV DI,0x8d23	KEEP
1000:bc66	MOV	op1	0x8D63	0xA633	MOV DI,0x8d63	KEEP
1000:bc84	MOV	op1	0x8D6D	0xA63D	MOV DI,0x8d6d	KEEP
1000:bcc9	MOV	op1	0x8D90	0xA660	MOV DI,0x8d90	KEEP
1000:bce7	MOV	op1	0x8D9A	0xA66A	MOV DI,0x8d9a	KEEP
1000:bd08	MOV	op1	0x8DC1	0xA691	MOV DI,0x8dc1	KEEP
1000:bd2b	MOV	op1	0x00FF	0x19CF	MOV AX,0xff	KEEP
1000:bd63	MOV	op1	0x8DCC	0xA69C	MOV DI,0x8dcc	KEEP
1000:bd93	MOV	op1	0x8DFA	0xA6CA	MOV DI,0x8dfa	KEEP
1000:bdb7	MOV	op1	0x0002	0x18D2	MOV AX,0x2	KEEP
1000:bdc0	ADD	op1	0x0003	0x18D3	ADD AX,0x3	KEEP
1000:bdd6	MOV	op1	0x8E23	0xA6F3	MOV DI,0x8e23	KEEP
1000:bdf1	MOV	op1	0x8E37	0xA707	MOV DI,0x8e37	KEEP
1000:be29	MOV	op1	0x8E4D	0xA71D	MOV DI,0x8e4d	KEEP
1000:be4d	MOV	op1	0x0003	0x18D3	MOV AX,0x3	KEEP
1000:be56	CMP	op1	0x0000	0x18D0	CMP AX,0x0	KEEP
1000:be5b	MOV	op1	0x8E5A	0xA72A	MOV DI,0x8e5a	KEEP
1000:be76	CMP	op1	0x0001	0x18D1	CMP AX,0x1	KEEP
1000:be7b	MOV	op1	0x8E7C	0xA74C	MOV DI,0x8e7c	KEEP
1000:be96	CMP	op1	0x0002	0x18D2	CMP AX,0x2	KEEP
1000:be9b	MOV	op1	0x8E93	0xA763	MOV DI,0x8e93	KEEP
1000:bedb	MOV	op1	0x8EA7	0xA777	MOV DI,0x8ea7	KEEP
1000:bf04	MOV	op1	0x8EBA	0xA78A	MOV DI,0x8eba	KEEP
1000:bf1f	MOV	op1	0x8ED9	0xA7A9	MOV DI,0x8ed9	KEEP
1000:bf65	MOV	op1	0x8EF9	0xA7C9	MOV DI,0x8ef9	KEEP
1000:bf8e	MOV	op1	0x8F0C	0xA7DC	MOV DI,0x8f0c	KEEP
1000:bfad	MOV	op1	0x8F2E	0xA7FE	MOV DI,0x8f2e	KEEP
1000:bfc8	MOV	op1	0x8F48	0xA818	MOV DI,0x8f48	KEEP
1000:c00e	MOV	op1	0x8F6D	0xA83D	MOV DI,0x8f6d	KEEP
1000:c037	MOV	op1	0x8F81	0xA851	MOV DI,0x8f81	KEEP
1000:c05a	MOV	op1	0x8F94	0xA864	MOV DI,0x8f94	KEEP
1000:c075	MOV	op1	0x8FAD	0xA87D	MOV DI,0x8fad	KEEP
1000:c0c5	MOV	op1	0x8FC8	0xA898	MOV DI,0x8fc8	KEEP
1000:c0ee	MOV	op1	0x8FDE	0xA8AE	MOV DI,0x8fde	KEEP
1000:c10e	MOV	op1	0x8FF3	0xA8C3	MOV DI,0x8ff3	KEEP
1000:c129	MOV	op1	0x9007	0xA8D7	MOV DI,0x9007	KEEP
1000:c168	MOV	op1	0x8EF9	0xA7C9	MOV DI,0x8ef9	KEEP
1000:c191	MOV	op1	0x9025	0xA8F5	MOV DI,0x9025	KEEP
1000:c1be	MOV	op1	0x9036	0xA906	MOV DI,0x9036	KEEP
1000:c207	MOV	op1	0x8F6D	0xA83D	MOV DI,0x8f6d	KEEP
1000:c230	MOV	op1	0x9057	0xA927	MOV DI,0x9057	KEEP
1000:c25a	ADD	op1	0x0002	0x18D2	ADD word ptr [0x38a8],0x2	KEEP
1000:c25f	ADD	op1	0x0002	0x18D2	ADD word ptr [0x38aa],0x2	KEEP
1000:c266	MOV	op1	0x8F94	0xA864	MOV DI,0x8f94	KEEP
1000:c2af	MOV	op1	0x8FC8	0xA898	MOV DI,0x8fc8	KEEP
1000:c2d8	MOV	op1	0x906C	0xA93C	MOV DI,0x906c	KEEP
1000:c306	MOV	op1	0x8FF3	0xA8C3	MOV DI,0x8ff3	KEEP
1000:c340	ADD	op1	0x0005	0x18D5	ADD AX,0x5	KEEP
1000:c35d	MOV	op1	0x000A	0x18DA	MOV AX,0xa	KEEP
1000:c366	CMP	op1	0x0009	0x18D9	CMP AX,0x9	KEEP
1000:c381	MOV	op1	0x87C6	0xA096	MOV DI,0x87c6	KEEP
1000:c39b	MOV	op1	0x908B	0xA95B	MOV DI,0x908b	KEEP
1000:c3d8	MOV	op1	0x90A9	0xA979	MOV DI,0x90a9	KEEP
1000:c3f7	MOV	op1	0x90C0	0xA990	MOV DI,0x90c0	KEEP
1000:c409	ADD	op1	0x002E	0x18FE	ADD DI,0x2e	KEEP
1000:c414	MOV	op1	0x90C7	0xA997	MOV DI,0x90c7	KEEP
1000:c439	MOV	op1	0x90D2	0xA9A2	MOV DI,0x90d2	KEEP
1000:c45c	MOV	op1	0x00FF	0x19CF	MOV AX,0xff	KEEP
1000:c480	MOV	op1	0x90F4	0xA9C4	MOV DI,0x90f4	KEEP
1000:c49b	MOV	op1	0x9128	0xA9F8	MOV DI,0x9128	KEEP
1000:c4b9	MOV	op1	0x9154	0xAA24	MOV DI,0x9154	KEEP
1000:c4d2	MOV	op1	0x9159	0xAA29	MOV DI,0x9159	KEEP
1000:c4eb	MOV	op1	0x9188	0xAA58	MOV DI,0x9188	KEEP
1000:c504	MOV	op1	0x91BA	0xAA8A	MOV DI,0x91ba	KEEP
1000:c53a	MOV	op1	0x8BD2	0xA4A2	MOV DI,0x8bd2	KEEP
1000:c558	MOV	op1	0x91E8	0xAAB8	MOV DI,0x91e8	KEEP
1000:c596	MOV	op1	0x8BF4	0xA4C4	MOV DI,0x8bf4	KEEP
1000:c5b4	MOV	op1	0x91F7	0xAAC7	MOV DI,0x91f7	KEEP
1000:c5f2	MOV	op1	0x8C11	0xA4E1	MOV DI,0x8c11	KEEP
1000:c610	MOV	op1	0x922D	0xAAFD	MOV DI,0x922d	KEEP
1000:c64e	MOV	op1	0x8C4B	0xA51B	MOV DI,0x8c4b	KEEP
1000:c66c	MOV	op1	0x9255	0xAB25	MOV DI,0x9255	KEEP
1000:c6b1	MOV	op1	0x8C95	0xA565	MOV DI,0x8c95	KEEP
1000:c6cf	MOV	op1	0x92B8	0xAB88	MOV DI,0x92b8	KEEP
1000:c6df	MOV	op1	0x0005	0x18D5	MOV AX,0x5	KEEP
1000:c715	MOV	op1	0x8CC9	0xA599	MOV DI,0x8cc9	KEEP
1000:c733	MOV	op1	0x92D0	0xABA0	MOV DI,0x92d0	KEEP
1000:c743	MOV	op1	0x0005	0x18D5	MOV AX,0x5	KEEP
1000:c779	MOV	op1	0x8D19	0xA5E9	MOV DI,0x8d19	KEEP
1000:c797	MOV	op1	0x92FA	0xABCA	MOV DI,0x92fa	KEEP
1000:c7a7	MOV	op1	0x0014	0x18E4	MOV AX,0x14	KEEP
1000:c7ab	MOV	op1	0x001E	0x18EE	MOV AX,0x1e	KEEP
1000:c7c1	MOV	op1	0x0B3F	0x240F	MOV AL,[0xb3f]	KEEP
1000:c7de	MOV	op1	0x8D63	0xA633	MOV DI,0x8d63	KEEP
1000:c7fc	MOV	op1	0x9351	0xAC21	MOV DI,0x9351	KEEP
1000:c806	MOV	op1	0x0B3F	0x240F	MOV AL,[0xb3f]	KEEP
1000:c84f	MOV	op1	0x8D90	0xA660	MOV DI,0x8d90	KEEP
1000:c86d	MOV	op1	0x9367	0xAC37	MOV DI,0x9367	KEEP
1000:c877	MOV	op1	0x0B3F	0x240F	MOV AL,[0xb3f]	KEEP
1000:c88e	MOV	op1	0x937B	0xAC4B	MOV DI,0x937b	KEEP
1000:c8b1	MOV	op1	0x00FF	0x19CF	MOV AX,0xff	KEEP
1000:c8ea	MOV	op1	0x9385	0xAC55	MOV DI,0x9385	KEEP
1000:c90e	INC	op0	0x38C5	0x5195	INC word ptr [0x38c5]	KEEP
1000:c912	MOV	op1	0x939F	0xAC6F	MOV DI,0x939f	KEEP
1000:c94e	MOV	op1	0x93B0	0xAC80	MOV DI,0x93b0	KEEP
1000:c977	MOV	op1	0x93BD	0xAC8D	MOV DI,0x93bd	KEEP
1000:c992	MOV	op1	0x93D6	0xACA6	MOV DI,0x93d6	KEEP
1000:c9ca	MOV	op1	0x8E4D	0xA71D	MOV DI,0x8e4d	KEEP
1000:c9ef	MOV	op1	0x93F0	0xACC0	MOV DI,0x93f0	KEEP
1000:ca08	MOV	op1	0x0004	0x18D4	MOV AX,0x4	KEEP
1000:ca11	CMP	op1	0x0000	0x18D0	CMP AX,0x0	KEEP
1000:ca1a	MOV	op1	0x9402	0xACD2	MOV DI,0x9402	KEEP
1000:ca3b	MOV	op1	0x0002	0x18D2	MOV CX,0x2	KEEP
1000:ca53	CMP	op1	0x0001	0x18D1	CMP AX,0x1	KEEP
1000:ca5c	MOV	op1	0x940D	0xACDD	MOV DI,0x940d	KEEP
1000:ca77	CMP	op1	0x0002	0x18D2	CMP AX,0x2	KEEP
1000:ca80	MOV	op1	0x941C	0xACEC	MOV DI,0x941c	KEEP
1000:ca99	ADD	op1	0x0005	0x18D5	ADD word ptr [0x38ae],0x5	KEEP
1000:ca9e	ADD	op1	0x0005	0x18D5	ADD word ptr [0x38ac],0x5	KEEP
1000:caa5	CMP	op1	0x0003	0x18D3	CMP AX,0x3	KEEP
1000:caae	MOV	op1	0x942C	0xACFC	MOV DI,0x942c	KEEP
1000:cad8	CMP	op0	0x38BC	0x518C	CMP byte ptr [0x38bc],0x0	KEEP
1000:caea	MOV	op1	0x93B0	0xAC80	MOV DI,0x93b0	KEEP
1000:cb05	MOV	op0	0x38BC	0x518C	MOV byte ptr [0x38bc],0x1	KEEP
1000:cb13	MOV	op1	0x9438	0xAD08	MOV DI,0x9438	KEEP
1000:cb2e	MOV	op1	0x9446	0xAD16	MOV DI,0x9446	KEEP
1000:cb82	MOV	op1	0x9473	0xAD43	MOV DI,0x9473	KEEP
1000:cbab	ADD	op1	0x0002	0x18D2	ADD word ptr [0x38a8],0x2	KEEP
1000:cbb0	ADD	op1	0x0002	0x18D2	ADD word ptr [0x38aa],0x2	KEEP
1000:cbb5	MOV	op1	0x9488	0xAD58	MOV DI,0x9488	KEEP
1000:cbd0	MOV	op1	0x94BF	0xAD8F	MOV DI,0x94bf	KEEP
1000:cbeb	MOV	op1	0x94DA	0xADAA	MOV DI,0x94da	KEEP
1000:cc3b	MOV	op1	0x9511	0xADE1	MOV DI,0x9511	KEEP
1000:cc6b	ADD	op1	0x0002	0x18D2	ADD word ptr [0x38a8],0x2	KEEP
1000:cc70	ADD	op1	0x0002	0x18D2	ADD word ptr [0x38aa],0x2	KEEP
1000:cc75	MOV	op1	0x9531	0xAE01	MOV DI,0x9531	KEEP
1000:cc90	MOV	op1	0x9566	0xAE36	MOV DI,0x9566	KEEP
1000:ccab	MOV	op1	0x957C	0xAE4C	MOV DI,0x957c	KEEP
1000:ccea	MOV	op1	0x95B2	0xAE82	MOV DI,0x95b2	KEEP
1000:cd0a	ADD	op1	0x0003	0x18D3	ADD word ptr [0x394f],0x3	KEEP
1000:cd18	MOV	op1	0x95C3	0xAE93	MOV DI,0x95c3	KEEP
1000:cd31	MOV	op1	0x95DB	0xAEAB	MOV DI,0x95db	KEEP
1000:cd4c	MOV	op1	0x961E	0xAEEE	MOV DI,0x961e	KEEP
1000:cd7d	MOV	op1	0x0B3F	0x240F	MOV AL,[0xb3f]	KEEP
1000:cd88	MOV	op1	0x9637	0xAF07	MOV DI,0x9637	KEEP
1000:cda3	ADD	op1	0x0005	0x18D5	ADD word ptr [0x394f],0x5	KEEP
1000:cda8	MOV	op1	0x0B3F	0x240F	MOV AL,[0xb3f]	KEEP
1000:cdb1	MOV	op1	0x9649	0xAF19	MOV DI,0x9649	KEEP
1000:cdcc	MOV	op1	0x9666	0xAF36	MOV DI,0x9666	KEEP
1000:ce19	MOV	op1	0x968A	0xAF5A	MOV DI,0x968a	KEEP
1000:ce42	MOV	op1	0x969B	0xAF6B	MOV DI,0x969b	KEEP
1000:ce5d	MOV	op1	0x96B8	0xAF88	MOV DI,0x96b8	KEEP
1000:ce87	CMP	op1	0x0000	0x18D0	CMP word ptr [0x38c9],0x0	KEEP
1000:ce9a	MOV	op1	0x96D0	0xAFA0	MOV DI,0x96d0	KEEP
1000:ceb5	MOV	op1	0x96F2	0xAFC2	MOV DI,0x96f2	KEEP
1000:ced3	MOV	op1	0x970A	0xAFDA	MOV DI,0x970a	KEEP
1000:cefb	MOV	op1	0x970E	0xAFDE	MOV DI,0x970e	KEEP
1000:cf14	MOV	op1	0x973C	0xB00C	MOV DI,0x973c	KEEP
1000:cf37	MOV	op1	0x00FF	0x19CF	MOV AX,0xff	KEEP
1000:cf54	MOV	op1	0x0005	0x18D5	MOV AX,0x5	KEEP
1000:cf5d	ADD	op1	0x0008	0x18D8	ADD AX,0x8	KEEP
1000:cf81	MOV	op1	0x974C	0xB01C	MOV DI,0x974c	KEEP
1000:cfb0	MOV	op1	0x9765	0xB035	MOV DI,0x9765	KEEP
1000:cfc9	MOV	op1	0x973C	0xB00C	MOV DI,0x973c	KEEP
1000:cfec	MOV	op1	0x00FF	0x19CF	MOV AX,0xff	KEEP
1000:d009	MOV	op1	0x0005	0x18D5	MOV AX,0x5	KEEP
1000:d012	ADD	op1	0x0008	0x18D8	ADD AX,0x8	KEEP
1000:d036	MOV	op1	0x9796	0xB066	MOV DI,0x9796	KEEP
1000:d065	MOV	op1	0x97B2	0xB082	MOV DI,0x97b2	KEEP
1000:d07e	MOV	op1	0x973C	0xB00C	MOV DI,0x973c	KEEP
1000:d0a1	MOV	op1	0x00FF	0x19CF	MOV AX,0xff	KEEP
1000:d0be	MOV	op1	0x0008	0x18D8	MOV AX,0x8	KEEP
1000:d0c7	ADD	op1	0x000D	0x18DD	ADD AX,0xd	KEEP
1000:d0eb	MOV	op1	0x97E1	0xB0B1	MOV DI,0x97e1	KEEP
1000:d128	MOV	op1	0x97FB	0xB0CB	MOV DI,0x97fb	KEEP
1000:d141	MOV	op1	0x973C	0xB00C	MOV DI,0x973c	KEEP
1000:d164	MOV	op1	0x00FF	0x19CF	MOV AX,0xff	KEEP
1000:d181	MOV	op1	0x0008	0x18D8	MOV AX,0x8	KEEP
1000:d18a	ADD	op1	0x000D	0x18DD	ADD AX,0xd	KEEP
1000:d1ae	MOV	op1	0x982E	0xB0FE	MOV DI,0x982e	KEEP
1000:d1e4	MOV	op1	0x9847	0xB117	MOV DI,0x9847	KEEP
1000:d1fd	MOV	op1	0x973C	0xB00C	MOV DI,0x973c	KEEP
1000:d220	MOV	op1	0x00FF	0x19CF	MOV AX,0xff	KEEP
1000:d23d	MOV	op1	0x000F	0x18DF	MOV AX,0xf	KEEP
1000:d246	ADD	op1	0x0019	0x18E9	ADD AX,0x19	KEEP
1000:d26a	MOV	op1	0x9879	0xB149	MOV DI,0x9879	KEEP
1000:d299	MOV	op1	0x9893	0xB163	MOV DI,0x9893	KEEP
1000:d2b2	MOV	op1	0x973C	0xB00C	MOV DI,0x973c	KEEP
1000:d2d5	MOV	op1	0x00FF	0x19CF	MOV AX,0xff	KEEP
1000:d2f2	MOV	op1	0x0017	0x18E7	MOV AX,0x17	KEEP
1000:d2fb	ADD	op1	0x0026	0x18F6	ADD AX,0x26	KEEP
1000:d31f	MOV	op1	0x98C6	0xB196	MOV DI,0x98c6	KEEP
1000:d341	MOV	op1	0x98DE	0xB1AE	MOV DI,0x98de	KEEP
1000:d364	MOV	op1	0x00FF	0x19CF	MOV AX,0xff	KEEP
1000:d383	MOV	op1	0x98FC	0xB1CC	MOV DI,0x98fc	KEEP
1000:d3a1	MOV	op1	0x9966	0xB236	MOV DI,0x9966	KEEP
1000:d3ba	MOV	op1	0x996A	0xB23A	MOV DI,0x996a	KEEP
1000:d3e3	CMP	op0	0x38B1	0x5181	CMP byte ptr [0x38b1],0x0	KEEP
1000:d3f7	MOV	op1	0x99A5	0xB275	MOV DI,0x99a5	KEEP
1000:d410	CMP	op1	0x0003	0x18D3	CMP word ptr [0x38c7],0x3	KEEP
1000:d429	MOV	op1	0x99D3	0xB2A3	MOV DI,0x99d3	KEEP
1000:d447	MOV	op1	0x99E2	0xB2B2	MOV DI,0x99e2	KEEP
1000:d465	CMP	op1	0x0007	0x18D7	CMP word ptr [0x38c7],0x7	KEEP
1000:d47e	MOV	op1	0x99FA	0xB2CA	MOV DI,0x99fa	KEEP
1000:d49c	MOV	op1	0x9A09	0xB2D9	MOV DI,0x9a09	KEEP
1000:d4ca	CMP	op0	0x38B1	0x5181	CMP byte ptr [0x38b1],0x0	KEEP
1000:d4d1	MOV	op1	0x9A25	0xB2F5	MOV DI,0x9a25	KEEP
1000:d4ed	MOV	op1	0x9A43	0xB313	MOV DI,0x9a43	KEEP
1000:d510	MOV	op1	0x00FF	0x19CF	MOV AX,0xff	KEEP
1000:d545	CMP	op0	0x38B1	0x5181	CMP byte ptr [0x38b1],0x1	KEEP
1000:d54c	CMP	op1	0x0007	0x18D7	CMP word ptr [0x38c7],0x7	KEEP
1000:d553	SUB	op1	0x0007	0x18D7	SUB word ptr [0x38c7],0x7	KEEP
1000:d55d	MOV	op0	0x38B1	0x5181	MOV byte ptr [0x38b1],0x0	KEEP
1000:d562	MOV	op1	0x9A52	0xB322	MOV DI,0x9a52	KEEP
1000:d57b	MOV	op1	0x9A80	0xB350	MOV DI,0x9a80	KEEP
1000:d596	MOV	op1	0x9A9A	0xB36A	MOV DI,0x9a9a	KEEP
1000:d5cf	CMP	op1	0x0003	0x18D3	CMP word ptr [0x38c7],0x3	KEEP
1000:d5d9	SUB	op1	0x0003	0x18D3	SUB word ptr [0x38c7],0x3	KEEP
1000:d5de	ADD	op1	0x0005	0x18D5	ADD word ptr [0x38ac],0x5	KEEP
1000:d5f2	MOV	op1	0x0003	0x18D3	MOV AX,0x3	KEEP
1000:d5fb	CMP	op1	0x0001	0x18D1	CMP AX,0x1	KEEP
1000:d600	MOV	op1	0x9AC4	0xB394	MOV DI,0x9ac4	KEEP
1000:d61b	CMP	op1	0x0002	0x18D2	CMP AX,0x2	KEEP
1000:d620	MOV	op1	0x9AED	0xB3BD	MOV DI,0x9aed	KEEP
1000:d63b	MOV	op1	0x9B27	0xB3F7	MOV DI,0x9b27	KEEP
1000:d654	MOV	op1	0x9B48	0xB418	MOV DI,0x9b48	KEEP
1000:d66d	MOV	op1	0x9B5F	0xB42F	MOV DI,0x9b5f	KEEP
1000:d68a	MOV	op1	0x9A9A	0xB36A	MOV DI,0x9a9a	KEEP
1000:d6ca	MOV	op1	0x9B70	0xB440	MOV DI,0x9b70	KEEP
1000:d6e8	MOV	op1	0x9B9A	0xB46A	MOV DI,0x9b9a	KEEP
1000:d701	CMP	op1	0x000C	0x18DC	CMP word ptr [0x38c7],0xc	KEEP
1000:d70b	MOV	op1	0x9B9F	0xB46F	MOV DI,0x9b9f	KEEP
1000:d724	MOV	op1	0x0002	0x18D2	MOV AX,0x2	KEEP
1000:d738	MOV	op1	0x9BBC	0xB48C	MOV DI,0x9bbc	KEEP
1000:d756	MOV	op1	0x9BFD	0xB4CD	MOV DI,0x9bfd	KEEP
1000:d76f	MOV	op1	0x9C26	0xB4F6	MOV DI,0x9c26	KEEP
1000:d78e	SUB	op1	0x000C	0x18DC	SUB word ptr [0x38c7],0xc	KEEP
1000:d79a	MOV	op1	0x9C6D	0xB53D	MOV DI,0x9c6d	KEEP
1000:d7b5	MOV	op1	0x9C98	0xB568	MOV DI,0x9c98	KEEP
1000:d7d3	MOV	op1	0x9CB4	0xB584	MOV DI,0x9cb4	KEEP
1000:d7df	MOV	op1	0x9CBA	0xB58A	MOV DI,0x9cba	KEEP
1000:d816	MOV	op1	0x9CF0	0xB5C0	MOV DI,0x9cf0	KEEP
1000:d83b	MOV	op1	0x0006	0x18D6	MOV AX,0x6	KEEP
1000:d844	ADD	op1	0x0003	0x18D3	ADD AX,0x3	KEEP
1000:d860	MOV	op1	0x9D12	0xB5E2	MOV DI,0x9d12	KEEP
1000:d880	MOV	op1	0x9D1F	0xB5EF	MOV DI,0x9d1f	KEEP
1000:d8a0	MOV	op1	0x9D32	0xB602	MOV DI,0x9d32	KEEP
1000:d8cf	MOV	op1	0x9D46	0xB616	MOV DI,0x9d46	KEEP
1000:d8ef	CMP	op0	0x38CB	0x519B	CMP word ptr [0x38cb],0x64	KEEP
1000:d8ef	CMP	op1	0x0064	0x1934	CMP word ptr [0x38cb],0x64	KEEP
1000:d8f6	MOV	op1	0x9D6E	0xB63E	MOV DI,0x9d6e	KEEP
1000:d923	MOV	op1	0x000A	0x18DA	MOV DX,0xa	KEEP
1000:d92f	SUB	op1	0x0005	0x18D5	SUB AX,0x5	KEEP
1000:d93a	ADD	op1	0x38CB	0x519B	ADD AX,word ptr [0x38cb]	KEEP
1000:d93e	CMP	op1	0x0028	0x18F8	CMP AX,0x28	KEEP
1000:d943	MOV	op1	0x9D90	0xB660	MOV DI,0x9d90	KEEP
1000:d96b	MOV	op1	0x9DB3	0xB683	MOV DI,0x9db3	KEEP
1000:d984	CMP	op1	0x0000	0x18D0	CMP word ptr [0x38c3],0x0	KEEP
1000:d99d	MOV	op1	0x9DCB	0xB69B	MOV DI,0x9dcb	KEEP
1000:d9bb	MOV	op1	0x9DD4	0xB6A4	MOV DI,0x9dd4	KEEP
1000:d9d9	CMP	op0	0x38CB	0x519B	CMP word ptr [0x38cb],0x2	KEEP
1000:d9d9	CMP	op1	0x0002	0x18D2	CMP word ptr [0x38cb],0x2	KEEP
1000:d9f9	MOV	op1	0x9DCB	0xB69B	MOV DI,0x9dcb	KEEP
1000:da17	MOV	op1	0x9DF6	0xB6C6	MOV DI,0x9df6	KEEP
1000:da3c	MOV	op1	0x9E10	0xB6E0	MOV DI,0x9e10	KEEP
1000:da55	MOV	op1	0x9E4E	0xB71E	MOV DI,0x9e4e	KEEP
1000:da82	MOV	op1	0x000A	0x18DA	MOV DX,0xa	KEEP
1000:da8e	SUB	op1	0x0005	0x18D5	SUB AX,0x5	KEEP
1000:da99	ADD	op1	0x38CB	0x519B	ADD AX,word ptr [0x38cb]	KEEP
1000:da9d	CMP	op1	0x0028	0x18F8	CMP AX,0x28	KEEP
1000:daa2	MOV	op1	0x9E73	0xB743	MOV DI,0x9e73	KEEP
1000:dabb	CMP	op0	0x38CB	0x519B	CMP word ptr [0x38cb],0x64	KEEP
1000:dabb	CMP	op1	0x0064	0x1934	CMP word ptr [0x38cb],0x64	KEEP
1000:dac9	MOV	op1	0x9E96	0xB766	MOV DI,0x9e96	KEEP
1000:dae2	MOV	op1	0x9EB7	0xB787	MOV DI,0x9eb7	KEEP
1000:db05	MOV	op1	0x00FF	0x19CF	MOV AX,0xff	KEEP
1000:db33	CMP	op1	0x0000	0x18D0	CMP word ptr [0x38c3],0x0	KEEP
1000:db3e	ADD	op0	0x38CB	0x519B	ADD word ptr [0x38cb],0x5	KEEP
1000:db3e	ADD	op1	0x0005	0x18D5	ADD word ptr [0x38cb],0x5	KEEP
1000:db43	MOV	op1	0x9EC3	0xB793	MOV DI,0x9ec3	KEEP
1000:db5e	MOV	op1	0x9EFB	0xB7CB	MOV DI,0x9efb	KEEP
1000:db8f	CMP	op0	0x38CB	0x519B	CMP word ptr [0x38cb],0x0	KEEP
1000:db8f	CMP	op1	0x0000	0x18D0	CMP word ptr [0x38cb],0x0	KEEP
1000:db96	ADD	op1	0x0002	0x18D2	ADD word ptr [0x38c7],0x2	KEEP
1000:db9b	SUB	op0	0x38CB	0x519B	SUB word ptr [0x38cb],0x2	KEEP
1000:db9b	SUB	op1	0x0002	0x18D2	SUB word ptr [0x38cb],0x2	KEEP
1000:dba4	MOV	op1	0x9F10	0xB7E0	MOV DI,0x9f10	KEEP
1000:dbbf	MOV	op1	0x9F49	0xB819	MOV DI,0x9f49	KEEP
1000:dbda	MOV	op1	0x9F66	0xB836	MOV DI,0x9f66	KEEP
1000:dc1c	MOV	op1	0x90C0	0xA990	MOV DI,0x90c0	KEEP
1000:dc2e	ADD	op1	0x002E	0x18FE	ADD DI,0x2e	KEEP
1000:dc39	MOV	op1	0x90C7	0xA997	MOV DI,0x90c7	KEEP
1000:dc74	MOV	op1	0x9F87	0xB857	MOV DI,0x9f87	KEEP
1000:dc79	PUSH	op0	0x38CB	0x519B	PUSH word ptr [0x38cb]	KEEP
1000:dc93	MOV	op1	0x000A	0x18DA	MOV DX,0xa	KEEP
1000:dc98	ADD	op1	0x000A	0x18DA	ADD AX,0xa	KEEP
1000:dc9b	CMP	op1	0x38CB	0x519B	CMP AX,word ptr [0x38cb]	KEEP
1000:dca1	MOV	op1	0x9FA5	0xB875	MOV DI,0x9fa5	KEEP
1000:dcce	MOV	op1	0x000A	0x18DA	MOV DX,0xa	KEEP
1000:dcdc	ADD	op1	0x38CB	0x519B	ADD AX,word ptr [0x38cb]	KEEP
1000:dce0	CMP	op1	0x0028	0x18F8	CMP AX,0x28	KEEP
1000:dd00	MOV	op1	0x9FCB	0xB89B	MOV DI,0x9fcb	KEEP
1000:dd19	MOV	op1	0x9FFE	0xB8CE	MOV DI,0x9ffe	KEEP
1000:dd46	CMP	op0	0x38CB	0x519B	CMP word ptr [0x38cb],0x64	KEEP
1000:dd46	CMP	op1	0x0064	0x1934	CMP word ptr [0x38cb],0x64	KEEP
1000:dd5a	MOV	op1	0xA038	0xB908	MOV DI,0xa038	KEEP
1000:dd73	MOV	op1	0xA04A	0xB91A	MOV DI,0xa04a	KEEP
1000:dd91	MOV	op1	0x000F	0x18DF	MOV DX,0xf	KEEP
1000:ddb6	MOV	op1	0xA066	0xB936	MOV DI,0xa066	KEEP
1000:ddd4	MOV	op1	0x000F	0x18DF	MOV DX,0xf	KEEP
1000:ddff	MOV	op1	0xA075	0xB945	MOV DI,0xa075	KEEP
1000:de1a	MOV	op1	0xA084	0xB954	MOV DI,0xa084	KEEP
1000:de36	MOV	op1	0xA09B	0xB96B	MOV DI,0xa09b	KEEP
1000:de54	MOV	op1	0x000A	0x18DA	MOV DX,0xa	KEEP
1000:de66	MOV	op1	0x000A	0x18DA	MOV DX,0xa	KEEP
1000:de76	MOV	op1	0x000A	0x18DA	MOV DX,0xa	KEEP
1000:de88	MOV	op1	0x000A	0x18DA	MOV DX,0xa	KEEP
1000:de93	MOV	op1	0x908B	0xA95B	MOV DI,0x908b	KEEP
1000:de9d	MOV	op1	0x000C	0x18DC	MOV DX,0xc	KEEP
1000:deb9	MOV	op1	0x000C	0x18DC	MOV DX,0xc	KEEP
1000:dee3	MOV	op1	0xA0B0	0xB980	MOV DI,0xa0b0	KEEP
1000:df21	MOV	op1	0xA0ED	0xB9BD	MOV DI,0xa0ed	KEEP
1000:df3d	MOV	op1	0xA110	0xB9E0	MOV DI,0xa110	KEEP
1000:df56	MOV	op1	0xA13B	0xBA0B	MOV DI,0xa13b	KEEP
1000:df6f	CMP	op1	0x000F	0x18DF	CMP word ptr [0x38c7],0xf	KEEP
1000:df88	MOV	op1	0xA178	0xBA48	MOV DI,0xa178	KEEP
1000:dfa6	MOV	op1	0xA180	0xBA50	MOV DI,0xa180	KEEP
1000:dfcb	CMP	op1	0x0016	0x18E6	CMP word ptr [0x38c7],0x16	KEEP
1000:dfe4	MOV	op1	0xA1AD	0xBA7D	MOV DI,0xa1ad	KEEP
1000:e002	MOV	op1	0xA1B5	0xBA85	MOV DI,0xa1b5	KEEP
1000:e020	MOV	op0	0x3C82	0x5552	MOV byte ptr [0x3c82],0x5	KEEP
1000:e025	MOV	op1	0xA1E2	0xBAB2	MOV DI,0xa1e2	KEEP
1000:e048	MOV	op1	0x00FF	0x19CF	MOV AX,0xff	KEEP
1000:e079	MOV	op1	0x3C82	0x5552	MOV AL,[0x3c82]	KEEP
1000:e087	MOV	op1	0xA1EA	0xBABA	MOV DI,0xa1ea	KEEP
1000:e08c	MOV	op1	0x3C82	0x5552	MOV AL,[0x3c82]	KEEP
1000:e0a3	MOV	op1	0x3C82	0x5552	MOV AL,[0x3c82]	KEEP
1000:e0b1	MOV	op1	0x000C	0x18DC	MOV DX,0xc	KEEP
1000:e0d0	MOV	op1	0x3C82	0x5552	MOV AL,[0x3c82]	KEEP
1000:e0db	MOV	op1	0xA1FF	0xBACF	MOV DI,0xa1ff	KEEP
1000:e0e0	MOV	op1	0x3C82	0x5552	MOV AL,[0x3c82]	KEEP
1000:e0f7	ADD	op0	0x3C82	0x5552	ADD byte ptr [0x3c82],0x2	KEEP
1000:e0fc	MOV	op1	0x908B	0xA95B	MOV DI,0x908b	KEEP
1000:e129	MOV	op1	0xA216	0xBAE6	MOV DI,0xa216	KEEP
1000:e12e	MOV	op1	0x3C82	0x5552	MOV AL,[0x3c82]	KEEP
1000:e145	MOV	op0	0x3C82	0x5552	MOV byte ptr [0x3c82],0x5	KEEP
1000:e14a	CMP	op0	0x3C82	0x5552	CMP byte ptr [0x3c82],0x11	KEEP
1000:e151	CMP	op0	0x3C82	0x5552	CMP byte ptr [0x3c82],0x5	KEEP
1000:e158	MOV	op1	0xA22D	0xBAFD	MOV DI,0xa22d	KEEP
1000:e15d	MOV	op1	0x3C82	0x5552	MOV AL,[0x3c82]	KEEP
1000:e174	CMP	op0	0x3C82	0x5552	CMP byte ptr [0x3c82],0x11	KEEP
1000:e189	MOV	op1	0xA254	0xBB24	MOV DI,0xa254	KEEP
1000:e1a8	MOV	op1	0x90C0	0xA990	MOV DI,0x90c0	KEEP
1000:e1ba	ADD	op1	0x002E	0x18FE	ADD DI,0x2e	KEEP
1000:e1c5	MOV	op1	0x90C7	0xA997	MOV DI,0x90c7	KEEP
1000:e1e4	MOV	op1	0xA26D	0xBB3D	MOV DI,0xa26d	KEEP
1000:e225	MOV	op1	0xA29C	0xBB6C	MOV DI,0xa29c	KEEP
1000:e24d	MOV	op1	0x00FF	0x19CF	MOV AX,0xff	KEEP
1000:e258	MOV	op1	0xA2D4	0xBBA4	MOV DI,0xa2d4	KEEP
1000:e25d	MOV	op1	0x3C82	0x5552	MOV AL,[0x3c82]	KEEP
1000:e285	CMP	op1	0x000F	0x18DF	CMP word ptr [0x38c7],0xf	KEEP
1000:e28c	MOV	op1	0x8E4D	0xA71D	MOV DI,0x8e4d	KEEP
1000:e2a7	SUB	op1	0x000F	0x18DF	SUB word ptr [0x38c7],0xf	KEEP
1000:e2ac	MOV	op1	0xA2F1	0xBBC1	MOV DI,0xa2f1	KEEP
1000:e2c9	MOV	op1	0x940D	0xACDD	MOV DI,0x940d	KEEP
1000:e2fa	CMP	op1	0x0016	0x18E6	CMP word ptr [0x38c7],0x16	KEEP
1000:e301	MOV	op1	0x8E4D	0xA71D	MOV DI,0x8e4d	KEEP
1000:e31c	SUB	op1	0x0016	0x18E6	SUB word ptr [0x38c7],0x16	KEEP
1000:e321	MOV	op1	0xA30D	0xBBDD	MOV DI,0xa30d	KEEP
1000:e33e	MOV	op1	0x942C	0xACFC	MOV DI,0x942c	KEEP
1000:e36d	MOV	op1	0xA326	0xBBF6	MOV DI,0xa326	KEEP
1000:e38b	MOV	op1	0xA353	0xBC23	MOV DI,0xa353	KEEP
1000:e3e7	MOV	op1	0xA357	0xBC27	MOV DI,0xa357	KEEP
1000:e400	CMP	op1	0x0014	0x18E4	CMP word ptr [0x38c7],0x14	KEEP
1000:e419	MOV	op1	0xA178	0xBA48	MOV DI,0xa178	KEEP
1000:e437	MOV	op1	0xA385	0xBC55	MOV DI,0xa385	KEEP
1000:e455	CMP	op1	0x0014	0x18E4	CMP word ptr [0x38c7],0x14	KEEP
1000:e46e	MOV	op1	0xA1AD	0xBA7D	MOV DI,0xa1ad	KEEP
1000:e48c	MOV	op1	0xA3B0	0xBC80	MOV DI,0xa3b0	KEEP
1000:e4b6	MOV	op1	0x000A	0x18DA	MOV DX,0xa	KEEP
1000:e4bb	SUB	op1	0x0003	0x18D3	SUB AX,0x3	KEEP
1000:e4c4	CMP	op1	0x000A	0x18DA	CMP word ptr [0x38c7],0xa	KEEP
1000:e4dd	MOV	op1	0xA3DE	0xBCAE	MOV DI,0xa3de	KEEP
1000:e4fb	MOV	op1	0xA3E6	0xBCB6	MOV DI,0xa3e6	KEEP
1000:e505	MOV	op1	0x000A	0x18DA	MOV AX,0xa	KEEP
1000:e521	CMP	op1	0x001E	0x18EE	CMP word ptr [0x38c7],0x1e	KEEP
1000:e53a	MOV	op1	0xA405	0xBCD5	MOV DI,0xa405	KEEP
1000:e558	MOV	op1	0xA40D	0xBCDD	MOV DI,0xa40d	KEEP
1000:e58f	CMP	op1	0x0014	0x18E4	CMP word ptr [0x38c7],0x14	KEEP
1000:e5a8	MOV	op1	0xA44B	0xBD1B	MOV DI,0xa44b	KEEP
1000:e5c6	MOV	op1	0xA453	0xBD23	MOV DI,0xa453	KEEP
1000:e5e4	MOV	op1	0xA473	0xBD43	MOV DI,0xa473	KEEP
1000:e607	MOV	op1	0x00FF	0x19CF	MOV AX,0xff	KEEP
1000:e635	CMP	op1	0x0014	0x18E4	CMP word ptr [0x38c7],0x14	KEEP
1000:e63c	MOV	op1	0x8E4D	0xA71D	MOV DI,0x8e4d	KEEP
1000:e657	SUB	op1	0x0014	0x18E4	SUB word ptr [0x38c7],0x14	KEEP
1000:e65c	MOV	op1	0xA47E	0xBD4E	MOV DI,0xa47e	KEEP
1000:e685	MOV	op1	0x0002	0x18D2	MOV CX,0x2	KEEP
1000:e697	MOV	op1	0x9402	0xACD2	MOV DI,0x9402	KEEP
1000:e6c1	CMP	op1	0x0014	0x18E4	CMP word ptr [0x38c7],0x14	KEEP
1000:e6c8	MOV	op1	0x8E4D	0xA71D	MOV DI,0x8e4d	KEEP
1000:e6e3	SUB	op1	0x0014	0x18E4	SUB word ptr [0x38c7],0x14	KEEP
1000:e6e8	MOV	op1	0xA496	0xBD66	MOV DI,0xa496	KEEP
1000:e705	ADD	op1	0x0005	0x18D5	ADD word ptr [0x38ae],0x5	KEEP
1000:e70a	ADD	op1	0x0005	0x18D5	ADD word ptr [0x38ac],0x5	KEEP
1000:e70f	MOV	op1	0xA4B6	0xBD86	MOV DI,0xa4b6	KEEP
1000:e74b	MOV	op1	0x000A	0x18DA	MOV DX,0xa	KEEP
1000:e750	SUB	op1	0x0003	0x18D3	SUB AX,0x3	KEEP
1000:e759	MOV	op1	0xA4C9	0xBD99	MOV DI,0xa4c9	KEEP
1000:e774	CMP	op1	0x000A	0x18DA	CMP word ptr [0x38c7],0xa	KEEP
1000:e77b	MOV	op1	0x9473	0xAD43	MOV DI,0x9473	KEEP
1000:e796	SUB	op1	0x000A	0x18DA	SUB word ptr [0x38c7],0xa	KEEP
1000:e79b	MOV	op1	0xA4F8	0xBDC8	MOV DI,0xa4f8	KEEP
1000:e7b4	ADD	op1	0x000A	0x18DA	ADD word ptr [0x38ce],0xa	KEEP
1000:e7b9	MOV	op1	0xA50B	0xBDDB	MOV DI,0xa50b	KEEP
1000:e7be	MOV	op1	0x000A	0x18DA	MOV AX,0xa	KEEP
1000:e801	CMP	op1	0x001E	0x18EE	CMP word ptr [0x38c7],0x1e	KEEP
1000:e808	MOV	op1	0xA51F	0xBDEF	MOV DI,0xa51f	KEEP
1000:e823	SUB	op1	0x001E	0x18EE	SUB word ptr [0x38c7],0x1e	KEEP
1000:e82d	MOV	op1	0xA537	0xBE07	MOV DI,0xa537	KEEP
1000:e848	MOV	op1	0xA54A	0xBE1A	MOV DI,0xa54a	KEEP
1000:e886	MOV	op1	0x000A	0x18DA	MOV DX,0xa	KEEP
1000:e896	CMP	op1	0x0014	0x18E4	CMP word ptr [0x38c7],0x14	KEEP
1000:e89d	MOV	op1	0xA564	0xBE34	MOV DI,0xa564	KEEP
1000:e8b8	SUB	op1	0x0014	0x18E4	SUB word ptr [0x38c7],0x14	KEEP
1000:e8bd	MOV	op1	0xA57A	0xBE4A	MOV DI,0xa57a	KEEP
1000:e8de	MOV	op1	0xA593	0xBE63	MOV DI,0xa593	KEEP
1000:e8f9	MOV	op1	0xA59E	0xBE6E	MOV DI,0xa59e	KEEP
1000:e919	MOV	op1	0xA5D0	0xBEA0	MOV DI,0xa5d0	KEEP
1000:e948	MOV	op1	0xA5F2	0xBEC2	MOV DI,0xa5f2	KEEP
1000:e96e	MOV	op1	0xA61F	0xBEEF	MOV DI,0xa61f	KEEP
1000:e984	MOV	op1	0xA623	0xBEF3	MOV DI,0xa623	KEEP
1000:e9aa	CMP	op0	0x38C5	0x5195	CMP word ptr [0x38c5],0x0	KEEP
1000:e9aa	CMP	op1	0x0000	0x18D0	CMP word ptr [0x38c5],0x0	KEEP
1000:e9b4	DEC	op0	0x38C5	0x5195	DEC word ptr [0x38c5]	KEEP
1000:e9bd	ADD	op1	0x0002	0x18D2	ADD word ptr [0x389e],0x2	KEEP
1000:e9c6	ADD	op1	0x0002	0x18D2	ADD word ptr [0x38aa],0x2	KEEP
1000:e9d2	CMP	op1	0x000A	0x18DA	CMP AX,0xa	KEEP
1000:e9d7	MOV	op1	0xA652	0xBF22	MOV DI,0xa652	KEEP
1000:e9fb	MOV	op1	0xA66B	0xBF3B	MOV DI,0xa66b	KEEP
1000:ea08	PUSH	op0	0x38C5	0x5195	PUSH word ptr [0x38c5]	KEEP
1000:ea19	ADD	op1	0x000A	0x18DA	ADD word ptr [0x38ac],0xa	KEEP
1000:ea1e	MOV	op1	0xA68E	0xBF5E	MOV DI,0xa68e	KEEP
1000:ea23	MOV	op1	0x000A	0x18DA	MOV AX,0xa	KEEP
1000:ea2f	PUSH	op0	0x38C5	0x5195	PUSH word ptr [0x38c5]	KEEP
1000:ea3b	MOV	op1	0xA6C8	0xBF98	MOV DI,0xa6c8	KEEP
1000:ea56	MOV	op1	0xA6D3	0xBFA3	MOV DI,0xa6d3	KEEP
1000:ea71	MOV	op1	0xA6E8	0xBFB8	MOV DI,0xa6e8	KEEP
1000:ea9e	MOV	op1	0xA710	0xBFE0	MOV DI,0xa710	KEEP
1000:eabe	MOV	op1	0xA762	0xC032	MOV DI,0xa762	KEEP
1000:eade	MOV	op1	0xA787	0xC057	MOV DI,0xa787	KEEP
1000:eafe	MOV	op1	0xA7AD	0xC07D	MOV DI,0xa7ad	KEEP
1000:eb1e	MOV	op1	0xA7D6	0xC0A6	MOV DI,0xa7d6	KEEP
1000:eb3e	MOV	op1	0xA809	0xC0D9	MOV DI,0xa809	KEEP
1000:eb5e	MOV	op1	0xA83D	0xC10D	MOV DI,0xa83d	KEEP
1000:eb7e	MOV	op1	0xA860	0xC130	MOV DI,0xa860	KEEP
1000:eb97	MOV	op1	0xA886	0xC156	MOV DI,0xa886	KEEP
1000:ebb0	MOV	op1	0xA8C5	0xC195	MOV DI,0xa8c5	KEEP
1000:ebc9	MOV	op1	0xA8FC	0xC1CC	MOV DI,0xa8fc	KEEP
1000:ebe2	MOV	op1	0xA940	0xC210	MOV DI,0xa940	KEEP
1000:ebfb	MOV	op1	0xA96C	0xC23C	MOV DI,0xa96c	KEEP
1000:ec14	MOV	op1	0xA991	0xC261	MOV DI,0xa991	KEEP
1000:ec2d	MOV	op1	0xA9D1	0xC2A1	MOV DI,0xa9d1	KEEP
1000:ec46	MOV	op1	0xA9FF	0xC2CF	MOV DI,0xa9ff	KEEP
1000:ec5f	MOV	op1	0xAA27	0xC2F7	MOV DI,0xaa27	KEEP
1000:eca4	MOV	op1	0xAA4E	0xC31E	MOV DI,0xaa4e	KEEP
1000:ecce	MOV	op1	0xAA73	0xC343	MOV DI,0xaa73	KEEP
1000:ecec	MOV	op1	0xAAAC	0xC37C	MOV DI,0xaaac	KEEP
1000:ed01	MOV	op1	0xAAB1	0xC381	MOV DI,0xaab1	KEEP
1000:ed0b	MOV	op1	0x379C	0x506C	MOV DI,0x379c	KEEP
1000:ed29	MOV	op1	0xAAC2	0xC392	MOV DI,0xaac2	KEEP
1000:ed47	MOV	op1	0x379C	0x506C	MOV DI,0x379c	KEEP
1000:ed4c	MOV	op1	0x00FF	0x19CF	MOV AX,0xff	KEEP
1000:ed5f	CMP	op0	0x379C	0x506C	CMP byte ptr [0x379c],0x0	KEEP
1000:ed66	MOV	op1	0xAAD7	0xC3A7	MOV DI,0xaad7	KEEP
1000:ed6b	MOV	op1	0x379C	0x506C	MOV DI,0x379c	KEEP
1000:ed70	MOV	op1	0x00FF	0x19CF	MOV AX,0xff	KEEP
1000:ed7f	MOV	op1	0xAAE5	0xC3B5	MOV DI,0xaae5	KEEP
1000:ed89	MOV	op1	0x379C	0x506C	MOV DI,0x379c	KEEP
1000:ed93	MOV	op1	0x379C	0x506C	MOV DI,0x379c	KEEP
1000:ed98	MOV	op1	0x00FF	0x19CF	MOV AX,0xff	KEEP
1000:eda6	MOV	op1	0xAAE9	0xC3B9	MOV DI,0xaae9	KEEP
1000:edb2	MOV	op1	0xAAF1	0xC3C1	MOV DI,0xaaf1	KEEP
1000:edd0	MOV	op1	0xAB19	0xC3E9	MOV DI,0xab19	KEEP
1000:ede4	MOV	op1	0xAB1E	0xC3EE	MOV DI,0xab1e	KEEP
1000:ee04	MOV	op1	0xAB23	0xC3F3	MOV DI,0xab23	KEEP
1000:ee1d	MOV	op1	0xAB4A	0xC41A	MOV DI,0xab4a	KEEP
1eed:0034	MOV	op1	0x000E	0x107AE	MOV AX,word ptr [BP + 0xe]	KEEP
1eed:01bf	RETF	op0	0x000E	0x107AE	RETF 0xe	KEEP
1eed:01ee	PUSH	op0	0x000E	0x107AE	PUSH word ptr [BP + 0xe]	KEEP
1eed:0213	RETF	op0	0x000E	0x107AE	RETF 0xe	KEEP
1f16:0133	MOV	op0	0x3EC2	0x148F2	MOV word ptr [0x3ec2],DX	KEEP
1f16:01d7	MOV	op1	0x3EC2	0x148F2	MOV DX,word ptr [0x3ec2]	KEEP
1f16:04b4	CMP	op1	0x3EC2	0x148F2	CMP DL,byte ptr [0x3ec2]	KEEP
1f16:04f9	MOV	op1	0x3EC2	0x148F2	MOV DX,word ptr [0x3ec2]	KEEP
1f78:0224	CALL	op0	0xF9AA	0x1127A	CALL 0x1000:f9aa	KEEP
1f78:0374	LES	op1	0x0006	0x11056	LES DI,[BP + 0x6]	KEEP
1f78:03c3	LES	op1	0x0006	0x11056	LES DI,[BP + 0x6]	KEEP
1f78:03ea	MOV	op1	0x001C	0x1106C	MOV BX,0x1c	KEEP
1f78:05a0	LES	op1	0x0006	0x11056	LES BX,[BP + 0x6]	KEEP
1f78:05e0	LES	op1	0x0006	0x11056	LES BX,[BP + 0x6]	KEEP
1f78:0601	LES	op1	0x0006	0x11056	LES BX,[BP + 0x6]	KEEP
1f78:063f	LES	op1	0x0006	0x11056	LES BX,[BP + 0x6]	KEEP
1f78:0657	LES	op1	0x0006	0x11056	LES BX,[BP + 0x6]	KEEP
1f78:0681	MOV	op1	0x0006	0x11056	MOV DX,word ptr [BP + 0x6]	KEEP
1f78:06cf	MOV	op1	0x0006	0x11056	MOV CX,word ptr [BP + 0x6]	KEEP
1f78:06e6	RETF	op0	0x0006	0x11056	RETF 0x6	KEEP
1f78:070f	MOV	op1	0x0006	0x11056	MOV DX,word ptr [BP + 0x6]	KEEP
1f78:072a	RETF	op0	0x0006	0x11056	RETF 0x6	KEEP
1f78:07c3	MOV	op1	0x0006	0x11056	MOV AX,word ptr [BP + 0x6]	KEEP
1f78:07cb	RETF	op0	0x0006	0x11056	RETF 0x6	KEEP
1f78:0837	LDS	op1	0x0006	0x11056	LDS DX,[BP + 0x6]	KEEP
1f78:08d0	MOV	op1	0x0006	0x11056	MOV AX,word ptr [BP + 0x6]	KEEP
1f78:0922	MOV	op1	0x0006	0x11056	MOV CX,word ptr [BP + 0x6]	KEEP
1f78:09a9	LDS	op1	0x0006	0x11056	LDS SI,[BP + 0x6]	KEEP
1f78:0b0a	LES	op1	0x0006	0x11056	LES DI,SS:[BX + 0x6]	KEEP
1f78:0b36	MOV	op1	0x0006	0x11056	MOV CX,word ptr SS:[BX + 0x6]	KEEP
1f78:0b3c	JG	op0	0x02C1	0x11B91	JG 0x2000:02c1	KEEP
1f78:0ba3	LES	op1	0x0006	0x11056	LES DI,[BP + 0x6]	KEEP
1f78:0bd0	SUB	op1	0x0006	0x11056	SUB AX,word ptr [BP + 0x6]	KEEP
1f78:0c06	LES	op1	0x0006	0x11056	LES DI,SS:[BX + 0x6]	KEEP
1f78:0c37	CMP	op0	0x0006	0x11056	CMP word ptr [BP + 0x6],0x1	KEEP
1f78:0c3d	MOV	op0	0x0006	0x11056	MOV word ptr [BP + 0x6],0x1	KEEP
1f78:0c51	MOV	op1	0x0006	0x11056	MOV AX,word ptr [BP + 0x6]	KEEP
1f78:0c6e	PUSH	op0	0x0006	0x11056	PUSH word ptr [BP + 0x6]	KEEP
1f78:0c96	CMP	op0	0x0006	0x11056	CMP word ptr [BP + 0x6],0x0	KEEP
1f78:0ca3	CMP	op0	0x0006	0x11056	CMP word ptr [BP + 0x6],0xff	KEEP
1f78:0caa	MOV	op0	0x0006	0x11056	MOV word ptr [BP + 0x6],0xff	KEEP
1f78:0ce0	ADD	op1	0x0006	0x11056	ADD AX,word ptr [BP + 0x6]	KEEP
1f78:0f2a	MUL	op0	0x0006	0x11056	MUL word ptr [BP + 0x6]	KEEP
1f78:0f50	MUL	op0	0x0006	0x11056	MUL word ptr [BP + 0x6]	KEEP
1f78:10ff	CALL	op0	0x056E	0x11E3E	CALL 0x2000:056e	KEEP
1f78:11b1	MUL	op0	0x11DE	0x1222E	MUL word ptr CS:[0x11de]	KEEP
1f78:12ec	MOV	op1	0x0006	0x11056	MOV DX,word ptr [BP + 0x6]	KEEP
1f78:1342	LES	op1	0x0006	0x11056	LES DI,[BP + 0x6]	KEEP
1000:02c7	CALLF	op0	0xFA4D	0x1131D	CALLF 0x1000:fa4d	reject:not-a-string
1000:02cc	MOV	op1	0x3FCC	0x589C	MOV DI,0x3fcc	reject:not-a-string
1000:02d1	CALLF	op0	0xFD5D	0x1162D	CALLF 0x1000:fd5d	reject:not-a-string
1000:02d6	CALLF	op0	0xFA11	0x112E1	CALLF 0x1000:fa11	reject:not-a-string
1000:02db	MOV	op1	0x3FCC	0x589C	MOV DI,0x3fcc	reject:not-a-string
1000:02e0	CALLF	op0	0xFD5D	0x1162D	CALLF 0x1000:fd5d	reject:not-a-string
1000:02e5	CALLF	op0	0xFA11	0x112E1	CALLF 0x1000:fa11	reject:not-a-string
1000:02ea	MOV	op1	0x3FCC	0x589C	MOV DI,0x3fcc	reject:not-a-string
1000:02ef	CALLF	op0	0xFD5D	0x1162D	CALLF 0x1000:fd5d	reject:not-a-string
1000:02f4	CALLF	op0	0xFA11	0x112E1	CALLF 0x1000:fa11	reject:not-a-string
1000:02f9	MOV	op1	0x3FCC	0x589C	MOV DI,0x3fcc	reject:not-a-string
1000:02fe	CALLF	op0	0xFD5D	0x1162D	CALLF 0x1000:fd5d	reject:not-a-string
1000:0303	CALLF	op0	0xFA11	0x112E1	CALLF 0x1000:fa11	reject:not-a-string
1000:0308	MOV	op1	0x3FCC	0x589C	MOV DI,0x3fcc	reject:not-a-string
1000:030d	CALLF	op0	0xFD5D	0x1162D	CALLF 0x1000:fd5d	reject:not-a-string
1000:0312	CALLF	op0	0xFA11	0x112E1	CALLF 0x1000:fa11	reject:not-a-string
1000:032b	CALLF	op0	0xF092	0x10962	CALLF 0x1000:f092	reject:not-a-string
1000:0344	CALLF	op0	0xF092	0x10962	CALLF 0x1000:f092	reject:not-a-string
1000:035d	CALLF	op0	0xF092	0x10962	CALLF 0x1000:f092	reject:not-a-string
1000:0376	CALLF	op0	0xF092	0x10962	CALLF 0x1000:f092	reject:not-a-string
1000:038f	CALLF	op0	0xF092	0x10962	CALLF 0x1000:f092	reject:not-a-string
1000:03a8	CALLF	op0	0xF092	0x10962	CALLF 0x1000:f092	reject:not-a-string
1000:03c1	CALLF	op0	0xF092	0x10962	CALLF 0x1000:f092	reject:not-a-string
1000:03da	CALLF	op0	0xF092	0x10962	CALLF 0x1000:f092	reject:not-a-string
1000:03df	MOV	op1	0x3FCC	0x589C	MOV DI,0x3fcc	reject:not-a-string
1000:03e4	CALLF	op0	0xFD5D	0x1162D	CALLF 0x1000:fd5d	reject:not-a-string
1000:03e9	CALLF	op0	0xFA11	0x112E1	CALLF 0x1000:fa11	reject:not-a-string
1000:0402	CALLF	op0	0xF092	0x10962	CALLF 0x1000:f092	reject:not-a-string
1000:0407	MOV	op1	0x3FCC	0x589C	MOV DI,0x3fcc	reject:not-a-string
1000:040c	CALLF	op0	0xFD5D	0x1162D	CALLF 0x1000:fd5d	reject:not-a-string
1000:0411	CALLF	op0	0xFA11	0x112E1	CALLF 0x1000:fa11	reject:not-a-string
1000:0416	MOV	op1	0x3FCC	0x589C	MOV DI,0x3fcc	reject:not-a-string
1000:041b	CALLF	op0	0xFD5D	0x1162D	CALLF 0x1000:fd5d	reject:not-a-string
1000:0420	CALLF	op0	0xFA11	0x112E1	CALLF 0x1000:fa11	reject:not-a-string
1000:0425	MOV	op1	0x3FCC	0x589C	MOV DI,0x3fcc	reject:not-a-string
1000:042a	CALLF	op0	0xFD5D	0x1162D	CALLF 0x1000:fd5d	reject:not-a-string
1000:042f	CALLF	op0	0xFA11	0x112E1	CALLF 0x1000:fa11	reject:not-a-string
1000:0448	CALLF	op0	0xF092	0x10962	CALLF 0x1000:f092	reject:not-a-string
1000:044d	MOV	op1	0x3FCC	0x589C	MOV DI,0x3fcc	reject:not-a-string
1000:0452	CALLF	op0	0xFD5D	0x1162D	CALLF 0x1000:fd5d	reject:not-a-string
1000:0457	CALLF	op0	0xFA11	0x112E1	CALLF 0x1000:fa11	reject:not-a-string
1000:045c	MOV	op1	0x3FCC	0x589C	MOV DI,0x3fcc	reject:not-a-string
1000:0461	CALLF	op0	0xFD5D	0x1162D	CALLF 0x1000:fd5d	reject:not-a-string
1000:0466	CALLF	op0	0xFA11	0x112E1	CALLF 0x1000:fa11	reject:not-a-string
1000:046b	MOV	op1	0x3FCC	0x589C	MOV DI,0x3fcc	reject:not-a-string
1000:0470	CALLF	op0	0xFD5D	0x1162D	CALLF 0x1000:fd5d	reject:not-a-string
1000:0475	CALLF	op0	0xFA11	0x112E1	CALLF 0x1000:fa11	reject:not-a-string
1000:047a	MOV	op1	0x3FCC	0x589C	MOV DI,0x3fcc	reject:not-a-string
1000:047f	CALLF	op0	0xFD5D	0x1162D	CALLF 0x1000:fd5d	reject:not-a-string
1000:0484	CALLF	op0	0xFA11	0x112E1	CALLF 0x1000:fa11	reject:not-a-string
1000:049d	CALLF	op0	0xF092	0x10962	CALLF 0x1000:f092	reject:not-a-string
1000:04a5	CALLF	op0	0xF3C3	0x10C93	CALLF 0x1000:f3c3	reject:not-a-string
1000:04aa	CALLF	op0	0xF47A	0x10D4A	CALLF 0x1000:f47a	reject:not-a-string
1000:04b2	CALLF	op0	0xF3C3	0x10C93	CALLF 0x1000:f3c3	reject:not-a-string
1000:04b7	CALLF	op0	0xF32C	0x10BFC	CALLF 0x1000:f32c	reject:not-a-string
1000:0751	CALLF	op0	0xFA4D	0x1131D	CALLF 0x1000:fa4d	reject:not-a-string
1000:075a	CALLF	op0	0xF32C	0x10BFC	CALLF 0x1000:f32c	reject:not-a-string
1000:0763	JNZ	op0	0x076B	0x203B	JNZ 0x1000:076b	reject:not-a-string
1000:0765	MOV	op0	0xFFFF	0x118CF	MOV byte ptr [BP + -0x1],0x34	reject:not-a-string
1000:0769	JMP	op0	0x076F	0x203F	JMP 0x1000:076f	reject:not-a-string
1000:076b	MOV	op0	0xFFFF	0x118CF	MOV byte ptr [BP + -0x1],0x32	reject:not-a-string
1000:076f	MOV	op1	0x3FCC	0x589C	MOV DI,0x3fcc	reject:not-a-string
1000:0774	CALLF	op0	0xFD5D	0x1162D	CALLF 0x1000:fd5d	reject:not-a-string
1000:0779	CALLF	op0	0xFA11	0x112E1	CALLF 0x1000:fa11	reject:not-a-string
1000:077e	MOV	op1	0x3FCC	0x589C	MOV DI,0x3fcc	reject:not-a-string
1000:0783	CALLF	op0	0xFD5D	0x1162D	CALLF 0x1000:fd5d	reject:not-a-string
1000:0788	CALLF	op0	0xFA11	0x112E1	CALLF 0x1000:fa11	reject:not-a-string
1000:0791	JNZ	op0	0x07AE	0x207E	JNZ 0x1000:07ae	reject:not-a-string
1000:07a7	CALLF	op0	0xF092	0x10962	CALLF 0x1000:f092	reject:not-a-string
1000:07ac	JMP	op0	0x07C7	0x2097	JMP 0x1000:07c7	reject:not-a-string
1000:07c2	CALLF	op0	0xF092	0x10962	CALLF 0x1000:f092	reject:not-a-string
1000:07c7	MOV	op1	0x3FCC	0x589C	MOV DI,0x3fcc	reject:not-a-string
1000:07cc	CALLF	op0	0xFD5D	0x1162D	CALLF 0x1000:fd5d	reject:not-a-string
1000:07d1	CALLF	op0	0xFA11	0x112E1	CALLF 0x1000:fa11	reject:not-a-string
1000:07d6	MOV	op1	0x3FCC	0x589C	MOV DI,0x3fcc	reject:not-a-string
1000:07db	CALLF	op0	0xFD5D	0x1162D	CALLF 0x1000:fd5d	reject:not-a-string
1000:07e0	CALLF	op0	0xFA11	0x112E1	CALLF 0x1000:fa11	reject:not-a-string
1000:07e5	MOV	op1	0x3FCC	0x589C	MOV DI,0x3fcc	reject:not-a-string
1000:07ea	CALLF	op0	0xFD5D	0x1162D	CALLF 0x1000:fd5d	reject:not-a-string
1000:07ef	CALLF	op0	0xFA11	0x112E1	CALLF 0x1000:fa11	reject:not-a-string
1000:07f4	LEA	op1	0xFDFE	0x116CE	LEA DI,[BP + 0xfdfe]	reject:not-a-string
1000:07ff	CALLF	op0	0x0267	0x11B37	CALLF 0x2000:0267	reject:not-a-string
1000:0804	LEA	op1	0xFEFE	0x117CE	LEA DI,[BP + 0xfefe]	reject:not-a-string
1000:080a	MOV	op1	0xFFFF	0x118CF	MOV AL,byte ptr [BP + -0x1]	reject:not-a-string
1000:080e	CALLF	op0	0x0383	0x11C53	CALLF 0x2000:0383	reject:not-a-string
1000:0813	CALLF	op0	0x02E6	0x11BB6	CALLF 0x2000:02e6	reject:not-a-string
1000:081d	CALLF	op0	0x02E6	0x11BB6	CALLF 0x2000:02e6	reject:not-a-string
1000:0831	CALLF	op0	0xF092	0x10962	CALLF 0x1000:f092	reject:not-a-string
1000:0836	LEA	op1	0xFDFE	0x116CE	LEA DI,[BP + 0xfdfe]	reject:not-a-string
1000:0841	CALLF	op0	0x0267	0x11B37	CALLF 0x2000:0267	reject:not-a-string
1000:0846	LEA	op1	0xFEFE	0x117CE	LEA DI,[BP + 0xfefe]	reject:not-a-string
1000:084c	MOV	op1	0xFFFF	0x118CF	MOV AL,byte ptr [BP + -0x1]	reject:not-a-string
1000:0850	CALLF	op0	0x0383	0x11C53	CALLF 0x2000:0383	reject:not-a-string
1000:0855	CALLF	op0	0x02E6	0x11BB6	CALLF 0x2000:02e6	reject:not-a-string
1000:085f	CALLF	op0	0x02E6	0x11BB6	CALLF 0x2000:02e6	reject:not-a-string
1000:0873	CALLF	op0	0xF092	0x10962	CALLF 0x1000:f092	reject:not-a-string
1000:0878	LEA	op1	0xFDFE	0x116CE	LEA DI,[BP + 0xfdfe]	reject:not-a-string
1000:0883	CALLF	op0	0x0267	0x11B37	CALLF 0x2000:0267	reject:not-a-string
1000:0888	LEA	op1	0xFEFE	0x117CE	LEA DI,[BP + 0xfefe]	reject:not-a-string
1000:088e	MOV	op1	0xFFFF	0x118CF	MOV AL,byte ptr [BP + -0x1]	reject:not-a-string
1000:0892	CALLF	op0	0x0383	0x11C53	CALLF 0x2000:0383	reject:not-a-string
1000:0897	CALLF	op0	0x02E6	0x11BB6	CALLF 0x2000:02e6	reject:not-a-string
1000:08a1	CALLF	op0	0x02E6	0x11BB6	CALLF 0x2000:02e6	reject:not-a-string
1000:08b5	CALLF	op0	0xF092	0x10962	CALLF 0x1000:f092	reject:not-a-string
1000:08ba	LEA	op1	0xFDFE	0x116CE	LEA DI,[BP + 0xfdfe]	reject:not-a-string
1000:08c5	CALLF	op0	0x0267	0x11B37	CALLF 0x2000:0267	reject:not-a-string
1000:08ca	LEA	op1	0xFEFE	0x117CE	LEA DI,[BP + 0xfefe]	reject:not-a-string
1000:08d0	MOV	op1	0xFFFF	0x118CF	MOV AL,byte ptr [BP + -0x1]	reject:not-a-string
1000:08d4	CALLF	op0	0x0383	0x11C53	CALLF 0x2000:0383	reject:not-a-string
1000:08d9	CALLF	op0	0x02E6	0x11BB6	CALLF 0x2000:02e6	reject:not-a-string
1000:08e3	CALLF	op0	0x02E6	0x11BB6	CALLF 0x2000:02e6	reject:not-a-string
1000:08f7	CALLF	op0	0xF092	0x10962	CALLF 0x1000:f092	reject:not-a-string
1000:08fc	LEA	op1	0xFDFE	0x116CE	LEA DI,[BP + 0xfdfe]	reject:not-a-string
1000:0907	CALLF	op0	0x0267	0x11B37	CALLF 0x2000:0267	reject:not-a-string
1000:090c	LEA	op1	0xFEFE	0x117CE	LEA DI,[BP + 0xfefe]	reject:not-a-string
1000:0912	MOV	op1	0xFFFF	0x118CF	MOV AL,byte ptr [BP + -0x1]	reject:not-a-string
1000:0916	CALLF	op0	0x0383	0x11C53	CALLF 0x2000:0383	reject:not-a-string
1000:091b	CALLF	op0	0x02E6	0x11BB6	CALLF 0x2000:02e6	reject:not-a-string
1000:0925	CALLF	op0	0x02E6	0x11BB6	CALLF 0x2000:02e6	reject:not-a-string
1000:0939	CALLF	op0	0xF092	0x10962	CALLF 0x1000:f092	reject:not-a-string
1000:093e	LEA	op1	0xFDFE	0x116CE	LEA DI,[BP + 0xfdfe]	reject:not-a-string
1000:0949	CALLF	op0	0x0267	0x11B37	CALLF 0x2000:0267	reject:not-a-string
1000:094e	LEA	op1	0xFEFE	0x117CE	LEA DI,[BP + 0xfefe]	reject:not-a-string
1000:0954	MOV	op1	0xFFFF	0x118CF	MOV AL,byte ptr [BP + -0x1]	reject:not-a-string
1000:0958	CALLF	op0	0x0383	0x11C53	CALLF 0x2000:0383	reject:not-a-string
1000:095d	CALLF	op0	0x02E6	0x11BB6	CALLF 0x2000:02e6	reject:not-a-string
1000:0967	CALLF	op0	0x02E6	0x11BB6	CALLF 0x2000:02e6	reject:not-a-string
1000:097b	CALLF	op0	0xF092	0x10962	CALLF 0x1000:f092	reject:not-a-string
1000:0980	LEA	op1	0xFDFE	0x116CE	LEA DI,[BP + 0xfdfe]	reject:not-a-string
1000:098b	CALLF	op0	0x0267	0x11B37	CALLF 0x2000:0267	reject:not-a-string
1000:0990	LEA	op1	0xFEFE	0x117CE	LEA DI,[BP + 0xfefe]	reject:not-a-string
1000:0996	MOV	op1	0xFFFF	0x118CF	MOV AL,byte ptr [BP + -0x1]	reject:not-a-string
1000:099a	CALLF	op0	0x0383	0x11C53	CALLF 0x2000:0383	reject:not-a-string
1000:099f	CALLF	op0	0x02E6	0x11BB6	CALLF 0x2000:02e6	reject:not-a-string
1000:09a9	CALLF	op0	0x02E6	0x11BB6	CALLF 0x2000:02e6	reject:not-a-string
1000:09bd	CALLF	op0	0xF092	0x10962	CALLF 0x1000:f092	reject:not-a-string
1000:09c2	LEA	op1	0xFDFE	0x116CE	LEA DI,[BP + 0xfdfe]	reject:not-a-string
1000:09cd	CALLF	op0	0x0267	0x11B37	CALLF 0x2000:0267	reject:not-a-string
1000:09d2	LEA	op1	0xFEFE	0x117CE	LEA DI,[BP + 0xfefe]	reject:not-a-string
1000:09d8	MOV	op1	0xFFFF	0x118CF	MOV AL,byte ptr [BP + -0x1]	reject:not-a-string
1000:09dc	CALLF	op0	0x0383	0x11C53	CALLF 0x2000:0383	reject:not-a-string
1000:09e1	CALLF	op0	0x02E6	0x11BB6	CALLF 0x2000:02e6	reject:not-a-string
1000:09eb	CALLF	op0	0x02E6	0x11BB6	CALLF 0x2000:02e6	reject:not-a-string
1000:09ff	CALLF	op0	0xF092	0x10962	CALLF 0x1000:f092	reject:not-a-string
1000:0a04	MOV	op1	0x3FCC	0x589C	MOV DI,0x3fcc	reject:not-a-string
1000:0a09	CALLF	op0	0xFD5D	0x1162D	CALLF 0x1000:fd5d	reject:not-a-string
1000:0a0e	CALLF	op0	0xFA11	0x112E1	CALLF 0x1000:fa11	reject:not-a-string
1000:0a13	MOV	op1	0x3FCC	0x589C	MOV DI,0x3fcc	reject:not-a-string
1000:0a18	CALLF	op0	0xFD5D	0x1162D	CALLF 0x1000:fd5d	reject:not-a-string
1000:0a1d	CALLF	op0	0xFA11	0x112E1	CALLF 0x1000:fa11	reject:not-a-string
1000:0a22	MOV	op1	0x3FCC	0x589C	MOV DI,0x3fcc	reject:not-a-string
1000:0a27	CALLF	op0	0xFD5D	0x1162D	CALLF 0x1000:fd5d	reject:not-a-string
1000:0a2c	CALLF	op0	0xFA11	0x112E1	CALLF 0x1000:fa11	reject:not-a-string
1000:0a31	MOV	op1	0x3FCC	0x589C	MOV DI,0x3fcc	reject:not-a-string
1000:0a36	CALLF	op0	0xFD5D	0x1162D	CALLF 0x1000:fd5d	reject:not-a-string
1000:0a3b	CALLF	op0	0xFA11	0x112E1	CALLF 0x1000:fa11	reject:not-a-string
1000:0a40	MOV	op1	0x3FCC	0x589C	MOV DI,0x3fcc	reject:not-a-string
1000:0a45	CALLF	op0	0xFD5D	0x1162D	CALLF 0x1000:fd5d	reject:not-a-string
1000:0a4a	CALLF	op0	0xFA11	0x112E1	CALLF 0x1000:fa11	reject:not-a-string
1000:0a63	CALLF	op0	0xF092	0x10962	CALLF 0x1000:f092	reject:not-a-string
1000:0a68	MOV	op1	0x3FCC	0x589C	MOV DI,0x3fcc	reject:not-a-string
1000:0a6d	CALLF	op0	0xFD5D	0x1162D	CALLF 0x1000:fd5d	reject:not-a-string
1000:0a72	CALLF	op0	0xFA11	0x112E1	CALLF 0x1000:fa11	reject:not-a-string
1000:0a77	MOV	op1	0x3FCC	0x589C	MOV DI,0x3fcc	reject:not-a-string
1000:0a7c	CALLF	op0	0xFD5D	0x1162D	CALLF 0x1000:fd5d	reject:not-a-string
1000:0a81	CALLF	op0	0xFA11	0x112E1	CALLF 0x1000:fa11	reject:not-a-string
1000:0a86	MOV	op1	0x3FCC	0x589C	MOV DI,0x3fcc	reject:not-a-string
1000:0a8b	CALLF	op0	0xFD5D	0x1162D	CALLF 0x1000:fd5d	reject:not-a-string
1000:0a90	CALLF	op0	0xFA11	0x112E1	CALLF 0x1000:fa11	reject:not-a-string
1000:0a95	MOV	op1	0x3FCC	0x589C	MOV DI,0x3fcc	reject:not-a-string
1000:0a9a	CALLF	op0	0xFD5D	0x1162D	CALLF 0x1000:fd5d	reject:not-a-string
1000:0a9f	CALLF	op0	0xFA11	0x112E1	CALLF 0x1000:fa11	reject:not-a-string
1000:0aa7	CALLF	op0	0xF3C3	0x10C93	CALLF 0x1000:f3c3	reject:not-a-string
1000:0aac	CALLF	op0	0xF47A	0x10D4A	CALLF 0x1000:f47a	reject:not-a-string
1000:0ab4	CALLF	op0	0xF3C3	0x10C93	CALLF 0x1000:f3c3	reject:not-a-string
1000:0ab9	CALLF	op0	0xF32C	0x10BFC	CALLF 0x1000:f32c	reject:not-a-string
1000:0ac0	CALLF	op0	0xF896	0x11166	CALLF 0x1000:f896	reject:not-a-string
1000:0acd	ADD	op1	0x035E	0x1C2E	ADD DL,byte ptr [BP + SI + 0x35e]	reject:not-a-string
1000:0ad7	ADD	op1	0x025E	0x1B2E	ADD DL,byte ptr [BP + DI + 0x25e]	reject:not-a-string
1000:0aef	MOV	op1	0x0B0C	0x23DC	MOV AX,0xb0c	reject:not-a-string
1000:0af2	CALLF	op0	0xFA4D	0x1131D	CALLF 0x1000:fa4d	reject:not-a-string
1000:0af7	SUB	op1	0x0B0C	0x23DC	SUB SP,0xb0c	reject:not-a-string
1000:0afb	MOV	op0	0xFFF5	0x118C5	MOV byte ptr [BP + -0xb],0x1	reject:not-a-string
1000:0aff	JMP	op0	0x0B04	0x23D4	JMP 0x1000:0b04	reject:not-a-string
1000:0b01	INC	op0	0xFFF5	0x118C5	INC byte ptr [BP + -0xb]	reject:not-a-string
1000:0b04	MOV	op1	0xFFF5	0x118C5	MOV AL,byte ptr [BP + -0xb]	reject:not-a-string
1000:0b16	MOV	op1	0xFFF5	0x118C5	MOV AL,byte ptr [BP + -0xb]	reject:not-a-string
1000:0b1d	MOV	op0	0xFFF5	0x118C5	MOV byte ptr [BP + DI + -0xb],DL	reject:not-a-string
1000:0b20	CMP	op0	0xFFF5	0x118C5	CMP byte ptr [BP + -0xb],0xa	reject:not-a-string
1000:0b24	JNZ	op0	0x0B01	0x23D1	JNZ 0x1000:0b01	reject:not-a-string
1000:0b26	MOV	op0	0xFFF4	0x118C4	MOV byte ptr [BP + -0xc],0x0	reject:not-a-string
1000:0b2a	MOV	op0	0xFFF5	0x118C5	MOV byte ptr [BP + -0xb],0x1	reject:not-a-string
1000:0b2e	JMP	op0	0x0B33	0x2403	JMP 0x1000:0b33	reject:not-a-string
1000:0b30	INC	op0	0xFFF5	0x118C5	INC byte ptr [BP + -0xb]	reject:not-a-string
1000:0b33	MOV	op1	0xFFF4	0x118C4	MOV AL,byte ptr [BP + -0xc]	reject:not-a-string
1000:0b3a	MOV	op1	0xFFF5	0x118C5	MOV AL,byte ptr [BP + -0xb]	reject:not-a-string
1000:0b4e	MOV	op1	0xFFF5	0x118C5	MOV AL,byte ptr [BP + -0xb]	reject:not-a-string
1000:0b55	MOV	op0	0xFFF5	0x118C5	MOV byte ptr [BP + DI + -0xb],DL	reject:not-a-string
1000:0b58	CMP	op0	0xFFF5	0x118C5	CMP byte ptr [BP + -0xb],0xa	reject:not-a-string
1000:0b5c	JNZ	op0	0x0B30	0x2400	JNZ 0x1000:0b30	reject:not-a-string
1000:0b5e	MOV	op1	0x1388	0x2C58	MOV AX,0x1388	reject:not-a-string
1000:0b62	CALLF	op0	0xF408	0x10CD8	CALLF 0x1000:f408	reject:not-a-string
1000:0b67	CALLF	op0	0xF32C	0x10BFC	CALLF 0x1000:f32c	reject:not-a-string
1000:0b6c	MOV	op0	0xFFF5	0x118C5	MOV byte ptr [BP + -0xb],0x1	reject:not-a-string
1000:0b70	JMP	op0	0x0B75	0x2445	JMP 0x1000:0b75	reject:not-a-string
1000:0b72	INC	op0	0xFFF5	0x118C5	INC byte ptr [BP + -0xb]	reject:not-a-string
1000:0b75	MOV	op1	0x3FCC	0x589C	MOV DI,0x3fcc	reject:not-a-string
1000:0b80	CALLF	op0	0xFDFB	0x116CB	CALLF 0x1000:fdfb	reject:not-a-string
1000:0b85	CALLF	op0	0xFD7E	0x1164E	CALLF 0x1000:fd7e	reject:not-a-string
1000:0b8a	CALLF	op0	0xFA11	0x112E1	CALLF 0x1000:fa11	reject:not-a-string
1000:0b8f	CMP	op0	0xFFF5	0x118C5	CMP byte ptr [BP + -0xb],0x20	reject:not-a-string
1000:0b93	JNZ	op0	0x0B72	0x2442	JNZ 0x1000:0b72	reject:not-a-string
1000:0b95	LEA	op1	0xFDF4	0x116C4	LEA DI,[BP + 0xfdf4]	reject:not-a-string
1000:0b9b	MOV	op1	0x0ACB	0x239B	MOV DI,0xacb	reject:not-a-string
1000:0ba0	CALLF	op0	0x0267	0x11B37	CALLF 0x2000:0267	reject:not-a-string
1000:0ba5	LEA	op1	0xFEF4	0x117C4	LEA DI,[BP + 0xfef4]	reject:not-a-string
1000:0bab	MOV	op1	0xFFF6	0x118C6	MOV AL,byte ptr [BP + -0xa]	reject:not-a-string
1000:0baf	CALLF	op0	0x0383	0x11C53	CALLF 0x2000:0383	reject:not-a-string
1000:0bb4	CALLF	op0	0x02E6	0x11BB6	CALLF 0x2000:02e6	reject:not-a-string
1000:0bb9	MOV	op1	0x0ACD	0x239D	MOV DI,0xacd	reject:not-a-string
1000:0bbe	CALLF	op0	0x02E6	0x11BB6	CALLF 0x2000:02e6	reject:not-a-string
1000:0bc3	LEA	op1	0xFCF4	0x115C4	LEA DI,[BP + 0xfcf4]	reject:not-a-string
1000:0bcd	CALLF	op0	0x0383	0x11C53	CALLF 0x2000:0383	reject:not-a-string
1000:0bd2	CALLF	op0	0x02E6	0x11BB6	CALLF 0x2000:02e6	reject:not-a-string
1000:0bdc	CALLF	op0	0x02E6	0x11BB6	CALLF 0x2000:02e6	reject:not-a-string
1000:0be1	LEA	op1	0xFBF4	0x114C4	LEA DI,[BP + 0xfbf4]	reject:not-a-string
1000:0be7	MOV	op1	0xFFF8	0x118C8	MOV AL,byte ptr [BP + -0x8]	reject:not-a-string
1000:0beb	CALLF	op0	0x0383	0x11C53	CALLF 0x2000:0383	reject:not-a-string
1000:0bf0	CALLF	op0	0x02E6	0x11BB6	CALLF 0x2000:02e6	reject:not-a-string
1000:0bf5	MOV	op1	0x0AD4	0x23A4	MOV DI,0xad4	reject:not-a-string
1000:0bfa	CALLF	op0	0x02E6	0x11BB6	CALLF 0x2000:02e6	reject:not-a-string
1000:0bff	LEA	op1	0xFAF4	0x113C4	LEA DI,[BP + 0xfaf4]	reject:not-a-string
1000:0c05	MOV	op1	0xFFF9	0x118C9	MOV AL,byte ptr [BP + -0x7]	reject:not-a-string
1000:0c09	CALLF	op0	0x0383	0x11C53	CALLF 0x2000:0383	reject:not-a-string
1000:0c0e	CALLF	op0	0x02E6	0x11BB6	CALLF 0x2000:02e6	reject:not-a-string
1000:0c13	MOV	op1	0x0AD7	0x23A7	MOV DI,0xad7	reject:not-a-string
1000:0c18	CALLF	op0	0x02E6	0x11BB6	CALLF 0x2000:02e6	reject:not-a-string
1000:0c1d	LEA	op1	0xF9F4	0x112C4	LEA DI,[BP + 0xf9f4]	reject:not-a-string
1000:0c23	MOV	op1	0xFFFA	0x118CA	MOV AL,byte ptr [BP + -0x6]	reject:not-a-string
1000:0c27	CALLF	op0	0x0383	0x11C53	CALLF 0x2000:0383	reject:not-a-string
1000:0c2c	CALLF	op0	0x02E6	0x11BB6	CALLF 0x2000:02e6	reject:not-a-string
1000:0c31	MOV	op1	0x0ADA	0x23AA	MOV DI,0xada	reject:not-a-string
1000:0c36	CALLF	op0	0x02E6	0x11BB6	CALLF 0x2000:02e6	reject:not-a-string
1000:0c3b	LEA	op1	0xF8F4	0x111C4	LEA DI,[BP + 0xf8f4]	reject:not-a-string
1000:0c41	MOV	op1	0xFFFB	0x118CB	MOV AL,byte ptr [BP + -0x5]	reject:not-a-string
1000:0c45	CALLF	op0	0x0383	0x11C53	CALLF 0x2000:0383	reject:not-a-string
1000:0c4a	CALLF	op0	0x02E6	0x11BB6	CALLF 0x2000:02e6	reject:not-a-string
1000:0c4f	MOV	op1	0x0ADD	0x23AD	MOV DI,0xadd	reject:not-a-string
1000:0c54	CALLF	op0	0x02E6	0x11BB6	CALLF 0x2000:02e6	reject:not-a-string
1000:0c59	LEA	op1	0xF7F4	0x110C4	LEA DI,[BP + 0xf7f4]	reject:not-a-string
1000:0c5f	MOV	op1	0xFFFC	0x118CC	MOV AL,byte ptr [BP + -0x4]	reject:not-a-string
1000:0c63	CALLF	op0	0x0383	0x11C53	CALLF 0x2000:0383	reject:not-a-string
1000:0c68	CALLF	op0	0x02E6	0x11BB6	CALLF 0x2000:02e6	reject:not-a-string
1000:0c72	CALLF	op0	0x02E6	0x11BB6	CALLF 0x2000:02e6	reject:not-a-string
1000:0c77	LEA	op1	0xF6F4	0x10FC4	LEA DI,[BP + 0xf6f4]	reject:not-a-string
1000:0c7d	MOV	op1	0xFFFD	0x118CD	MOV AL,byte ptr [BP + -0x3]	reject:not-a-string
1000:0c81	CALLF	op0	0x0383	0x11C53	CALLF 0x2000:0383	reject:not-a-string
1000:0c86	CALLF	op0	0x02E6	0x11BB6	CALLF 0x2000:02e6	reject:not-a-string
1000:0c8b	MOV	op1	0x0AE4	0x23B4	MOV DI,0xae4	reject:not-a-string
1000:0c90	CALLF	op0	0x02E6	0x11BB6	CALLF 0x2000:02e6	reject:not-a-string
1000:0c95	LEA	op1	0xF5F4	0x10EC4	LEA DI,[BP + 0xf5f4]	reject:not-a-string
1000:0c9b	MOV	op1	0xFFFE	0x118CE	MOV AL,byte ptr [BP + -0x2]	reject:not-a-string
1000:0c9f	CALLF	op0	0x0383	0x11C53	CALLF 0x2000:0383	reject:not-a-string
1000:0ca4	CALLF	op0	0x02E6	0x11BB6	CALLF 0x2000:02e6	reject:not-a-string
1000:0ca9	MOV	op1	0x0AE7	0x23B7	MOV DI,0xae7	reject:not-a-string
1000:0cae	CALLF	op0	0x02E6	0x11BB6	CALLF 0x2000:02e6	reject:not-a-string
1000:0cb3	LEA	op1	0xF4F4	0x10DC4	LEA DI,[BP + 0xf4f4]	reject:not-a-string
1000:0cb9	MOV	op1	0xFFFF	0x118CF	MOV AL,byte ptr [BP + -0x1]	reject:not-a-string
1000:0cbd	CALLF	op0	0x0383	0x11C53	CALLF 0x2000:0383	reject:not-a-string
1000:0cc2	CALLF	op0	0x02E6	0x11BB6	CALLF 0x2000:02e6	reject:not-a-string
1000:0cc7	MOV	op1	0x0AEA	0x23BA	MOV DI,0xaea	reject:not-a-string
1000:0ccc	CALLF	op0	0x02E6	0x11BB6	CALLF 0x2000:02e6	reject:not-a-string
1000:0ce0	CALLF	op0	0xF092	0x10962	CALLF 0x1000:f092	reject:not-a-string
1000:0ce5	CMP	op0	0xFFF4	0x118C4	CMP byte ptr [BP + -0xc],0x8	reject:not-a-string
1000:0ce9	JNC	op0	0x0CF0	0x25C0	JNC 0x1000:0cf0	reject:not-a-string
1000:0ceb	INC	op0	0xFFF4	0x118C4	INC byte ptr [BP + -0xc]	reject:not-a-string
1000:0cee	JMP	op0	0x0CF4	0x25C4	JMP 0x1000:0cf4	reject:not-a-string
1000:0cf0	MOV	op0	0xFFF4	0x118C4	MOV byte ptr [BP + -0xc],0x0	reject:not-a-string
1000:0cf4	CALLF	op0	0xF468	0x10D38	CALLF 0x1000:f468	reject:not-a-string
1000:0cfb	JNZ	op0	0x0D00	0x25D0	JNZ 0x1000:0d00	reject:not-a-string
1000:0cfd	JMP	op0	0x0B2A	0x23FA	JMP 0x1000:0b2a	reject:not-a-string
1000:0d00	CALLF	op0	0xF47A	0x10D4A	CALLF 0x1000:f47a	reject:not-a-string
1000:0d05	CALLF	op0	0xF47A	0x10D4A	CALLF 0x1000:f47a	reject:not-a-string
1000:0d0d	CALL	op0	0x074B	0x201B	CALL 0x1000:074b	reject:not-a-string
1000:0d1a	CALLF	op0	0xFA4D	0x1131D	CALLF 0x1000:fa4d	reject:not-a-string
1000:0d26	CALLF	op0	0x08CB	0x1219B	CALLF 0x2000:08cb	reject:not-a-string
1000:0d2c	MOV	op0	0x3952	0x5222	MOV [0x3952],AX	reject:not-a-string
1000:0d2f	MOV	op0	0xFFFF	0x118CF	MOV byte ptr [BP + -0x1],0x1	reject:not-a-string
1000:0d33	JMP	op0	0x0D38	0x2608	JMP 0x1000:0d38	reject:not-a-string
1000:0d35	INC	op0	0xFFFF	0x118CF	INC byte ptr [BP + -0x1]	reject:not-a-string
1000:0d38	MOV	op1	0xFFFF	0x118CF	MOV AL,byte ptr [BP + -0x1]	reject:not-a-string
1000:0d3f	MOV	op1	0x3952	0x5222	MOV AX,[0x3952]	reject:not-a-string
1000:0d46	JGE	op0	0x0D5B	0x262B	JGE 0x1000:0d5b	reject:not-a-string
1000:0d48	MOV	op1	0xFFFF	0x118CF	MOV AL,byte ptr [BP + -0x1]	reject:not-a-string
1000:0d54	MOV	op0	0x3952	0x5222	MOV [0x3952],AX	reject:not-a-string
1000:0d57	JMP	op0	0x0D6A	0x263A	JMP 0x1000:0d6a	reject:not-a-string
1000:0d5b	MOV	op1	0xFFFF	0x118CF	MOV AL,byte ptr [BP + -0x1]	reject:not-a-string
1000:0d60	SUB	op0	0x3952	0x5222	SUB word ptr [0x3952],AX	reject:not-a-string
1000:0d64	CMP	op0	0xFFFF	0x118CF	CMP byte ptr [BP + -0x1],0xa	reject:not-a-string
1000:0d68	JNZ	op0	0x0D35	0x2605	JNZ 0x1000:0d35	reject:not-a-string
1000:0d6a	MOV	op1	0x3692	0x4F62	MOV AL,[0x3692]	reject:not-a-string
1000:0d70	CALLF	op0	0x08CB	0x1219B	CALLF 0x2000:08cb	reject:not-a-string
1000:0d7b	MOV	op1	0x3952	0x5222	MOV AX,[0x3952]	reject:not-a-string
1000:0d83	MOV	op0	0x3952	0x5222	MOV [0x3952],AX	reject:not-a-string
1000:0d86	CMP	op0	0x3693	0x4F63	CMP byte ptr [0x3693],0x0	reject:not-a-string
1000:0d8b	JZ	op0	0x0D9A	0x266A	JZ 0x1000:0d9a	reject:not-a-string
1000:0d91	CALLF	op0	0x08CB	0x1219B	CALLF 0x2000:08cb	reject:not-a-string
1000:0d96	ADD	op0	0x3952	0x5222	ADD word ptr [0x3952],AX	reject:not-a-string
1000:0d9a	CMP	op0	0x3952	0x5222	CMP word ptr [0x3952],0x9	reject:not-a-string
1000:0d9f	JLE	op0	0x0DA7	0x2677	JLE 0x1000:0da7	reject:not-a-string
1000:0da1	MOV	op0	0x3952	0x5222	MOV word ptr [0x3952],0x9	reject:not-a-string
1000:0dab	JNZ	op0	0x0DBA	0x268A	JNZ 0x1000:0dba	reject:not-a-string
1000:0dad	CMP	op0	0x3952	0x5222	CMP word ptr [0x3952],0x7	reject:not-a-string
1000:0db2	JLE	op0	0x0DBA	0x268A	JLE 0x1000:0dba	reject:not-a-string
1000:0db4	MOV	op0	0x3952	0x5222	MOV word ptr [0x3952],0x7	reject:not-a-string
1000:0dbe	JNZ	op0	0x0DC6	0x2696	JNZ 0x1000:0dc6	reject:not-a-string
1000:0dc0	MOV	op0	0x3952	0x5222	MOV word ptr [0x3952],0x8	reject:not-a-string
1000:0dc6	MOV	op1	0x3692	0x4F62	MOV AL,[0x3692]	reject:not-a-string
1000:0dcc	CALLF	op0	0x08CB	0x1219B	CALLF 0x2000:08cb	reject:not-a-string
1000:0ddd	CALLF	op0	0x08CB	0x1219B	CALLF 0x2000:08cb	reject:not-a-string
1000:0de4	CALLF	op0	0x08A5	0x12175	CALLF 0x2000:08a5	reject:not-a-string
1000:0df0	CALLF	op0	0x08CB	0x1219B	CALLF 0x2000:08cb	reject:not-a-string
1000:0df8	CALLF	op0	0x08A5	0x12175	CALLF 0x2000:08a5	reject:not-a-string
1000:0e04	CALLF	op0	0x08CB	0x1219B	CALLF 0x2000:08cb	reject:not-a-string
1000:0e10	MOV	op1	0x38A6	0x5176	MOV AX,[0x38a6]	reject:not-a-string
1000:0e14	CALLF	op0	0x0152	0x11A22	CALLF 0x2000:0152	reject:not-a-string
1000:0e19	CALLF	op0	0x08A5	0x12175	CALLF 0x2000:08a5	reject:not-a-string
1000:0e21	CALLF	op0	0x0897	0x12167	CALLF 0x2000:0897	reject:not-a-string
1000:0e29	CALLF	op0	0x087F	0x1214F	CALLF 0x2000:087f	reject:not-a-string
1000:0e35	CALLF	op0	0x0885	0x12155	CALLF 0x2000:0885	reject:not-a-string
1000:0e3a	CALLF	op0	0x08B1	0x12181	CALLF 0x2000:08b1	reject:not-a-string
1000:0e45	MOV	op0	0x395C	0x522C	MOV [0x395c],AX	reject:not-a-string
1000:0e48	CMP	op0	0x395C	0x522C	CMP word ptr [0x395c],0x0	reject:not-a-string
1000:0e4d	JGE	op0	0x0E54	0x2724	JGE 0x1000:0e54	reject:not-a-string
1000:0e51	MOV	op0	0x395C	0x522C	MOV [0x395c],AX	reject:not-a-string
1000:0e54	CMP	op0	0x3693	0x4F63	CMP byte ptr [0x3693],0x0	reject:not-a-string
1000:0e59	JZ	op0	0x0E79	0x2749	JZ 0x1000:0e79	reject:not-a-string
1000:0e5b	MOV	op1	0x395C	0x522C	MOV AX,[0x395c]	reject:not-a-string
1000:0e5f	CALLF	op0	0x08A5	0x12175	CALLF 0x2000:08a5	reject:not-a-string
1000:0e69	MOV	op1	0x4000	0x58D0	MOV DI,0x4000	reject:not-a-string
1000:0e6c	CALLF	op0	0x0891	0x12161	CALLF 0x2000:0891	reject:not-a-string
1000:0e71	CALLF	op0	0x08B1	0x12181	CALLF 0x2000:08b1	reject:not-a-string
1000:0e76	MOV	op0	0x395C	0x522C	MOV [0x395c],AX	reject:not-a-string
1000:0e7b	MOV	op0	0x3954	0x5224	MOV [0x3954],AX	reject:not-a-string
1000:0e80	MOV	op0	0x3956	0x5226	MOV [0x3956],AX	reject:not-a-string
1000:0e85	MOV	op0	0x3958	0x5228	MOV [0x3958],AX	reject:not-a-string
1000:0e8a	MOV	op0	0x395A	0x522A	MOV [0x395a],AX	reject:not-a-string
1000:0e8d	MOV	op1	0x3952	0x5222	MOV DI,word ptr [0x3952]	reject:not-a-string
1000:0e9d	MOV	op1	0x3952	0x5222	MOV DI,word ptr [0x3952]	reject:not-a-string
1000:0ead	MOV	op1	0x3952	0x5222	MOV DI,word ptr [0x3952]	reject:not-a-string
1000:0ebd	MOV	op1	0x3952	0x5222	MOV DI,word ptr [0x3952]	reject:not-a-string
1000:0ed1	MOV	op0	0xFFFE	0x118CE	MOV byte ptr [BP + -0x2],AL	reject:not-a-string
1000:0ed4	MOV	op1	0x395C	0x522C	MOV AX,[0x395c]	reject:not-a-string
1000:0edb	MOV	op1	0xFFFE	0x118CE	MOV AL,byte ptr [BP + -0x2]	reject:not-a-string
1000:0ee2	MOV	op0	0xFFFC	0x118CC	MOV byte ptr [BP + -0x4],AL	reject:not-a-string
1000:0ee7	CMP	op1	0xFFFC	0x118CC	CMP AL,byte ptr [BP + -0x4]	reject:not-a-string
1000:0eea	JBE	op0	0x0EEF	0x27BF	JBE 0x1000:0eef	reject:not-a-string
1000:0eec	JMP	op0	0x0FF3	0x28C3	JMP 0x1000:0ff3	reject:not-a-string
1000:0eef	MOV	op0	0xFFFF	0x118CF	MOV byte ptr [BP + -0x1],AL	reject:not-a-string
1000:0ef2	JMP	op0	0x0EF7	0x27C7	JMP 0x1000:0ef7	reject:not-a-string
1000:0ef4	INC	op0	0xFFFF	0x118CF	INC byte ptr [BP + -0x1]	reject:not-a-string
1000:0ef7	MOV	op1	0xFFFE	0x118CE	MOV AL,byte ptr [BP + -0x2]	reject:not-a-string
1000:0efd	CALLF	op0	0x08CB	0x1219B	CALLF 0x2000:08cb	reject:not-a-string
1000:0f03	MOV	op0	0xFFFD	0x118CD	MOV byte ptr [BP + -0x3],AL	reject:not-a-string
1000:0f06	MOV	op1	0xFFFD	0x118CD	MOV AL,byte ptr [BP + -0x3]	reject:not-a-string
1000:0f09	MOV	op1	0x3952	0x5222	MOV DI,word ptr [0x3952]	reject:not-a-string
1000:0f15	JA	op0	0x0F1E	0x27EE	JA 0x1000:0f1e	reject:not-a-string
1000:0f17	INC	op0	0x3954	0x5224	INC word ptr [0x3954]	reject:not-a-string
1000:0f1b	JMP	op0	0x0FE8	0x28B8	JMP 0x1000:0fe8	reject:not-a-string
1000:0f1e	MOV	op1	0x3952	0x5222	MOV DI,word ptr [0x3952]	reject:not-a-string
1000:0f2e	MOV	op1	0x3952	0x5222	MOV DI,word ptr [0x3952]	reject:not-a-string
1000:0f40	MOV	op1	0xFFFD	0x118CD	MOV AL,byte ptr [BP + -0x3]	reject:not-a-string
1000:0f47	JG	op0	0x0F50	0x2820	JG 0x1000:0f50	reject:not-a-string
1000:0f49	INC	op0	0x3956	0x5226	INC word ptr [0x3956]	reject:not-a-string
1000:0f4d	JMP	op0	0x0FE8	0x28B8	JMP 0x1000:0fe8	reject:not-a-string
1000:0f50	MOV	op1	0x3952	0x5222	MOV DI,word ptr [0x3952]	reject:not-a-string
1000:0f60	MOV	op1	0x3952	0x5222	MOV DI,word ptr [0x3952]	reject:not-a-string
1000:0f70	MOV	op1	0x3952	0x5222	MOV DI,word ptr [0x3952]	reject:not-a-string
1000:0f84	MOV	op1	0xFFFD	0x118CD	MOV AL,byte ptr [BP + -0x3]	reject:not-a-string
1000:0f8b	JG	op0	0x0F93	0x2863	JG 0x1000:0f93	reject:not-a-string
1000:0f8d	INC	op0	0x3958	0x5228	INC word ptr [0x3958]	reject:not-a-string
1000:0f91	JMP	op0	0x0FE8	0x28B8	JMP 0x1000:0fe8	reject:not-a-string
1000:0f93	MOV	op1	0x3952	0x5222	MOV DI,word ptr [0x3952]	reject:not-a-string
1000:0fa3	MOV	op1	0x3952	0x5222	MOV DI,word ptr [0x3952]	reject:not-a-string
1000:0fb3	MOV	op1	0x3952	0x5222	MOV DI,word ptr [0x3952]	reject:not-a-string
1000:0fc3	MOV	op1	0x3952	0x5222	MOV DI,word ptr [0x3952]	reject:not-a-string
1000:0fd9	MOV	op1	0xFFFD	0x118CD	MOV AL,byte ptr [BP + -0x3]	reject:not-a-string
1000:0fe0	JG	op0	0x0FE8	0x28B8	JG 0x1000:0fe8	reject:not-a-string
1000:0fe2	INC	op0	0x395A	0x522A	INC word ptr [0x395a]	reject:not-a-string
1000:0fe6	JMP	op0	0x0FE8	0x28B8	JMP 0x1000:0fe8	reject:not-a-string
1000:0fe8	MOV	op1	0xFFFF	0x118CF	MOV AL,byte ptr [BP + -0x1]	reject:not-a-string
1000:0feb	CMP	op1	0xFFFC	0x118CC	CMP AL,byte ptr [BP + -0x4]	reject:not-a-string
1000:0fee	JZ	op0	0x0FF3	0x28C3	JZ 0x1000:0ff3	reject:not-a-string
1000:0ff0	JMP	op0	0x0EF4	0x27C4	JMP 0x1000:0ef4	reject:not-a-string
1000:0ff3	MOV	op1	0x3954	0x5224	MOV AX,[0x3954]	reject:not-a-string
1000:0ffc	MOV	op0	0x395E	0x522E	MOV [0x395e],AX	reject:not-a-string
1000:0fff	MOV	op1	0x3954	0x5224	MOV AX,[0x3954]	reject:not-a-string
1000:1002	MOV	op0	0x3960	0x5230	MOV [0x3960],AX	reject:not-a-string
1000:1005	MOV	op1	0x3958	0x5228	MOV AX,[0x3958]	reject:not-a-string
1000:1010	ADD	op1	0x3954	0x5224	ADD AX,word ptr [0x3954]	reject:not-a-string
1000:1017	MOV	op0	0x3964	0x5234	MOV [0x3964],AX	reject:not-a-string
1000:101a	MOV	op1	0x3964	0x5234	MOV AX,[0x3964]	reject:not-a-string
1000:101d	MOV	op0	0x3962	0x5232	MOV [0x3962],AX	reject:not-a-string
1000:1020	MOV	op0	0x3966	0x5236	MOV byte ptr [0x3966],0x0	reject:not-a-string
1000:1025	MOV	op0	0x3967	0x5237	MOV byte ptr [0x3967],0x0	reject:not-a-string
1000:102e	CALLF	op0	0x08CB	0x1219B	CALLF 0x2000:08cb	reject:not-a-string
1000:1037	MOV	op1	0x3952	0x5222	MOV AX,[0x3952]	reject:not-a-string
1000:103a	MUL	op0	0x395C	0x522C	MUL word ptr [0x395c]	reject:not-a-string
1000:103f	CALLF	op0	0x08A5	0x12175	CALLF 0x2000:08a5	reject:not-a-string
1000:1049	MOV	op1	0x2000	0x38D0	MOV DI,0x2000	reject:not-a-string
1000:104c	CALLF	op0	0x0897	0x12167	CALLF 0x2000:0897	reject:not-a-string
1000:1051	CALLF	op0	0x08B1	0x12181	CALLF 0x2000:08b1	reject:not-a-string
1000:1058	MOV	op1	0x395C	0x522C	MOV AX,[0x395c]	reject:not-a-string
1000:106a	MOV	op1	0x3952	0x5222	MOV AX,[0x3952]	reject:not-a-string
1000:106d	MUL	op0	0x395C	0x522C	MUL word ptr [0x395c]	reject:not-a-string
1000:1072	CALLF	op0	0x08A5	0x12175	CALLF 0x2000:08a5	reject:not-a-string
1000:107c	MOV	op1	0x2000	0x38D0	MOV DI,0x2000	reject:not-a-string
1000:107f	CALLF	op0	0x0897	0x12167	CALLF 0x2000:0897	reject:not-a-string
1000:1084	CALLF	op0	0x08B1	0x12181	CALLF 0x2000:08b1	reject:not-a-string
1000:108b	MOV	op1	0x395C	0x522C	MOV AX,[0x395c]	reject:not-a-string
1000:109c	CALLF	op0	0x08CB	0x1219B	CALLF 0x2000:08cb	reject:not-a-string
1000:10b1	MOV	op0	0x396E	0x523E	MOV [0x396e],AX	reject:not-a-string
1000:10b4	CMP	op0	0x396E	0x523E	CMP word ptr [0x396e],0x0	reject:not-a-string
1000:10b9	JGE	op0	0x10C0	0x2990	JGE 0x1000:10c0	reject:not-a-string
1000:10bd	MOV	op0	0x396E	0x523E	MOV [0x396e],AX	reject:not-a-string
1000:10c4	CALLF	op0	0x08CB	0x1219B	CALLF 0x2000:08cb	reject:not-a-string
1000:10cd	MOV	op1	0x3952	0x5222	MOV AX,[0x3952]	reject:not-a-string
1000:10d0	MUL	op0	0x395C	0x522C	MUL word ptr [0x395c]	reject:not-a-string
1000:10d5	CALLF	op0	0x08A5	0x12175	CALLF 0x2000:08a5	reject:not-a-string
1000:10df	MOV	op1	0x2000	0x38D0	MOV DI,0x2000	reject:not-a-string
1000:10e2	CALLF	op0	0x0897	0x12167	CALLF 0x2000:0897	reject:not-a-string
1000:10e7	CALLF	op0	0x08B1	0x12181	CALLF 0x2000:08b1	reject:not-a-string
1000:10ee	MOV	op1	0x395C	0x522C	MOV AX,[0x395c]	reject:not-a-string
1000:1103	CALLF	op0	0x018F	0x11A5F	CALLF 0x2000:018f	reject:not-a-string
1000:110a	MOV	op1	0x3952	0x5222	MOV AX,[0x3952]	reject:not-a-string
1000:110d	MUL	op0	0x395C	0x522C	MUL word ptr [0x395c]	reject:not-a-string
1000:1112	CALLF	op0	0x08A5	0x12175	CALLF 0x2000:08a5	reject:not-a-string
1000:111c	MOV	op1	0x2000	0x38D0	MOV DI,0x2000	reject:not-a-string
1000:111f	CALLF	op0	0x0897	0x12167	CALLF 0x2000:0897	reject:not-a-string
1000:1124	CALLF	op0	0x08B1	0x12181	CALLF 0x2000:08b1	reject:not-a-string
1000:112b	MOV	op1	0x395C	0x522C	MOV AX,[0x395c]	reject:not-a-string
1000:113c	CALLF	op0	0x08CB	0x1219B	CALLF 0x2000:08cb	reject:not-a-string
1000:114f	MOV	op0	0x396C	0x523C	MOV [0x396c],AX	reject:not-a-string
1000:1152	CMP	op0	0x396C	0x523C	CMP word ptr [0x396c],0x0	reject:not-a-string
1000:1157	JGE	op0	0x115E	0x2A2E	JGE 0x1000:115e	reject:not-a-string
1000:115b	MOV	op0	0x396C	0x523C	MOV [0x396c],AX	reject:not-a-string
1000:1162	CALLF	op0	0x08CB	0x1219B	CALLF 0x2000:08cb	reject:not-a-string
1000:116b	MOV	op1	0x395C	0x522C	MOV AX,[0x395c]	reject:not-a-string
1000:1181	MOV	op0	0x396A	0x523A	MOV [0x396a],AX	reject:not-a-string
1000:1184	MOV	op1	0x3692	0x4F62	MOV AL,[0x3692]	reject:not-a-string
1000:1197	CALLF	op0	0x08CB	0x1219B	CALLF 0x2000:08cb	reject:not-a-string
1000:11a0	MOV	op1	0x3692	0x4F62	MOV AL,[0x3692]	reject:not-a-string
1000:11b9	MOV	op0	0x3968	0x5238	MOV [0x3968],AL	reject:not-a-string
1000:11c8	CALLF	op0	0xFA4D	0x1131D	CALLF 0x1000:fa4d	reject:not-a-string
1000:11d0	MOV	op0	0x3952	0x5222	MOV word ptr [0x3952],0xa	reject:not-a-string
1000:11da	JNZ	op0	0x11FF	0x2ACF	JNZ 0x1000:11ff	reject:not-a-string
1000:11dc	MOV	op0	0x395C	0x522C	MOV word ptr [0x395c],0x7d	reject:not-a-string
1000:11e2	MOV	op0	0x3954	0x5224	MOV word ptr [0x3954],0x29	reject:not-a-string
1000:11e8	MOV	op0	0x3956	0x5226	MOV word ptr [0x3956],0x32	reject:not-a-string
1000:11ee	MOV	op0	0x3958	0x5228	MOV word ptr [0x3958],0x7b	reject:not-a-string
1000:11f4	MOV	op0	0x395A	0x522A	MOV word ptr [0x395a],0x24	reject:not-a-string
1000:11fa	MOV	op0	0x3968	0x5238	MOV byte ptr [0x3968],0x3c	reject:not-a-string
1000:1203	JNZ	op0	0x1228	0x2AF8	JNZ 0x1000:1228	reject:not-a-string
1000:1205	MOV	op0	0x395C	0x522C	MOV word ptr [0x395c],0xa0	reject:not-a-string
1000:120b	MOV	op0	0x3954	0x5224	MOV word ptr [0x3954],0x32	reject:not-a-string
1000:1211	MOV	op0	0x3956	0x5226	MOV word ptr [0x3956],0x3c	reject:not-a-string
1000:1217	MOV	op0	0x3958	0x5228	MOV word ptr [0x3958],0xbc	reject:not-a-string
1000:121d	MOV	op0	0x395A	0x522A	MOV word ptr [0x395a],0x20	reject:not-a-string
1000:1223	MOV	op0	0x3968	0x5238	MOV byte ptr [0x3968],0x50	reject:not-a-string
1000:1228	MOV	op1	0x3954	0x5224	MOV AX,[0x3954]	reject:not-a-string
1000:1231	MOV	op0	0x395E	0x522E	MOV [0x395e],AX	reject:not-a-string
1000:1234	MOV	op1	0x3954	0x5224	MOV AX,[0x3954]	reject:not-a-string
1000:1237	MOV	op0	0x3960	0x5230	MOV [0x3960],AX	reject:not-a-string
1000:123a	MOV	op1	0x3958	0x5228	MOV AX,[0x3958]	reject:not-a-string
1000:1245	ADD	op1	0x3954	0x5224	ADD AX,word ptr [0x3954]	reject:not-a-string
1000:124c	MOV	op0	0x3964	0x5234	MOV [0x3964],AX	reject:not-a-string
1000:124f	MOV	op1	0x3964	0x5234	MOV AX,[0x3964]	reject:not-a-string
1000:1252	MOV	op0	0x3962	0x5232	MOV [0x3962],AX	reject:not-a-string
1000:1255	MOV	op0	0x3966	0x5236	MOV byte ptr [0x3966],0x0	reject:not-a-string
1000:125a	MOV	op0	0x3967	0x5237	MOV byte ptr [0x3967],0x0	reject:not-a-string
1000:1261	MOV	op0	0x396C	0x523C	MOV [0x396c],AX	reject:not-a-string
1000:1266	MOV	op0	0x396A	0x523A	MOV [0x396a],AX	reject:not-a-string
1000:126b	MOV	op0	0x396E	0x523E	MOV [0x396e],AX	reject:not-a-string
1000:134b	MOV	op1	0x0406	0x1CD6	MOV AX,0x406	reject:not-a-string
1000:134e	CALLF	op0	0xFA4D	0x1131D	CALLF 0x1000:fa4d	reject:not-a-string
1000:1353	SUB	op1	0x0406	0x1CD6	SUB SP,0x406	reject:not-a-string
1000:1357	MOV	op0	0xFF00	0x117D0	MOV byte ptr [BP + 0xff00],0x0	reject:not-a-string
1000:135c	CMP	op0	0x395C	0x522C	CMP word ptr [0x395c],0x28	reject:not-a-string
1000:1361	JG	op0	0x1382	0x2C52	JG 0x1000:1382	reject:not-a-string
1000:1363	MOV	op1	0x395C	0x522C	MOV DI,word ptr [0x395c]	reject:not-a-string
1000:136b	ADD	op1	0x0B42	0x2412	ADD DI,0xb42	reject:not-a-string
1000:1371	LEA	op1	0xFE00	0x116D0	LEA DI,[BP + 0xfe00]	reject:not-a-string
1000:137b	CALLF	op0	0x0281	0x11B51	CALLF 0x2000:0281	reject:not-a-string
1000:1380	JMP	op0	0x1396	0x2C66	JMP 0x1000:1396	reject:not-a-string
1000:1387	LEA	op1	0xFE00	0x116D0	LEA DI,[BP + 0xfe00]	reject:not-a-string
1000:1391	CALLF	op0	0x0281	0x11B51	CALLF 0x2000:0281	reject:not-a-string
1000:1396	LEA	op1	0xFCFA	0x115CA	LEA DI,[BP + 0xfcfa]	reject:not-a-string
1000:13a1	CALLF	op0	0x0267	0x11B37	CALLF 0x2000:0267	reject:not-a-string
1000:13a6	LEA	op1	0xFE00	0x116D0	LEA DI,[BP + 0xfe00]	reject:not-a-string
1000:13ac	CALLF	op0	0x02E6	0x11BB6	CALLF 0x2000:02e6	reject:not-a-string
1000:13b1	LEA	op1	0xFE00	0x116D0	LEA DI,[BP + 0xfe00]	reject:not-a-string
1000:13bb	CALLF	op0	0x0281	0x11B51	CALLF 0x2000:0281	reject:not-a-string
1000:13c0	CMP	op0	0x3952	0x5222	CMP word ptr [0x3952],0x8	reject:not-a-string
1000:13c5	JL	op0	0x13CC	0x2C9C	JL 0x1000:13cc	reject:not-a-string
1000:13c7	MOV	op0	0xFE00	0x116D0	MOV byte ptr [BP + 0xfe00],0x0	reject:not-a-string
1000:13cc	LEA	op1	0xFCFA	0x115CA	LEA DI,[BP + 0xfcfa]	reject:not-a-string
1000:13d7	CALLF	op0	0x0267	0x11B37	CALLF 0x2000:0267	reject:not-a-string
1000:13dc	MOV	op1	0x3952	0x5222	MOV DI,word ptr [0x3952]	reject:not-a-string
1000:13ea	CALLF	op0	0x02E6	0x11BB6	CALLF 0x2000:02e6	reject:not-a-string
1000:13f4	CALLF	op0	0x02E6	0x11BB6	CALLF 0x2000:02e6	reject:not-a-string
1000:13f9	LEA	op1	0xFE00	0x116D0	LEA DI,[BP + 0xfe00]	reject:not-a-string
1000:13ff	CALLF	op0	0x02E6	0x11BB6	CALLF 0x2000:02e6	reject:not-a-string
1000:1404	PUSH	op0	0x395C	0x522C	PUSH word ptr [0x395c]	reject:not-a-string
1000:1414	CALLF	op0	0xF092	0x10962	CALLF 0x1000:f092	reject:not-a-string
1000:141e	PUSH	op0	0x3954	0x5224	PUSH word ptr [0x3954]	reject:not-a-string
1000:1422	PUSH	op0	0x3956	0x5226	PUSH word ptr [0x3956]	reject:not-a-string
1000:1426	PUSH	op0	0x3958	0x5228	PUSH word ptr [0x3958]	reject:not-a-string
1000:142a	PUSH	op0	0x395A	0x522A	PUSH word ptr [0x395a]	reject:not-a-string
1000:1431	CALLF	op0	0xF092	0x10962	CALLF 0x1000:f092	reject:not-a-string
1000:143b	PUSH	op0	0x395E	0x522E	PUSH word ptr [0x395e]	reject:not-a-string
1000:143f	PUSH	op0	0x3960	0x5230	PUSH word ptr [0x3960]	reject:not-a-string
1000:144c	CALLF	op0	0xF092	0x10962	CALLF 0x1000:f092	reject:not-a-string
1000:1451	MOV	op0	0xFF00	0x117D0	MOV byte ptr [BP + 0xff00],0x0	reject:not-a-string
1000:1456	CMP	op0	0x3966	0x5236	CMP byte ptr [0x3966],0x1	reject:not-a-string
1000:145b	JNZ	op0	0x1487	0x2D57	JNZ 0x1000:1487	reject:not-a-string
1000:145d	LEA	op1	0xFCFA	0x115CA	LEA DI,[BP + 0xfcfa]	reject:not-a-string
1000:1463	LEA	op1	0xFF00	0x117D0	LEA DI,[BP + 0xff00]	reject:not-a-string
1000:1469	CALLF	op0	0x0267	0x11B37	CALLF 0x2000:0267	reject:not-a-string
1000:1473	CALLF	op0	0x02E6	0x11BB6	CALLF 0x2000:02e6	reject:not-a-string
1000:1478	LEA	op1	0xFF00	0x117D0	LEA DI,[BP + 0xff00]	reject:not-a-string
1000:1482	CALLF	op0	0x0281	0x11B51	CALLF 0x2000:0281	reject:not-a-string
1000:1487	CMP	op0	0x3967	0x5237	CMP byte ptr [0x3967],0x1	reject:not-a-string
1000:148c	JNZ	op0	0x14B8	0x2D88	JNZ 0x1000:14b8	reject:not-a-string
1000:148e	LEA	op1	0xFCFA	0x115CA	LEA DI,[BP + 0xfcfa]	reject:not-a-string
1000:1494	LEA	op1	0xFF00	0x117D0	LEA DI,[BP + 0xff00]	reject:not-a-string
1000:149a	CALLF	op0	0x0267	0x11B37	CALLF 0x2000:0267	reject:not-a-string
1000:14a4	CALLF	op0	0x02E6	0x11BB6	CALLF 0x2000:02e6	reject:not-a-string
1000:14a9	LEA	op1	0xFF00	0x117D0	LEA DI,[BP + 0xff00]	reject:not-a-string
1000:14b3	CALLF	op0	0x0281	0x11B51	CALLF 0x2000:0281	reject:not-a-string
1000:14b8	MOV	op0	0xFDFF	0x116CF	MOV byte ptr [BP + 0xfdff],0x34	reject:not-a-string
1000:14bd	MOV	op1	0x3964	0x5234	MOV AX,[0x3964]	reject:not-a-string
1000:14c1	CALLF	op0	0x08A5	0x12175	CALLF 0x2000:08a5	reject:not-a-string
1000:14c9	MOV	op1	0x3962	0x5232	MOV AX,[0x3962]	reject:not-a-string
1000:14cd	CALLF	op0	0x08A5	0x12175	CALLF 0x2000:08a5	reject:not-a-string
1000:14d5	CALLF	op0	0x0897	0x12167	CALLF 0x2000:0897	reject:not-a-string
1000:14e1	CALLF	op0	0x08A1	0x12171	CALLF 0x2000:08a1	reject:not-a-string
1000:14e6	JBE	op0	0x14ED	0x2DBD	JBE 0x1000:14ed	reject:not-a-string
1000:14e8	MOV	op0	0xFDFF	0x116CF	MOV byte ptr [BP + 0xfdff],0x36	reject:not-a-string
1000:14ed	MOV	op1	0x3964	0x5234	MOV AX,[0x3964]	reject:not-a-string
1000:14f1	CALLF	op0	0x08A5	0x12175	CALLF 0x2000:08a5	reject:not-a-string
1000:14f9	MOV	op1	0x3962	0x5232	MOV AX,[0x3962]	reject:not-a-string
1000:14fd	CALLF	op0	0x08A5	0x12175	CALLF 0x2000:08a5	reject:not-a-string
1000:1505	CALLF	op0	0x0897	0x12167	CALLF 0x2000:0897	reject:not-a-string
1000:1511	CALLF	op0	0x08A1	0x12171	CALLF 0x2000:08a1	reject:not-a-string
1000:1516	JBE	op0	0x151D	0x2DED	JBE 0x1000:151d	reject:not-a-string
1000:1518	MOV	op0	0xFDFF	0x116CF	MOV byte ptr [BP + 0xfdff],0x32	reject:not-a-string
1000:151d	LEA	op1	0xFBFA	0x114CA	LEA DI,[BP + 0xfbfa]	reject:not-a-string
1000:1523	MOV	op1	0x12DC	0x2BAC	MOV DI,0x12dc	reject:not-a-string
1000:1528	CALLF	op0	0x0267	0x11B37	CALLF 0x2000:0267	reject:not-a-string
1000:152d	LEA	op1	0xFCFA	0x115CA	LEA DI,[BP + 0xfcfa]	reject:not-a-string
1000:1533	MOV	op1	0xFDFF	0x116CF	MOV AL,byte ptr [BP + 0xfdff]	reject:not-a-string
1000:1538	CALLF	op0	0x0383	0x11C53	CALLF 0x2000:0383	reject:not-a-string
1000:153d	CALLF	op0	0x02E6	0x11BB6	CALLF 0x2000:02e6	reject:not-a-string
1000:1547	CALLF	op0	0x02E6	0x11BB6	CALLF 0x2000:02e6	reject:not-a-string
1000:154c	LEA	op1	0xFF00	0x117D0	LEA DI,[BP + 0xff00]	reject:not-a-string
1000:1552	CALLF	op0	0x02E6	0x11BB6	CALLF 0x2000:02e6	reject:not-a-string
1000:1557	PUSH	op0	0x3962	0x5232	PUSH word ptr [0x3962]	reject:not-a-string
1000:155b	PUSH	op0	0x3964	0x5234	PUSH word ptr [0x3964]	reject:not-a-string
1000:1568	CALLF	op0	0xF092	0x10962	CALLF 0x1000:f092	reject:not-a-string
1000:156d	MOV	op1	0x3956	0x5226	MOV AX,[0x3956]	reject:not-a-string
1000:1570	MOV	op0	0xFDFC	0x116CC	MOV word ptr [BP + 0xfdfc],AX	reject:not-a-string
1000:1574	CMP	op0	0xFDFC	0x116CC	CMP word ptr [BP + 0xfdfc],0xe	reject:not-a-string
1000:1579	JG	op0	0x15A4	0x2E74	JG 0x1000:15a4	reject:not-a-string
1000:1580	MOV	op1	0xFDFC	0x116CC	MOV AX,word ptr [BP + 0xfdfc]	reject:not-a-string
1000:159c	CALLF	op0	0xF092	0x10962	CALLF 0x1000:f092	reject:not-a-string
1000:15a1	JMP	op0	0x1638	0x2F08	JMP 0x1000:1638	reject:not-a-string
1000:15b8	CALLF	op0	0xEED0	0x107A0	CALLF 0x1000:eed0	reject:not-a-string
1000:15bd	MOV	op1	0xFDFC	0x116CC	MOV AX,word ptr [BP + 0xfdfc]	reject:not-a-string
1000:15c4	MOV	op0	0xFDFC	0x116CC	MOV word ptr [BP + 0xfdfc],AX	reject:not-a-string
1000:15c8	MOV	op0	0xFDFA	0x116CA	MOV word ptr [BP + 0xfdfa],0x1	reject:not-a-string
1000:15ce	CMP	op0	0xFDFC	0x116CC	CMP word ptr [BP + 0xfdfc],0x12	reject:not-a-string
1000:15d3	JLE	op0	0x15E0	0x2EB0	JLE 0x1000:15e0	reject:not-a-string
1000:15d5	SUB	op0	0xFDFC	0x116CC	SUB word ptr [BP + 0xfdfc],0x12	reject:not-a-string
1000:15da	INC	op0	0xFDFA	0x116CA	INC word ptr [BP + 0xfdfa]	reject:not-a-string
1000:15de	JMP	op0	0x15CE	0x2E9E	JMP 0x1000:15ce	reject:not-a-string
1000:15e0	CMP	op0	0xFDFA	0x116CA	CMP word ptr [BP + 0xfdfa],0x1	reject:not-a-string
1000:15e5	JNZ	op0	0x160A	0x2EDA	JNZ 0x1000:160a	reject:not-a-string
1000:15ec	MOV	op1	0xFDFC	0x116CC	MOV AX,word ptr [BP + 0xfdfc]	reject:not-a-string
1000:1605	CALLF	op0	0xF092	0x10962	CALLF 0x1000:f092	reject:not-a-string
1000:160a	CMP	op0	0xFDFA	0x116CA	CMP word ptr [BP + 0xfdfa],0x1	reject:not-a-string
1000:160f	JLE	op0	0x1638	0x2F08	JLE 0x1000:1638	reject:not-a-string
1000:1616	PUSH	op0	0xFDFA	0x116CA	PUSH word ptr [BP + 0xfdfa]	reject:not-a-string
1000:161a	MOV	op1	0xFDFA	0x116CA	MOV AX,word ptr [BP + 0xfdfa]	reject:not-a-string
1000:1620	MOV	op1	0xFDFC	0x116CC	MOV AX,word ptr [BP + 0xfdfc]	reject:not-a-string
1000:1633	CALLF	op0	0xF092	0x10962	CALLF 0x1000:f092	reject:not-a-string
1000:1638	CMP	op0	0x3968	0x5238	CMP byte ptr [0x3968],0x0	reject:not-a-string
1000:163d	JBE	op0	0x165B	0x2F2B	JBE 0x1000:165b	reject:not-a-string
1000:1644	MOV	op1	0x3968	0x5238	MOV AL,[0x3968]	reject:not-a-string
1000:1656	CALLF	op0	0xF092	0x10962	CALLF 0x1000:f092	reject:not-a-string
1000:1a09	CALLF	op0	0xFA4D	0x1131D	CALLF 0x1000:fa4d	reject:not-a-string
1000:1a17	LEA	op1	0xFF00	0x117D0	LEA DI,[BP + 0xff00]	reject:not-a-string
1000:1a21	CALLF	op0	0x0281	0x11B51	CALLF 0x2000:0281	reject:not-a-string
1000:1a26	LEA	op1	0xFDFA	0x116CA	LEA DI,[BP + 0xfdfa]	reject:not-a-string
1000:1a31	CALLF	op0	0x0267	0x11B37	CALLF 0x2000:0267	reject:not-a-string
1000:1a44	CALLF	op0	0x02E6	0x11BB6	CALLF 0x2000:02e6	reject:not-a-string
1000:1a4e	CALLF	op0	0x02E6	0x11BB6	CALLF 0x2000:02e6	reject:not-a-string
1000:1a53	MOV	op1	0x38A6	0x5176	MOV DI,word ptr [0x38a6]	reject:not-a-string
1000:1a5b	ADD	op1	0x0B42	0x2412	ADD DI,0xb42	reject:not-a-string
1000:1a61	CALLF	op0	0x02E6	0x11BB6	CALLF 0x2000:02e6	reject:not-a-string
1000:1a66	PUSH	op0	0x38A6	0x5176	PUSH word ptr [0x38a6]	reject:not-a-string
1000:1a76	CALLF	op0	0xF092	0x10962	CALLF 0x1000:f092	reject:not-a-string
1000:1a7b	LEA	op1	0xFDFA	0x116CA	LEA DI,[BP + 0xfdfa]	reject:not-a-string
1000:1a86	CALLF	op0	0x0267	0x11B37	CALLF 0x2000:0267	reject:not-a-string
1000:1a90	CALLF	op0	0x02E6	0x11BB6	CALLF 0x2000:02e6	reject:not-a-string
1000:1aa4	CALLF	op0	0xF092	0x10962	CALLF 0x1000:f092	reject:not-a-string
1000:1aa9	CMP	op0	0x38A6	0x5176	CMP word ptr [0x38a6],0x27	reject:not-a-string
1000:1aae	JG	op0	0x1ACB	0x339B	JG 0x1000:1acb	reject:not-a-string
1000:1ab5	PUSH	op0	0x38CE	0x519E	PUSH word ptr [0x38ce]	reject:not-a-string
1000:1ab9	PUSH	op0	0x38D0	0x51A0	PUSH word ptr [0x38d0]	reject:not-a-string
1000:1ac6	CALLF	op0	0xF092	0x10962	CALLF 0x1000:f092	reject:not-a-string
1000:1acb	CMP	op0	0x38CD	0x519D	CMP byte ptr [0x38cd],0x0	reject:not-a-string
1000:1ad0	JA	op0	0x1AE0	0x33B0	JA 0x1000:1ae0	reject:not-a-string
1000:1ad7	JNZ	op0	0x1AE0	0x33B0	JNZ 0x1000:1ae0	reject:not-a-string
1000:1ad9	CMP	op0	0x38C0	0x5190	CMP byte ptr [0x38c0],0x0	reject:not-a-string
1000:1ade	JZ	op0	0x1AE5	0x33B5	JZ 0x1000:1ae5	reject:not-a-string
1000:1ae0	MOV	op0	0xFF01	0x117D1	MOV byte ptr [BP + 0xff01],0x31	reject:not-a-string
1000:1aea	JNZ	op0	0x1AF3	0x33C3	JNZ 0x1000:1af3	reject:not-a-string
1000:1aec	CMP	op0	0x38C0	0x5190	CMP byte ptr [0x38c0],0x0	reject:not-a-string
1000:1af1	JZ	op0	0x1AFD	0x33CD	JZ 0x1000:1afd	reject:not-a-string
1000:1af3	MOV	op0	0xFF02	0x117D2	MOV byte ptr [BP + 0xff02],0x31	reject:not-a-string
1000:1af8	MOV	op0	0xFF03	0x117D3	MOV byte ptr [BP + 0xff03],0x31	reject:not-a-string
1000:1b02	JNZ	op0	0x1B19	0x33E9	JNZ 0x1000:1b19	reject:not-a-string
1000:1b04	CMP	op0	0x38BE	0x518E	CMP byte ptr [0x38be],0x0	reject:not-a-string
1000:1b09	JNZ	op0	0x1B19	0x33E9	JNZ 0x1000:1b19	reject:not-a-string
1000:1b10	JNZ	op0	0x1B19	0x33E9	JNZ 0x1000:1b19	reject:not-a-string
1000:1b12	CMP	op0	0x38C0	0x5190	CMP byte ptr [0x38c0],0x0	reject:not-a-string
1000:1b17	JZ	op0	0x1B1E	0x33EE	JZ 0x1000:1b1e	reject:not-a-string
1000:1b19	MOV	op0	0xFF04	0x117D4	MOV byte ptr [BP + 0xff04],0x31	reject:not-a-string
1000:1b1e	LEA	op1	0xFCFA	0x115CA	LEA DI,[BP + 0xfcfa]	reject:not-a-string
1000:1b29	CALLF	op0	0x0267	0x11B37	CALLF 0x2000:0267	reject:not-a-string
1000:1b2e	LEA	op1	0xFDFA	0x116CA	LEA DI,[BP + 0xfdfa]	reject:not-a-string
1000:1b34	MOV	op1	0xFF01	0x117D1	MOV AL,byte ptr [BP + 0xff01]	reject:not-a-string
1000:1b39	CALLF	op0	0x0383	0x11C53	CALLF 0x2000:0383	reject:not-a-string
1000:1b3e	CALLF	op0	0x02E6	0x11BB6	CALLF 0x2000:02e6	reject:not-a-string
1000:1b48	CALLF	op0	0x02E6	0x11BB6	CALLF 0x2000:02e6	reject:not-a-string
1000:1b4d	LEA	op1	0xFBFA	0x114CA	LEA DI,[BP + 0xfbfa]	reject:not-a-string
1000:1b53	MOV	op1	0xFF02	0x117D2	MOV AL,byte ptr [BP + 0xff02]	reject:not-a-string
1000:1b58	CALLF	op0	0x0383	0x11C53	CALLF 0x2000:0383	reject:not-a-string
1000:1b5d	CALLF	op0	0x02E6	0x11BB6	CALLF 0x2000:02e6	reject:not-a-string
1000:1b67	CALLF	op0	0x02E6	0x11BB6	CALLF 0x2000:02e6	reject:not-a-string
1000:1b6c	LEA	op1	0xFAFA	0x113CA	LEA DI,[BP + 0xfafa]	reject:not-a-string
1000:1b72	MOV	op1	0xFF03	0x117D3	MOV AL,byte ptr [BP + 0xff03]	reject:not-a-string
1000:1b77	CALLF	op0	0x0383	0x11C53	CALLF 0x2000:0383	reject:not-a-string
1000:1b7c	CALLF	op0	0x02E6	0x11BB6	CALLF 0x2000:02e6	reject:not-a-string
1000:1b86	CALLF	op0	0x02E6	0x11BB6	CALLF 0x2000:02e6	reject:not-a-string
1000:1b8b	LEA	op1	0xF9FA	0x112CA	LEA DI,[BP + 0xf9fa]	reject:not-a-string
1000:1b91	MOV	op1	0xFF04	0x117D4	MOV AL,byte ptr [BP + 0xff04]	reject:not-a-string
1000:1b96	CALLF	op0	0x0383	0x11C53	CALLF 0x2000:0383	reject:not-a-string
1000:1b9b	CALLF	op0	0x02E6	0x11BB6	CALLF 0x2000:02e6	reject:not-a-string
1000:1ba0	MOV	op1	0x16D7	0x2FA7	MOV DI,0x16d7	reject:not-a-string
1000:1ba5	CALLF	op0	0x02E6	0x11BB6	CALLF 0x2000:02e6	reject:not-a-string
1000:1baa	PUSH	op0	0x389E	0x516E	PUSH word ptr [0x389e]	reject:not-a-string
1000:1bae	PUSH	op0	0x38A0	0x5170	PUSH word ptr [0x38a0]	reject:not-a-string
1000:1bb2	PUSH	op0	0x38A2	0x5172	PUSH word ptr [0x38a2]	reject:not-a-string
1000:1bb6	PUSH	op0	0x38A4	0x5174	PUSH word ptr [0x38a4]	reject:not-a-string
1000:1bbd	CALLF	op0	0xF092	0x10962	CALLF 0x1000:f092	reject:not-a-string
1000:1bc7	JNZ	op0	0x1BD0	0x34A0	JNZ 0x1000:1bd0	reject:not-a-string
1000:1bc9	CMP	op0	0x38BE	0x518E	CMP byte ptr [0x38be],0x0	reject:not-a-string
1000:1bce	JZ	op0	0x1C38	0x3508	JZ 0x1000:1c38	reject:not-a-string
1000:1be4	CALLF	op0	0xEED0	0x107A0	CALLF 0x1000:eed0	reject:not-a-string
1000:1bee	JZ	op0	0x1C09	0x34D9	JZ 0x1000:1c09	reject:not-a-string
1000:1c04	CALLF	op0	0xEED0	0x107A0	CALLF 0x1000:eed0	reject:not-a-string
1000:1c09	CMP	op0	0x38BE	0x518E	CMP byte ptr [0x38be],0x0	reject:not-a-string
1000:1c0e	JZ	op0	0x1C29	0x34F9	JZ 0x1000:1c29	reject:not-a-string
1000:1c24	CALLF	op0	0xEED0	0x107A0	CALLF 0x1000:eed0	reject:not-a-string
1000:1c29	MOV	op1	0x3FCC	0x589C	MOV DI,0x3fcc	reject:not-a-string
1000:1c2e	CALLF	op0	0xFD5D	0x1162D	CALLF 0x1000:fd5d	reject:not-a-string
1000:1c33	CALLF	op0	0xFA11	0x112E1	CALLF 0x1000:fa11	reject:not-a-string
1000:1c3d	JNZ	op0	0x1C50	0x3520	JNZ 0x1000:1c50	reject:not-a-string
1000:1c3f	CMP	op0	0x38C0	0x5190	CMP byte ptr [0x38c0],0x0	reject:not-a-string
1000:1c44	JNZ	op0	0x1C50	0x3520	JNZ 0x1000:1c50	reject:not-a-string
1000:1c46	CMP	op0	0x38C1	0x5191	CMP byte ptr [0x38c1],0x0	reject:not-a-string
1000:1c4b	JNZ	op0	0x1C50	0x3520	JNZ 0x1000:1c50	reject:not-a-string
1000:1c4d	JMP	op0	0x1CD8	0x35A8	JMP 0x1000:1cd8	reject:not-a-string
1000:1c64	CALLF	op0	0xEED0	0x107A0	CALLF 0x1000:eed0	reject:not-a-string
1000:1c6e	JZ	op0	0x1C89	0x3559	JZ 0x1000:1c89	reject:not-a-string
1000:1c84	CALLF	op0	0xEED0	0x107A0	CALLF 0x1000:eed0	reject:not-a-string
1000:1c89	CMP	op0	0x38C0	0x5190	CMP byte ptr [0x38c0],0x0	reject:not-a-string
1000:1c8e	JZ	op0	0x1CA9	0x3579	JZ 0x1000:1ca9	reject:not-a-string
1000:1ca4	CALLF	op0	0xEED0	0x107A0	CALLF 0x1000:eed0	reject:not-a-string
1000:1ca9	CMP	op0	0x38C1	0x5191	CMP byte ptr [0x38c1],0x0	reject:not-a-string
1000:1cae	JZ	op0	0x1CC9	0x3599	JZ 0x1000:1cc9	reject:not-a-string
1000:1cc4	CALLF	op0	0xEED0	0x107A0	CALLF 0x1000:eed0	reject:not-a-string
1000:1cc9	MOV	op1	0x3FCC	0x589C	MOV DI,0x3fcc	reject:not-a-string
1000:1cce	CALLF	op0	0xFD5D	0x1162D	CALLF 0x1000:fd5d	reject:not-a-string
1000:1cd3	CALLF	op0	0xFA11	0x112E1	CALLF 0x1000:fa11	reject:not-a-string
1000:1cd8	CMP	op0	0x38BB	0x518B	CMP byte ptr [0x38bb],0x0	reject:not-a-string
1000:1cdd	JZ	op0	0x1CF8	0x35C8	JZ 0x1000:1cf8	reject:not-a-string
1000:1cf3	CALLF	op0	0xF092	0x10962	CALLF 0x1000:f092	reject:not-a-string
1000:1cf8	CMP	op0	0x38B3	0x5183	CMP byte ptr [0x38b3],0x0	reject:not-a-string
1000:1cfd	JZ	op0	0x1D18	0x35E8	JZ 0x1000:1d18	reject:not-a-string
1000:1d13	CALLF	op0	0xF092	0x10962	CALLF 0x1000:f092	reject:not-a-string
1000:1d1d	JZ	op0	0x1D38	0x3608	JZ 0x1000:1d38	reject:not-a-string
1000:1d33	CALLF	op0	0xF092	0x10962	CALLF 0x1000:f092	reject:not-a-string
1000:1d38	CMP	op0	0x394D	0x521D	CMP byte ptr [0x394d],0x0	reject:not-a-string
1000:1d3d	JNZ	op0	0x1D42	0x3612	JNZ 0x1000:1d42	reject:not-a-string
1000:1d3f	JMP	op0	0x1E01	0x36D1	JMP 0x1000:1e01	reject:not-a-string
1000:1d42	MOV	op1	0x3FCC	0x589C	MOV DI,0x3fcc	reject:not-a-string
1000:1d47	CALLF	op0	0xFD5D	0x1162D	CALLF 0x1000:fd5d	reject:not-a-string
1000:1d4c	CALLF	op0	0xFA11	0x112E1	CALLF 0x1000:fa11	reject:not-a-string
1000:1d65	CALLF	op0	0xEED0	0x107A0	CALLF 0x1000:eed0	reject:not-a-string
1000:1d6a	CMP	op0	0x394E	0x521E	CMP byte ptr [0x394e],0x0	reject:not-a-string
1000:1d6f	JZ	op0	0x1D8A	0x365A	JZ 0x1000:1d8a	reject:not-a-string
1000:1d85	CALLF	op0	0xEED0	0x107A0	CALLF 0x1000:eed0	reject:not-a-string
1000:1d8a	CMP	op0	0x394F	0x521F	CMP word ptr [0x394f],0x0	reject:not-a-string
1000:1d8f	JLE	op0	0x1DAB	0x367B	JLE 0x1000:1dab	reject:not-a-string
1000:1d96	PUSH	op0	0x394F	0x521F	PUSH word ptr [0x394f]	reject:not-a-string
1000:1da6	CALLF	op0	0xF092	0x10962	CALLF 0x1000:f092	reject:not-a-string
1000:1dab	CMP	op0	0x394F	0x521F	CMP word ptr [0x394f],0x2	reject:not-a-string
1000:1db0	JG	op0	0x1DD2	0x36A2	JG 0x1000:1dd2	reject:not-a-string
1000:1db2	CMP	op0	0x394F	0x521F	CMP word ptr [0x394f],0x0	reject:not-a-string
1000:1db7	JLE	op0	0x1DD2	0x36A2	JLE 0x1000:1dd2	reject:not-a-string
1000:1dcd	CALLF	op0	0xF092	0x10962	CALLF 0x1000:f092	reject:not-a-string
1000:1dd2	CMP	op0	0x394F	0x521F	CMP word ptr [0x394f],0x0	reject:not-a-string
1000:1dd7	JG	op0	0x1DF2	0x36C2	JG 0x1000:1df2	reject:not-a-string
1000:1ded	CALLF	op0	0xF092	0x10962	CALLF 0x1000:f092	reject:not-a-string
1000:1df2	MOV	op1	0x3FCC	0x589C	MOV DI,0x3fcc	reject:not-a-string
1000:1df7	CALLF	op0	0xFD5D	0x1162D	CALLF 0x1000:fd5d	reject:not-a-string
1000:1dfc	CALLF	op0	0xFA11	0x112E1	CALLF 0x1000:fa11	reject:not-a-string
1000:1e01	MOV	op0	0xFEFF	0x117CF	MOV byte ptr [BP + 0xfeff],0x37	reject:not-a-string
1000:1e06	CMP	op0	0x38CD	0x519D	CMP byte ptr [0x38cd],0x0	reject:not-a-string
1000:1e0b	JA	op0	0x1E37	0x3707	JA 0x1000:1e37	reject:not-a-string
1000:1e0d	CMP	op0	0x38B5	0x5185	CMP byte ptr [0x38b5],0x0	reject:not-a-string
1000:1e12	JNZ	op0	0x1E37	0x3707	JNZ 0x1000:1e37	reject:not-a-string
1000:1e14	CMP	op0	0x38B8	0x5188	CMP byte ptr [0x38b8],0x0	reject:not-a-string
1000:1e19	JNZ	op0	0x1E37	0x3707	JNZ 0x1000:1e37	reject:not-a-string
1000:1e1b	CMP	op0	0x38BA	0x518A	CMP byte ptr [0x38ba],0x0	reject:not-a-string
1000:1e20	JNZ	op0	0x1E37	0x3707	JNZ 0x1000:1e37	reject:not-a-string
1000:1e22	CMP	op0	0x394B	0x521B	CMP byte ptr [0x394b],0x0	reject:not-a-string
1000:1e27	JNZ	op0	0x1E37	0x3707	JNZ 0x1000:1e37	reject:not-a-string
1000:1e29	CMP	op0	0x38C2	0x5192	CMP byte ptr [0x38c2],0x0	reject:not-a-string
1000:1e2e	JNZ	op0	0x1E37	0x3707	JNZ 0x1000:1e37	reject:not-a-string
1000:1e30	CMP	op0	0x394C	0x521C	CMP byte ptr [0x394c],0x0	reject:not-a-string
1000:1e35	JZ	op0	0x1E3C	0x370C	JZ 0x1000:1e3c	reject:not-a-string
1000:1e37	MOV	op0	0xFEFF	0x117CF	MOV byte ptr [BP + 0xfeff],0x31	reject:not-a-string
1000:1e3c	LEA	op1	0xFCFA	0x115CA	LEA DI,[BP + 0xfcfa]	reject:not-a-string
1000:1e42	MOV	op1	0x181F	0x30EF	MOV DI,0x181f	reject:not-a-string
1000:1e47	CALLF	op0	0x0267	0x11B37	CALLF 0x2000:0267	reject:not-a-string
1000:1e4c	LEA	op1	0xFDFA	0x116CA	LEA DI,[BP + 0xfdfa]	reject:not-a-string
1000:1e52	MOV	op1	0xFEFF	0x117CF	MOV AL,byte ptr [BP + 0xfeff]	reject:not-a-string
1000:1e57	CALLF	op0	0x0383	0x11C53	CALLF 0x2000:0383	reject:not-a-string
1000:1e5c	CALLF	op0	0x02E6	0x11BB6	CALLF 0x2000:02e6	reject:not-a-string
1000:1e66	CALLF	op0	0x02E6	0x11BB6	CALLF 0x2000:02e6	reject:not-a-string
1000:1e6b	PUSH	op0	0x38A8	0x5178	PUSH word ptr [0x38a8]	reject:not-a-string
1000:1e6f	PUSH	op0	0x38AA	0x517A	PUSH word ptr [0x38aa]	reject:not-a-string
1000:1e7c	CALLF	op0	0xEED0	0x107A0	CALLF 0x1000:eed0	reject:not-a-string
1000:1e81	CMP	op0	0x38B5	0x5185	CMP byte ptr [0x38b5],0x0	reject:not-a-string
1000:1e86	JZ	op0	0x1EA8	0x3778	JZ 0x1000:1ea8	reject:not-a-string
1000:1e88	CMP	op0	0x38B8	0x5188	CMP byte ptr [0x38b8],0x0	reject:not-a-string
1000:1e8d	JNZ	op0	0x1EA8	0x3778	JNZ 0x1000:1ea8	reject:not-a-string
1000:1ea3	CALLF	op0	0xEED0	0x107A0	CALLF 0x1000:eed0	reject:not-a-string
1000:1ea8	CMP	op0	0x38B5	0x5185	CMP byte ptr [0x38b5],0x0	reject:not-a-string
1000:1ead	JZ	op0	0x1ECF	0x379F	JZ 0x1000:1ecf	reject:not-a-string
1000:1eaf	CMP	op0	0x38B8	0x5188	CMP byte ptr [0x38b8],0x0	reject:not-a-string
1000:1eb4	JZ	op0	0x1ECF	0x379F	JZ 0x1000:1ecf	reject:not-a-string
1000:1eca	CALLF	op0	0xEED0	0x107A0	CALLF 0x1000:eed0	reject:not-a-string
1000:1ecf	CMP	op0	0x38B8	0x5188	CMP byte ptr [0x38b8],0x0	reject:not-a-string
1000:1ed4	JZ	op0	0x1EEF	0x37BF	JZ 0x1000:1eef	reject:not-a-string
1000:1eea	CALLF	op0	0xEED0	0x107A0	CALLF 0x1000:eed0	reject:not-a-string
1000:1eef	CMP	op0	0x38BA	0x518A	CMP byte ptr [0x38ba],0x0	reject:not-a-string
1000:1ef4	JZ	op0	0x1F24	0x37F4	JZ 0x1000:1f24	reject:not-a-string
1000:1ef6	CMP	op0	0x38C2	0x5192	CMP byte ptr [0x38c2],0x0	reject:not-a-string
1000:1efb	JNZ	op0	0x1F24	0x37F4	JNZ 0x1000:1f24	reject:not-a-string
1000:1efd	CMP	op0	0x394B	0x521B	CMP byte ptr [0x394b],0x0	reject:not-a-string
1000:1f02	JNZ	op0	0x1F24	0x37F4	JNZ 0x1000:1f24	reject:not-a-string
1000:1f04	CMP	op0	0x394C	0x521C	CMP byte ptr [0x394c],0x0	reject:not-a-string
1000:1f09	JNZ	op0	0x1F24	0x37F4	JNZ 0x1000:1f24	reject:not-a-string
1000:1f1f	CALLF	op0	0xEED0	0x107A0	CALLF 0x1000:eed0	reject:not-a-string
1000:1f24	CMP	op0	0x38BA	0x518A	CMP byte ptr [0x38ba],0x0	reject:not-a-string
1000:1f29	JZ	op0	0x1F59	0x3829	JZ 0x1000:1f59	reject:not-a-string
1000:1f2b	CMP	op0	0x38C2	0x5192	CMP byte ptr [0x38c2],0x0	reject:not-a-string
1000:1f30	JNZ	op0	0x1F40	0x3810	JNZ 0x1000:1f40	reject:not-a-string
1000:1f32	CMP	op0	0x394B	0x521B	CMP byte ptr [0x394b],0x0	reject:not-a-string
1000:1f37	JNZ	op0	0x1F40	0x3810	JNZ 0x1000:1f40	reject:not-a-string
1000:1f39	CMP	op0	0x394C	0x521C	CMP byte ptr [0x394c],0x0	reject:not-a-string
1000:1f3e	JZ	op0	0x1F59	0x3829	JZ 0x1000:1f59	reject:not-a-string
1000:1f54	CALLF	op0	0xEED0	0x107A0	CALLF 0x1000:eed0	reject:not-a-string
1000:1f59	CMP	op0	0x394B	0x521B	CMP byte ptr [0x394b],0x0	reject:not-a-string
1000:1f5e	JZ	op0	0x1F87	0x3857	JZ 0x1000:1f87	reject:not-a-string
1000:1f60	CMP	op0	0x38C2	0x5192	CMP byte ptr [0x38c2],0x0	reject:not-a-string
1000:1f65	JNZ	op0	0x1F87	0x3857	JNZ 0x1000:1f87	reject:not-a-string
1000:1f67	CMP	op0	0x394C	0x521C	CMP byte ptr [0x394c],0x0	reject:not-a-string
1000:1f6c	JNZ	op0	0x1F87	0x3857	JNZ 0x1000:1f87	reject:not-a-string
1000:1f82	CALLF	op0	0xEED0	0x107A0	CALLF 0x1000:eed0	reject:not-a-string
1000:1f87	CMP	op0	0x394B	0x521B	CMP byte ptr [0x394b],0x0	reject:not-a-string
1000:1f8c	JZ	op0	0x1FB5	0x3885	JZ 0x1000:1fb5	reject:not-a-string
1000:1f8e	CMP	op0	0x38C2	0x5192	CMP byte ptr [0x38c2],0x0	reject:not-a-string
1000:1f93	JNZ	op0	0x1F9C	0x386C	JNZ 0x1000:1f9c	reject:not-a-string
1000:1f95	CMP	op0	0x394C	0x521C	CMP byte ptr [0x394c],0x0	reject:not-a-string
1000:1f9a	JZ	op0	0x1FB5	0x3885	JZ 0x1000:1fb5	reject:not-a-string
1000:1fb0	CALLF	op0	0xEED0	0x107A0	CALLF 0x1000:eed0	reject:not-a-string
1000:1fb5	CMP	op0	0x38C2	0x5192	CMP byte ptr [0x38c2],0x0	reject:not-a-string
1000:1fba	JZ	op0	0x1FDC	0x38AC	JZ 0x1000:1fdc	reject:not-a-string
1000:1fbc	CMP	op0	0x394C	0x521C	CMP byte ptr [0x394c],0x0	reject:not-a-string
1000:1fc1	JNZ	op0	0x1FDC	0x38AC	JNZ 0x1000:1fdc	reject:not-a-string
1000:1fd7	CALLF	op0	0xEED0	0x107A0	CALLF 0x1000:eed0	reject:not-a-string
1000:1fdc	CMP	op0	0x38C2	0x5192	CMP byte ptr [0x38c2],0x0	reject:not-a-string
1000:1fe1	JZ	op0	0x2003	0x38D3	JZ 0x1000:2003	reject:not-a-string
1000:1fe3	CMP	op0	0x394C	0x521C	CMP byte ptr [0x394c],0x0	reject:not-a-string
1000:1fe8	JZ	op0	0x2003	0x38D3	JZ 0x1000:2003	reject:not-a-string
1000:1ffe	CALLF	op0	0xEED0	0x107A0	CALLF 0x1000:eed0	reject:not-a-string
1000:2003	CMP	op0	0x394C	0x521C	CMP byte ptr [0x394c],0x0	reject:not-a-string
1000:2008	JZ	op0	0x2023	0x38F3	JZ 0x1000:2023	reject:not-a-string
1000:201e	CALLF	op0	0xEED0	0x107A0	CALLF 0x1000:eed0	reject:not-a-string
1000:2023	MOV	op1	0x3FCC	0x589C	MOV DI,0x3fcc	reject:not-a-string
1000:2028	CALLF	op0	0xFD5D	0x1162D	CALLF 0x1000:fd5d	reject:not-a-string
1000:202d	CALLF	op0	0xFA11	0x112E1	CALLF 0x1000:fa11	reject:not-a-string
1000:2032	MOV	op0	0xFF00	0x117D0	MOV byte ptr [BP + 0xff00],0x0	reject:not-a-string
1000:2037	CMP	op0	0x38B0	0x5180	CMP byte ptr [0x38b0],0x1	reject:not-a-string
1000:203c	JNZ	op0	0x2068	0x3938	JNZ 0x1000:2068	reject:not-a-string
1000:203e	LEA	op1	0xFDFA	0x116CA	LEA DI,[BP + 0xfdfa]	reject:not-a-string
1000:2044	LEA	op1	0xFF00	0x117D0	LEA DI,[BP + 0xff00]	reject:not-a-string
1000:204a	CALLF	op0	0x0267	0x11B37	CALLF 0x2000:0267	reject:not-a-string
1000:2054	CALLF	op0	0x02E6	0x11BB6	CALLF 0x2000:02e6	reject:not-a-string
1000:2059	LEA	op1	0xFF00	0x117D0	LEA DI,[BP + 0xff00]	reject:not-a-string
1000:2063	CALLF	op0	0x0281	0x11B51	CALLF 0x2000:0281	reject:not-a-string
1000:2068	CMP	op0	0x394A	0x521A	CMP byte ptr [0x394a],0x1	reject:not-a-string
1000:206d	JNZ	op0	0x2099	0x3969	JNZ 0x1000:2099	reject:not-a-string
1000:206f	LEA	op1	0xFDFA	0x116CA	LEA DI,[BP + 0xfdfa]	reject:not-a-string
1000:2075	LEA	op1	0xFF00	0x117D0	LEA DI,[BP + 0xff00]	reject:not-a-string
1000:207b	CALLF	op0	0x0267	0x11B37	CALLF 0x2000:0267	reject:not-a-string
1000:2085	CALLF	op0	0x02E6	0x11BB6	CALLF 0x2000:02e6	reject:not-a-string
1000:208a	LEA	op1	0xFF00	0x117D0	LEA DI,[BP + 0xff00]	reject:not-a-string
1000:2094	CALLF	op0	0x0281	0x11B51	CALLF 0x2000:0281	reject:not-a-string
1000:209e	JNZ	op0	0x20CA	0x399A	JNZ 0x1000:20ca	reject:not-a-string
1000:20a0	LEA	op1	0xFDFA	0x116CA	LEA DI,[BP + 0xfdfa]	reject:not-a-string
1000:20a6	LEA	op1	0xFF00	0x117D0	LEA DI,[BP + 0xff00]	reject:not-a-string
1000:20ac	CALLF	op0	0x0267	0x11B37	CALLF 0x2000:0267	reject:not-a-string
1000:20b6	CALLF	op0	0x02E6	0x11BB6	CALLF 0x2000:02e6	reject:not-a-string
1000:20bb	LEA	op1	0xFF00	0x117D0	LEA DI,[BP + 0xff00]	reject:not-a-string
1000:20c5	CALLF	op0	0x0281	0x11B51	CALLF 0x2000:0281	reject:not-a-string
1000:20ca	CMP	op0	0x38CD	0x519D	CMP byte ptr [0x38cd],0x0	reject:not-a-string
1000:20cf	JBE	op0	0x20FB	0x39CB	JBE 0x1000:20fb	reject:not-a-string
1000:20d1	LEA	op1	0xFDFA	0x116CA	LEA DI,[BP + 0xfdfa]	reject:not-a-string
1000:20d7	LEA	op1	0xFF00	0x117D0	LEA DI,[BP + 0xff00]	reject:not-a-string
1000:20dd	CALLF	op0	0x0267	0x11B37	CALLF 0x2000:0267	reject:not-a-string
1000:20e7	CALLF	op0	0x02E6	0x11BB6	CALLF 0x2000:02e6	reject:not-a-string
1000:20ec	LEA	op1	0xFF00	0x117D0	LEA DI,[BP + 0xff00]	reject:not-a-string
1000:20f6	CALLF	op0	0x0281	0x11B51	CALLF 0x2000:0281	reject:not-a-string
1000:20fb	MOV	op0	0xFEFF	0x117CF	MOV byte ptr [BP + 0xfeff],0x34	reject:not-a-string
1000:2100	MOV	op1	0x38AE	0x517E	MOV AX,[0x38ae]	reject:not-a-string
1000:2104	CALLF	op0	0x08A5	0x12175	CALLF 0x2000:08a5	reject:not-a-string
1000:210c	MOV	op1	0x38AC	0x517C	MOV AX,[0x38ac]	reject:not-a-string
1000:2110	CALLF	op0	0x08A5	0x12175	CALLF 0x2000:08a5	reject:not-a-string
1000:2118	CALLF	op0	0x0897	0x12167	CALLF 0x2000:0897	reject:not-a-string
1000:2124	CALLF	op0	0x08A1	0x12171	CALLF 0x2000:08a1	reject:not-a-string
1000:2129	JBE	op0	0x2130	0x3A00	JBE 0x1000:2130	reject:not-a-string
1000:212b	MOV	op0	0xFEFF	0x117CF	MOV byte ptr [BP + 0xfeff],0x36	reject:not-a-string
1000:2130	MOV	op1	0x38AE	0x517E	MOV AX,[0x38ae]	reject:not-a-string
1000:2134	CALLF	op0	0x08A5	0x12175	CALLF 0x2000:08a5	reject:not-a-string
1000:213c	MOV	op1	0x38AC	0x517C	MOV AX,[0x38ac]	reject:not-a-string
1000:2140	CALLF	op0	0x08A5	0x12175	CALLF 0x2000:08a5	reject:not-a-string
1000:2148	CALLF	op0	0x0897	0x12167	CALLF 0x2000:0897	reject:not-a-string
1000:2154	CALLF	op0	0x08A1	0x12171	CALLF 0x2000:08a1	reject:not-a-string
1000:2159	JBE	op0	0x2160	0x3A30	JBE 0x1000:2160	reject:not-a-string
1000:215b	MOV	op0	0xFEFF	0x117CF	MOV byte ptr [BP + 0xfeff],0x32	reject:not-a-string
1000:2160	LEA	op1	0xFCFA	0x115CA	LEA DI,[BP + 0xfcfa]	reject:not-a-string
1000:2166	MOV	op1	0x181F	0x30EF	MOV DI,0x181f	reject:not-a-string
1000:216b	CALLF	op0	0x0267	0x11B37	CALLF 0x2000:0267	reject:not-a-string
1000:2170	LEA	op1	0xFDFA	0x116CA	LEA DI,[BP + 0xfdfa]	reject:not-a-string
1000:2176	MOV	op1	0xFEFF	0x117CF	MOV AL,byte ptr [BP + 0xfeff]	reject:not-a-string
1000:217b	CALLF	op0	0x0383	0x11C53	CALLF 0x2000:0383	reject:not-a-string
1000:2180	CALLF	op0	0x02E6	0x11BB6	CALLF 0x2000:02e6	reject:not-a-string
1000:218a	CALLF	op0	0x02E6	0x11BB6	CALLF 0x2000:02e6	reject:not-a-string
1000:218f	LEA	op1	0xFF00	0x117D0	LEA DI,[BP + 0xff00]	reject:not-a-string
1000:2195	CALLF	op0	0x02E6	0x11BB6	CALLF 0x2000:02e6	reject:not-a-string
1000:219a	PUSH	op0	0x38AC	0x517C	PUSH word ptr [0x38ac]	reject:not-a-string
1000:219e	PUSH	op0	0x38AE	0x517E	PUSH word ptr [0x38ae]	reject:not-a-string
1000:21ab	CALLF	op0	0xF092	0x10962	CALLF 0x1000:f092	reject:not-a-string
1000:21b0	MOV	op1	0x38A0	0x5170	MOV AX,[0x38a0]	reject:not-a-string
1000:21b3	MOV	op0	0xFEFC	0x117CC	MOV word ptr [BP + 0xfefc],AX	reject:not-a-string
1000:21b7	CMP	op0	0xFEFC	0x117CC	CMP word ptr [BP + 0xfefc],0xe	reject:not-a-string
1000:21bc	JG	op0	0x21E7	0x3AB7	JG 0x1000:21e7	reject:not-a-string
1000:21c3	MOV	op1	0xFEFC	0x117CC	MOV AX,word ptr [BP + 0xfefc]	reject:not-a-string
1000:21df	CALLF	op0	0xF092	0x10962	CALLF 0x1000:f092	reject:not-a-string
1000:21e4	JMP	op0	0x227B	0x3B4B	JMP 0x1000:227b	reject:not-a-string
1000:21fb	CALLF	op0	0xEED0	0x107A0	CALLF 0x1000:eed0	reject:not-a-string
1000:2200	MOV	op1	0xFEFC	0x117CC	MOV AX,word ptr [BP + 0xfefc]	reject:not-a-string
1000:2207	MOV	op0	0xFEFC	0x117CC	MOV word ptr [BP + 0xfefc],AX	reject:not-a-string
1000:220b	MOV	op0	0xFEFA	0x117CA	MOV word ptr [BP + 0xfefa],0x1	reject:not-a-string
1000:2211	CMP	op0	0xFEFC	0x117CC	CMP word ptr [BP + 0xfefc],0x12	reject:not-a-string
1000:2216	JLE	op0	0x2223	0x3AF3	JLE 0x1000:2223	reject:not-a-string
1000:2218	SUB	op0	0xFEFC	0x117CC	SUB word ptr [BP + 0xfefc],0x12	reject:not-a-string
1000:221d	INC	op0	0xFEFA	0x117CA	INC word ptr [BP + 0xfefa]	reject:not-a-string
1000:2221	JMP	op0	0x2211	0x3AE1	JMP 0x1000:2211	reject:not-a-string
1000:2223	CMP	op0	0xFEFA	0x117CA	CMP word ptr [BP + 0xfefa],0x1	reject:not-a-string
1000:2228	JNZ	op0	0x224D	0x3B1D	JNZ 0x1000:224d	reject:not-a-string
1000:222f	MOV	op1	0xFEFC	0x117CC	MOV AX,word ptr [BP + 0xfefc]	reject:not-a-string
1000:2248	CALLF	op0	0xF092	0x10962	CALLF 0x1000:f092	reject:not-a-string
1000:224d	CMP	op0	0xFEFA	0x117CA	CMP word ptr [BP + 0xfefa],0x1	reject:not-a-string
1000:2252	JLE	op0	0x227B	0x3B4B	JLE 0x1000:227b	reject:not-a-string
1000:2259	PUSH	op0	0xFEFA	0x117CA	PUSH word ptr [BP + 0xfefa]	reject:not-a-string
1000:225d	MOV	op1	0xFEFA	0x117CA	MOV AX,word ptr [BP + 0xfefa]	reject:not-a-string
1000:2263	MOV	op1	0xFEFC	0x117CC	MOV AX,word ptr [BP + 0xfefc]	reject:not-a-string
1000:2276	CALLF	op0	0xF092	0x10962	CALLF 0x1000:f092	reject:not-a-string
1000:227b	CMP	op0	0x38B2	0x5182	CMP byte ptr [0x38b2],0x0	reject:not-a-string
1000:2280	JA	op0	0x2285	0x3B55	JA 0x1000:2285	reject:not-a-string
1000:2282	JMP	op0	0x23B4	0x3C84	JMP 0x1000:23b4	reject:not-a-string
1000:228a	MOV	op1	0x38B2	0x5182	MOV AL,[0x38b2]	reject:not-a-string
1000:229c	CALLF	op0	0xEED0	0x107A0	CALLF 0x1000:eed0	reject:not-a-string
1000:22a1	CMP	op0	0x38B4	0x5184	CMP byte ptr [0x38b4],0x0	reject:not-a-string
1000:22a6	JZ	op0	0x22FC	0x3BCC	JZ 0x1000:22fc	reject:not-a-string
1000:22a8	CMP	op0	0x38B7	0x5187	CMP byte ptr [0x38b7],0x0	reject:not-a-string
1000:22ad	JZ	op0	0x22E3	0x3BB3	JZ 0x1000:22e3	reject:not-a-string
1000:22c3	CALLF	op0	0xEED0	0x107A0	CALLF 0x1000:eed0	reject:not-a-string
1000:22dc	CALLF	op0	0xEED0	0x107A0	CALLF 0x1000:eed0	reject:not-a-string
1000:22e1	JMP	op0	0x22FC	0x3BCC	JMP 0x1000:22fc	reject:not-a-string
1000:22f7	CALLF	op0	0xEED0	0x107A0	CALLF 0x1000:eed0	reject:not-a-string
1000:22fc	CMP	op0	0x38B7	0x5187	CMP byte ptr [0x38b7],0x0	reject:not-a-string
1000:2301	JZ	op0	0x2323	0x3BF3	JZ 0x1000:2323	reject:not-a-string
1000:2303	CMP	op0	0x38B4	0x5184	CMP byte ptr [0x38b4],0x0	reject:not-a-string
1000:2308	JNZ	op0	0x2323	0x3BF3	JNZ 0x1000:2323	reject:not-a-string
1000:231e	CALLF	op0	0xEED0	0x107A0	CALLF 0x1000:eed0	reject:not-a-string
1000:2323	CMP	op0	0x38B6	0x5186	CMP byte ptr [0x38b6],0x0	reject:not-a-string
1000:2328	JZ	op0	0x237E	0x3C4E	JZ 0x1000:237e	reject:not-a-string
1000:232a	CMP	op0	0x38B9	0x5189	CMP byte ptr [0x38b9],0x0	reject:not-a-string
1000:232f	JZ	op0	0x2365	0x3C35	JZ 0x1000:2365	reject:not-a-string
1000:2345	CALLF	op0	0xEED0	0x107A0	CALLF 0x1000:eed0	reject:not-a-string
1000:235e	CALLF	op0	0xEED0	0x107A0	CALLF 0x1000:eed0	reject:not-a-string
1000:2363	JMP	op0	0x237E	0x3C4E	JMP 0x1000:237e	reject:not-a-string
1000:2379	CALLF	op0	0xEED0	0x107A0	CALLF 0x1000:eed0	reject:not-a-string
1000:237e	CMP	op0	0x38B9	0x5189	CMP byte ptr [0x38b9],0x0	reject:not-a-string
1000:2383	JZ	op0	0x23A5	0x3C75	JZ 0x1000:23a5	reject:not-a-string
1000:2385	CMP	op0	0x38B6	0x5186	CMP byte ptr [0x38b6],0x0	reject:not-a-string
1000:238a	JNZ	op0	0x23A5	0x3C75	JNZ 0x1000:23a5	reject:not-a-string
1000:23a0	CALLF	op0	0xEED0	0x107A0	CALLF 0x1000:eed0	reject:not-a-string
1000:23a5	MOV	op1	0x3FCC	0x589C	MOV DI,0x3fcc	reject:not-a-string
1000:23aa	CALLF	op0	0xFD5D	0x1162D	CALLF 0x1000:fd5d	reject:not-a-string
1000:23af	CALLF	op0	0xFA11	0x112E1	CALLF 0x1000:fa11	reject:not-a-string
1000:23b9	JLE	op0	0x23D5	0x3CA5	JLE 0x1000:23d5	reject:not-a-string
1000:23d0	CALLF	op0	0xF092	0x10962	CALLF 0x1000:f092	reject:not-a-string
1000:23d5	CMP	op0	0x38C3	0x5193	CMP word ptr [0x38c3],0x0	reject:not-a-string
1000:23da	JLE	op0	0x2415	0x3CE5	JLE 0x1000:2415	reject:not-a-string
1000:23e1	MOV	op1	0x38C3	0x5193	MOV AX,[0x38c3]	reject:not-a-string
1000:23eb	MOV	op1	0x38C3	0x5193	MOV AX,[0x38c3]	reject:not-a-string
1000:240e	CALLF	op0	0xF092	0x10962	CALLF 0x1000:f092	reject:not-a-string
1000:2413	JMP	op0	0x242E	0x3CFE	JMP 0x1000:242e	reject:not-a-string
1000:2429	CALLF	op0	0xF092	0x10962	CALLF 0x1000:f092	reject:not-a-string
1000:242e	CMP	op0	0x38C7	0x5197	CMP word ptr [0x38c7],0x0	reject:not-a-string
1000:2433	JLE	op0	0x2451	0x3D21	JLE 0x1000:2451	reject:not-a-string
1000:243a	PUSH	op0	0x38C7	0x5197	PUSH word ptr [0x38c7]	reject:not-a-string
1000:244a	CALLF	op0	0xF092	0x10962	CALLF 0x1000:f092	reject:not-a-string
1000:244f	JMP	op0	0x246A	0x3D3A	JMP 0x1000:246a	reject:not-a-string
1000:2465	CALLF	op0	0xF092	0x10962	CALLF 0x1000:f092	reject:not-a-string
1000:246a	CMP	op0	0x38C9	0x5199	CMP word ptr [0x38c9],0x0	reject:not-a-string
1000:246f	JLE	op0	0x248B	0x3D5B	JLE 0x1000:248b	reject:not-a-string
1000:2476	PUSH	op0	0x38C9	0x5199	PUSH word ptr [0x38c9]	reject:not-a-string
1000:2486	CALLF	op0	0xF092	0x10962	CALLF 0x1000:f092	reject:not-a-string
1000:252c	CALLF	op0	0xFA4D	0x1131D	CALLF 0x1000:fa4d	reject:not-a-string
1000:2535	MOV	op1	0x38CE	0x519E	MOV AX,[0x38ce]	reject:not-a-string
1000:2538	CMP	op1	0x38D0	0x51A0	CMP AX,word ptr [0x38d0]	reject:not-a-string
1000:253c	JGE	op0	0x2541	0x3E11	JGE 0x1000:2541	reject:not-a-string
1000:253e	JMP	op0	0x28C1	0x4191	JMP 0x1000:28c1	reject:not-a-string
1000:2543	MOV	op0	0xFFFE	0x118CE	MOV word ptr [BP + -0x2],AX	reject:not-a-string
1000:2546	MOV	op1	0x38CE	0x519E	MOV AX,[0x38ce]	reject:not-a-string
1000:2549	SUB	op1	0x38D0	0x51A0	SUB AX,word ptr [0x38d0]	reject:not-a-string
1000:254d	MOV	op0	0x38CE	0x519E	MOV [0x38ce],AX	reject:not-a-string
1000:2550	ADD	op0	0x38D0	0x51A0	ADD word ptr [0x38d0],0xa	reject:not-a-string
1000:2555	INC	op0	0xFFFE	0x118CE	INC word ptr [BP + -0x2]	reject:not-a-string
1000:2558	MOV	op1	0x38CE	0x519E	MOV AX,[0x38ce]	reject:not-a-string
1000:255b	CMP	op1	0x38D0	0x51A0	CMP AX,word ptr [0x38d0]	reject:not-a-string
1000:255f	JGE	op0	0x2546	0x3E16	JGE 0x1000:2546	reject:not-a-string
1000:2561	MOV	op1	0xFFFE	0x118CE	MOV AX,word ptr [BP + -0x2]	reject:not-a-string
1000:2564	MOV	op0	0xFFF4	0x118C4	MOV word ptr [BP + -0xc],AX	reject:not-a-string
1000:256a	CMP	op1	0xFFF4	0x118C4	CMP AX,word ptr [BP + -0xc]	reject:not-a-string
1000:256d	JLE	op0	0x2572	0x3E42	JLE 0x1000:2572	reject:not-a-string
1000:256f	JMP	op0	0x28A0	0x4170	JMP 0x1000:28a0	reject:not-a-string
1000:2572	MOV	op0	0xFFFC	0x118CC	MOV word ptr [BP + -0x4],AX	reject:not-a-string
1000:2575	JMP	op0	0x257A	0x3E4A	JMP 0x1000:257a	reject:not-a-string
1000:2577	INC	op0	0xFFFC	0x118CC	INC word ptr [BP + -0x4]	reject:not-a-string
1000:257e	JNZ	op0	0x258A	0x3E5A	JNZ 0x1000:258a	reject:not-a-string
1000:2580	CMP	op0	0x38A6	0x5176	CMP word ptr [0x38a6],0x28	reject:not-a-string
1000:2585	JNZ	op0	0x258A	0x3E5A	JNZ 0x1000:258a	reject:not-a-string
1000:2587	JMP	op0	0x28A0	0x4170	JMP 0x1000:28a0	reject:not-a-string
1000:258a	MOV	op1	0x38A6	0x5176	MOV AX,[0x38a6]	reject:not-a-string
1000:258e	MOV	op0	0x38A6	0x5176	MOV [0x38a6],AX	reject:not-a-string
1000:25a5	CALLF	op0	0xEED0	0x107A0	CALLF 0x1000:eed0	reject:not-a-string
1000:25ee	MOV	op0	0xFFFA	0x118CA	MOV word ptr [BP + -0x6],AX	reject:not-a-string
1000:25f1	MOV	op0	0xFFF8	0x118C8	MOV word ptr [BP + -0x8],0x1	reject:not-a-string
1000:25f6	JMP	op0	0x25FB	0x3ECB	JMP 0x1000:25fb	reject:not-a-string
1000:25f8	INC	op0	0xFFF8	0x118C8	INC word ptr [BP + -0x8]	reject:not-a-string
1000:25fb	PUSH	op0	0xFFFA	0x118CA	PUSH word ptr [BP + -0x6]	reject:not-a-string
1000:25fe	CALLF	op0	0x08CB	0x1219B	CALLF 0x2000:08cb	reject:not-a-string
1000:2604	MOV	op0	0xFFF6	0x118C6	MOV word ptr [BP + -0xa],AX	reject:not-a-string
1000:2615	CMP	op1	0xFFF6	0x118C6	CMP AX,word ptr [BP + -0xa]	reject:not-a-string
1000:2618	JGE	op0	0x261D	0x3EED	JGE 0x1000:261d	reject:not-a-string
1000:261a	JMP	op0	0x26A0	0x3F70	JMP 0x1000:26a0	reject:not-a-string
1000:261d	INC	op0	0x389E	0x516E	INC word ptr [0x389e]	reject:not-a-string
1000:2635	CALLF	op0	0xEED0	0x107A0	CALLF 0x1000:eed0	reject:not-a-string
1000:263a	CMP	op0	0x38A6	0x5176	CMP word ptr [0x38a6],0x28	reject:not-a-string
1000:263f	JG	op0	0x267F	0x3F4F	JG 0x1000:267f	reject:not-a-string
1000:2641	LEA	op1	0xFEF4	0x117C4	LEA DI,[BP + 0xfef4]	reject:not-a-string
1000:2647	MOV	op1	0x38A6	0x5176	MOV DI,word ptr [0x38a6]	reject:not-a-string
1000:2651	ADD	op1	0x38CF	0x519F	ADD DI,0x38cf	reject:not-a-string
1000:2657	CALLF	op0	0x0267	0x11B37	CALLF 0x2000:0267	reject:not-a-string
1000:265c	MOV	op1	0x24B7	0x3D87	MOV DI,0x24b7	reject:not-a-string
1000:2661	CALLF	op0	0x02E6	0x11BB6	CALLF 0x2000:02e6	reject:not-a-string
1000:2666	MOV	op1	0x38A6	0x5176	MOV DI,word ptr [0x38a6]	reject:not-a-string
1000:2670	ADD	op1	0x38CF	0x519F	ADD DI,0x38cf	reject:not-a-string
1000:267a	CALLF	op0	0x0281	0x11B51	CALLF 0x2000:0281	reject:not-a-string
1000:267f	INC	op0	0x38AA	0x517A	INC word ptr [0x38aa]	reject:not-a-string
1000:2683	MOV	op1	0x389E	0x516E	MOV AX,[0x389e]	reject:not-a-string
1000:268f	JNZ	op0	0x2695	0x3F65	JNZ 0x1000:2695	reject:not-a-string
1000:2691	INC	op0	0x38A8	0x5178	INC word ptr [0x38a8]	reject:not-a-string
1000:2695	INC	op0	0x38AE	0x517E	INC word ptr [0x38ae]	reject:not-a-string
1000:2699	INC	op0	0x38AC	0x517C	INC word ptr [0x38ac]	reject:not-a-string
1000:269d	JMP	op0	0x287D	0x414D	JMP 0x1000:287d	reject:not-a-string
1000:26c0	CMP	op1	0xFFF6	0x118C6	CMP AX,word ptr [BP + -0xa]	reject:not-a-string
1000:26c3	JL	op0	0x272A	0x3FFA	JL 0x1000:272a	reject:not-a-string
1000:26c5	INC	op0	0x38A0	0x5170	INC word ptr [0x38a0]	reject:not-a-string
1000:26dd	CALLF	op0	0xEED0	0x107A0	CALLF 0x1000:eed0	reject:not-a-string
1000:26e2	CMP	op0	0x38A6	0x5176	CMP word ptr [0x38a6],0x28	reject:not-a-string
1000:26e7	JG	op0	0x2727	0x3FF7	JG 0x1000:2727	reject:not-a-string
1000:26e9	LEA	op1	0xFEF4	0x117C4	LEA DI,[BP + 0xfef4]	reject:not-a-string
1000:26ef	MOV	op1	0x38A6	0x5176	MOV DI,word ptr [0x38a6]	reject:not-a-string
1000:26f9	ADD	op1	0x38CF	0x519F	ADD DI,0x38cf	reject:not-a-string
1000:26ff	CALLF	op0	0x0267	0x11B37	CALLF 0x2000:0267	reject:not-a-string
1000:2704	MOV	op1	0x24C8	0x3D98	MOV DI,0x24c8	reject:not-a-string
1000:2709	CALLF	op0	0x02E6	0x11BB6	CALLF 0x2000:02e6	reject:not-a-string
1000:270e	MOV	op1	0x38A6	0x5176	MOV DI,word ptr [0x38a6]	reject:not-a-string
1000:2718	ADD	op1	0x38CF	0x519F	ADD DI,0x38cf	reject:not-a-string
1000:2722	CALLF	op0	0x0281	0x11B51	CALLF 0x2000:0281	reject:not-a-string
1000:2727	JMP	op0	0x287D	0x414D	JMP 0x1000:287d	reject:not-a-string
1000:275c	CMP	op1	0xFFF6	0x118C6	CMP AX,word ptr [BP + -0xa]	reject:not-a-string
1000:275f	JL	op0	0x27D0	0x40A0	JL 0x1000:27d0	reject:not-a-string
1000:2761	INC	op0	0x38A2	0x5172	INC word ptr [0x38a2]	reject:not-a-string
1000:2779	CALLF	op0	0xEED0	0x107A0	CALLF 0x1000:eed0	reject:not-a-string
1000:277e	CMP	op0	0x38A6	0x5176	CMP word ptr [0x38a6],0x28	reject:not-a-string
1000:2783	JG	op0	0x27C3	0x4093	JG 0x1000:27c3	reject:not-a-string
1000:2785	LEA	op1	0xFEF4	0x117C4	LEA DI,[BP + 0xfef4]	reject:not-a-string
1000:278b	MOV	op1	0x38A6	0x5176	MOV DI,word ptr [0x38a6]	reject:not-a-string
1000:2795	ADD	op1	0x38CF	0x519F	ADD DI,0x38cf	reject:not-a-string
1000:279b	CALLF	op0	0x0267	0x11B37	CALLF 0x2000:0267	reject:not-a-string
1000:27a0	MOV	op1	0x24DA	0x3DAA	MOV DI,0x24da	reject:not-a-string
1000:27a5	CALLF	op0	0x02E6	0x11BB6	CALLF 0x2000:02e6	reject:not-a-string
1000:27aa	MOV	op1	0x38A6	0x5176	MOV DI,word ptr [0x38a6]	reject:not-a-string
1000:27b4	ADD	op1	0x38CF	0x519F	ADD DI,0x38cf	reject:not-a-string
1000:27be	CALLF	op0	0x0281	0x11B51	CALLF 0x2000:0281	reject:not-a-string
1000:27c3	ADD	op0	0x38AE	0x517E	ADD word ptr [0x38ae],0x5	reject:not-a-string
1000:27c8	ADD	op0	0x38AC	0x517C	ADD word ptr [0x38ac],0x5	reject:not-a-string
1000:27cd	JMP	op0	0x287D	0x414D	JMP 0x1000:287d	reject:not-a-string
1000:2814	CMP	op1	0xFFF6	0x118C6	CMP AX,word ptr [BP + -0xa]	reject:not-a-string
1000:2817	JL	op0	0x287D	0x414D	JL 0x1000:287d	reject:not-a-string
1000:2819	INC	op0	0x38A4	0x5174	INC word ptr [0x38a4]	reject:not-a-string
1000:2831	CALLF	op0	0xEED0	0x107A0	CALLF 0x1000:eed0	reject:not-a-string
1000:2836	CMP	op0	0x38A6	0x5176	CMP word ptr [0x38a6],0x28	reject:not-a-string
1000:283b	JG	op0	0x287B	0x414B	JG 0x1000:287b	reject:not-a-string
1000:283d	LEA	op1	0xFEF4	0x117C4	LEA DI,[BP + 0xfef4]	reject:not-a-string
1000:2843	MOV	op1	0x38A6	0x5176	MOV DI,word ptr [0x38a6]	reject:not-a-string
1000:284d	ADD	op1	0x38CF	0x519F	ADD DI,0x38cf	reject:not-a-string
1000:2853	CALLF	op0	0x0267	0x11B37	CALLF 0x2000:0267	reject:not-a-string
1000:2858	MOV	op1	0x24E8	0x3DB8	MOV DI,0x24e8	reject:not-a-string
1000:285d	CALLF	op0	0x02E6	0x11BB6	CALLF 0x2000:02e6	reject:not-a-string
1000:2862	MOV	op1	0x38A6	0x5176	MOV DI,word ptr [0x38a6]	reject:not-a-string
1000:286c	ADD	op1	0x38CF	0x519F	ADD DI,0x38cf	reject:not-a-string
1000:2876	CALLF	op0	0x0281	0x11B51	CALLF 0x2000:0281	reject:not-a-string
1000:287b	JMP	op0	0x287D	0x414D	JMP 0x1000:287d	reject:not-a-string
1000:287d	CMP	op0	0xFFF8	0x118C8	CMP word ptr [BP + -0x8],0x2	reject:not-a-string
1000:2881	JZ	op0	0x2886	0x4156	JZ 0x1000:2886	reject:not-a-string
1000:2883	JMP	op0	0x25F8	0x3EC8	JMP 0x1000:25f8	reject:not-a-string
1000:2886	MOV	op1	0x3FCC	0x589C	MOV DI,0x3fcc	reject:not-a-string
1000:288b	CALLF	op0	0xFD5D	0x1162D	CALLF 0x1000:fd5d	reject:not-a-string
1000:2890	CALLF	op0	0xFA11	0x112E1	CALLF 0x1000:fa11	reject:not-a-string
1000:2895	MOV	op1	0xFFFC	0x118CC	MOV AX,word ptr [BP + -0x4]	reject:not-a-string
1000:2898	CMP	op1	0xFFF4	0x118C4	CMP AX,word ptr [BP + -0xc]	reject:not-a-string
1000:289b	JZ	op0	0x28A0	0x4170	JZ 0x1000:28a0	reject:not-a-string
1000:289d	JMP	op0	0x2577	0x3E47	JMP 0x1000:2577	reject:not-a-string
1000:28a4	JNZ	op0	0x28C1	0x4191	JNZ 0x1000:28c1	reject:not-a-string
1000:28ab	PUSH	op0	0x38CE	0x519E	PUSH word ptr [0x38ce]	reject:not-a-string
1000:28af	PUSH	op0	0x38D0	0x51A0	PUSH word ptr [0x38d0]	reject:not-a-string
1000:28bc	CALLF	op0	0xF092	0x10962	CALLF 0x1000:f092	reject:not-a-string
1000:29ca	CALLF	op0	0xFA4D	0x1131D	CALLF 0x1000:fa4d	reject:not-a-string
1000:29da	LEA	op1	0xFF00	0x117D0	LEA DI,[BP + 0xff00]	reject:not-a-string
1000:29ea	LEA	op1	0xFF00	0x117D0	LEA DI,[BP + 0xff00]	reject:not-a-string
1000:29f0	MOV	op1	0x28C7	0x4197	MOV DI,0x28c7	reject:not-a-string
1000:29f5	CALLF	op0	0x0358	0x11C28	CALLF 0x2000:0358	reject:not-a-string
1000:29fa	JZ	op0	0x2A11	0x42E1	JZ 0x1000:2a11	reject:not-a-string
1000:29fc	LEA	op1	0xFF00	0x117D0	LEA DI,[BP + 0xff00]	reject:not-a-string
1000:2a02	MOV	op1	0x28C9	0x4199	MOV DI,0x28c9	reject:not-a-string
1000:2a07	CALLF	op0	0x0358	0x11C28	CALLF 0x2000:0358	reject:not-a-string
1000:2a0c	JZ	op0	0x2A11	0x42E1	JZ 0x1000:2a11	reject:not-a-string
1000:2a0e	JMP	op0	0x2C58	0x4528	JMP 0x1000:2c58	reject:not-a-string
1000:2a11	MOV	op1	0x38AC	0x517C	MOV AX,[0x38ac]	reject:not-a-string
1000:2a14	MOV	op0	0xFEFE	0x117CE	MOV word ptr [BP + 0xfefe],AX	reject:not-a-string
1000:2a18	CMP	op0	0x38B0	0x5180	CMP byte ptr [0x38b0],0x1	reject:not-a-string
1000:2a1d	JNZ	op0	0x2A3B	0x430B	JNZ 0x1000:2a3b	reject:not-a-string
1000:2a33	CALLF	op0	0xF092	0x10962	CALLF 0x1000:f092	reject:not-a-string
1000:2a38	JMP	op0	0x2BAA	0x447A	JMP 0x1000:2baa	reject:not-a-string
1000:2a3b	MOV	op1	0x38AC	0x517C	MOV AX,[0x38ac]	reject:not-a-string
1000:2a3e	CMP	op1	0x38AE	0x517E	CMP AX,word ptr [0x38ae]	reject:not-a-string
1000:2a42	JL	op0	0x2A47	0x4317	JL 0x1000:2a47	reject:not-a-string
1000:2a44	JMP	op0	0x2B67	0x4437	JMP 0x1000:2b67	reject:not-a-string
1000:2a47	CMP	op0	0x38C3	0x5193	CMP word ptr [0x38c3],0x0	reject:not-a-string
1000:2a4c	JG	op0	0x2A51	0x4321	JG 0x1000:2a51	reject:not-a-string
1000:2a4e	JMP	op0	0x2B3A	0x440A	JMP 0x1000:2b3a	reject:not-a-string
1000:2a51	DEC	op0	0x38C3	0x5193	DEC word ptr [0x38c3]	reject:not-a-string
1000:2a55	MOV	op1	0x38AE	0x517E	MOV AX,[0x38ae]	reject:not-a-string
1000:2a58	SUB	op1	0x38AC	0x517C	SUB AX,word ptr [0x38ac]	reject:not-a-string
1000:2a5f	JL	op0	0x2A64	0x4334	JL 0x1000:2a64	reject:not-a-string
1000:2a61	JMP	op0	0x2AE7	0x43B7	JMP 0x1000:2ae7	reject:not-a-string
1000:2a64	LEA	op1	0xFF00	0x117D0	LEA DI,[BP + 0xff00]	reject:not-a-string
1000:2a6a	MOV	op1	0x28C7	0x4197	MOV DI,0x28c7	reject:not-a-string
1000:2a6f	CALLF	op0	0x0358	0x11C28	CALLF 0x2000:0358	reject:not-a-string
1000:2a74	JNZ	op0	0x2A94	0x4364	JNZ 0x1000:2a94	reject:not-a-string
1000:2a7b	MOV	op1	0x38AE	0x517E	MOV AX,[0x38ae]	reject:not-a-string
1000:2a7e	SUB	op1	0x38AC	0x517C	SUB AX,word ptr [0x38ac]	reject:not-a-string
1000:2a8f	CALLF	op0	0xEED0	0x107A0	CALLF 0x1000:eed0	reject:not-a-string
1000:2a94	MOV	op1	0x38AE	0x517E	MOV AX,[0x38ae]	reject:not-a-string
1000:2a97	MOV	op0	0x38AC	0x517C	MOV [0x38ac],AX	reject:not-a-string
1000:2a9a	LEA	op1	0xFF00	0x117D0	LEA DI,[BP + 0xff00]	reject:not-a-string
1000:2aa0	MOV	op1	0x28C7	0x4197	MOV DI,0x28c7	reject:not-a-string
1000:2aa5	CALLF	op0	0x0358	0x11C28	CALLF 0x2000:0358	reject:not-a-string
1000:2aaa	JNZ	op0	0x2AE5	0x43B5	JNZ 0x1000:2ae5	reject:not-a-string
1000:2ab1	PUSH	op0	0x38AC	0x517C	PUSH word ptr [0x38ac]	reject:not-a-string
1000:2ab5	PUSH	op0	0x38AE	0x517E	PUSH word ptr [0x38ae]	reject:not-a-string
1000:2ab9	MOV	op1	0x38C3	0x5193	MOV AX,[0x38c3]	reject:not-a-string
1000:2ac3	MOV	op1	0x38C3	0x5193	MOV AX,[0x38c3]	reject:not-a-string
1000:2ae0	CALLF	op0	0xF092	0x10962	CALLF 0x1000:f092	reject:not-a-string
1000:2ae5	JMP	op0	0x2B38	0x4408	JMP 0x1000:2b38	reject:not-a-string
1000:2ae7	ADD	op0	0x38AC	0x517C	ADD word ptr [0x38ac],0x5	reject:not-a-string
1000:2aec	LEA	op1	0xFF00	0x117D0	LEA DI,[BP + 0xff00]	reject:not-a-string
1000:2af2	MOV	op1	0x28C7	0x4197	MOV DI,0x28c7	reject:not-a-string
1000:2af7	CALLF	op0	0x0358	0x11C28	CALLF 0x2000:0358	reject:not-a-string
1000:2afc	JNZ	op0	0x2B38	0x4408	JNZ 0x1000:2b38	reject:not-a-string
1000:2b07	PUSH	op0	0x38AC	0x517C	PUSH word ptr [0x38ac]	reject:not-a-string
1000:2b0b	PUSH	op0	0x38AE	0x517E	PUSH word ptr [0x38ae]	reject:not-a-string
1000:2b0f	MOV	op1	0x38C3	0x5193	MOV AX,[0x38c3]	reject:not-a-string
1000:2b19	MOV	op1	0x38C3	0x5193	MOV AX,[0x38c3]	reject:not-a-string
1000:2b33	CALLF	op0	0xF092	0x10962	CALLF 0x1000:f092	reject:not-a-string
1000:2b38	JMP	op0	0x2B65	0x4435	JMP 0x1000:2b65	reject:not-a-string
1000:2b3a	LEA	op1	0xFF00	0x117D0	LEA DI,[BP + 0xff00]	reject:not-a-string
1000:2b40	MOV	op1	0x28C7	0x4197	MOV DI,0x28c7	reject:not-a-string
1000:2b45	CALLF	op0	0x0358	0x11C28	CALLF 0x2000:0358	reject:not-a-string
1000:2b4a	JNZ	op0	0x2B65	0x4435	JNZ 0x1000:2b65	reject:not-a-string
1000:2b60	CALLF	op0	0xF092	0x10962	CALLF 0x1000:f092	reject:not-a-string
1000:2b65	JMP	op0	0x2B83	0x4453	JMP 0x1000:2b83	reject:not-a-string
1000:2b7b	CALLF	op0	0xF092	0x10962	CALLF 0x1000:f092	reject:not-a-string
1000:2b80	JMP	op0	0x2C58	0x4528	JMP 0x1000:2c58	reject:not-a-string
1000:2b83	LEA	op1	0xFF00	0x117D0	LEA DI,[BP + 0xff00]	reject:not-a-string
1000:2b89	MOV	op1	0x28C7	0x4197	MOV DI,0x28c7	reject:not-a-string
1000:2b8e	CALLF	op0	0x0358	0x11C28	CALLF 0x2000:0358	reject:not-a-string
1000:2b93	JNZ	op0	0x2B97	0x4467	JNZ 0x1000:2b97	reject:not-a-string
1000:2b95	JMP	op0	0x2BAA	0x447A	JMP 0x1000:2baa	reject:not-a-string
1000:2b97	MOV	op1	0x38AC	0x517C	MOV AX,[0x38ac]	reject:not-a-string
1000:2b9a	CMP	op1	0x38AE	0x517E	CMP AX,word ptr [0x38ae]	reject:not-a-string
1000:2b9e	JGE	op0	0x2BAA	0x447A	JGE 0x1000:2baa	reject:not-a-string
1000:2ba0	CMP	op0	0x38C3	0x5193	CMP word ptr [0x38c3],0x0	reject:not-a-string
1000:2ba5	JLE	op0	0x2BAA	0x447A	JLE 0x1000:2baa	reject:not-a-string
1000:2ba7	JMP	op0	0x2A3B	0x430B	JMP 0x1000:2a3b	reject:not-a-string
1000:2baa	LEA	op1	0xFF00	0x117D0	LEA DI,[BP + 0xff00]	reject:not-a-string
1000:2bb0	MOV	op1	0x28C9	0x4199	MOV DI,0x28c9	reject:not-a-string
1000:2bb5	CALLF	op0	0x0358	0x11C28	CALLF 0x2000:0358	reject:not-a-string
1000:2bba	JZ	op0	0x2BBF	0x448F	JZ 0x1000:2bbf	reject:not-a-string
1000:2bbc	JMP	op0	0x2C58	0x4528	JMP 0x1000:2c58	reject:not-a-string
1000:2bbf	MOV	op1	0x38AC	0x517C	MOV AX,[0x38ac]	reject:not-a-string
1000:2bc2	CMP	op1	0xFEFE	0x117CE	CMP AX,word ptr [BP + 0xfefe]	reject:not-a-string
1000:2bc6	JZ	op0	0x2C06	0x44D6	JZ 0x1000:2c06	reject:not-a-string
1000:2bcd	MOV	op1	0x38AC	0x517C	MOV AX,[0x38ac]	reject:not-a-string
1000:2bd0	SUB	op1	0xFEFE	0x117CE	SUB AX,word ptr [BP + 0xfefe]	reject:not-a-string
1000:2bd5	PUSH	op0	0x38AC	0x517C	PUSH word ptr [0x38ac]	reject:not-a-string
1000:2bd9	PUSH	op0	0x38AE	0x517E	PUSH word ptr [0x38ae]	reject:not-a-string
1000:2bdd	MOV	op1	0x38C3	0x5193	MOV AX,[0x38c3]	reject:not-a-string
1000:2be7	MOV	op1	0x38C3	0x5193	MOV AX,[0x38c3]	reject:not-a-string
1000:2c01	CALLF	op0	0xF092	0x10962	CALLF 0x1000:f092	reject:not-a-string
1000:2c06	MOV	op1	0x38AC	0x517C	MOV AX,[0x38ac]	reject:not-a-string
1000:2c09	CMP	op1	0xFEFE	0x117CE	CMP AX,word ptr [BP + 0xfefe]	reject:not-a-string
1000:2c0d	JZ	op0	0x2C2F	0x44FF	JZ 0x1000:2c2f	reject:not-a-string
1000:2c0f	CMP	op0	0x38C3	0x5193	CMP word ptr [0x38c3],0x0	reject:not-a-string
1000:2c14	JG	op0	0x2C2F	0x44FF	JG 0x1000:2c2f	reject:not-a-string
1000:2c2a	CALLF	op0	0xF092	0x10962	CALLF 0x1000:f092	reject:not-a-string
1000:2c2f	MOV	op1	0x38AC	0x517C	MOV AX,[0x38ac]	reject:not-a-string
1000:2c32	CMP	op1	0xFEFE	0x117CE	CMP AX,word ptr [BP + 0xfefe]	reject:not-a-string
1000:2c36	JNZ	op0	0x2C58	0x4528	JNZ 0x1000:2c58	reject:not-a-string
1000:2c38	CMP	op0	0x38C3	0x5193	CMP word ptr [0x38c3],0x0	reject:not-a-string
1000:2c3d	JG	op0	0x2C58	0x4528	JG 0x1000:2c58	reject:not-a-string
1000:2c53	CALLF	op0	0xF092	0x10962	CALLF 0x1000:f092	reject:not-a-string
1000:3d17	CALLF	op0	0xFA4D	0x1131D	CALLF 0x1000:fa4d	reject:not-a-string
1000:3d20	MOV	op0	0xFFFF	0x118CF	MOV byte ptr [BP + -0x1],0x0	reject:not-a-string
1000:3d29	JZ	op0	0x3D32	0x5602	JZ 0x1000:3d32	reject:not-a-string
1000:3d2d	JZ	op0	0x3D32	0x5602	JZ 0x1000:3d32	reject:not-a-string
1000:3d2f	JMP	op0	0x3E8D	0x575D	JMP 0x1000:3e8d	reject:not-a-string
1000:3d32	MOV	op1	0x3952	0x5222	MOV AX,[0x3952]	reject:not-a-string
1000:3d38	JZ	op0	0x3D44	0x5614	JZ 0x1000:3d44	reject:not-a-string
1000:3d3d	JZ	op0	0x3D44	0x5614	JZ 0x1000:3d44	reject:not-a-string
1000:3d42	JNZ	op0	0x3D79	0x5649	JNZ 0x1000:3d79	reject:not-a-string
1000:3d58	CALLF	op0	0xF092	0x10962	CALLF 0x1000:f092	reject:not-a-string
1000:3d71	CALLF	op0	0xF092	0x10962	CALLF 0x1000:f092	reject:not-a-string
1000:3d76	JMP	op0	0x3E8A	0x575A	JMP 0x1000:3e8a	reject:not-a-string
1000:3d7c	JZ	op0	0x3D8D	0x565D	JZ 0x1000:3d8d	reject:not-a-string
1000:3d81	JZ	op0	0x3D8D	0x565D	JZ 0x1000:3d8d	reject:not-a-string
1000:3d86	JZ	op0	0x3D8D	0x565D	JZ 0x1000:3d8d	reject:not-a-string
1000:3d8b	JNZ	op0	0x3DC2	0x5692	JNZ 0x1000:3dc2	reject:not-a-string
1000:3da1	CALLF	op0	0xF092	0x10962	CALLF 0x1000:f092	reject:not-a-string
1000:3dba	CALLF	op0	0xF092	0x10962	CALLF 0x1000:f092	reject:not-a-string
1000:3dbf	JMP	op0	0x3E8A	0x575A	JMP 0x1000:3e8a	reject:not-a-string
1000:3dc5	JNZ	op0	0x3DE3	0x56B3	JNZ 0x1000:3de3	reject:not-a-string
1000:3ddb	CALLF	op0	0xF092	0x10962	CALLF 0x1000:f092	reject:not-a-string
1000:3de0	JMP	op0	0x3E8A	0x575A	JMP 0x1000:3e8a	reject:not-a-string
1000:3de6	JNZ	op0	0x3E35	0x5705	JNZ 0x1000:3e35	reject:not-a-string
1000:3de8	LEA	op1	0xFDE8	0x116B8	LEA DI,[BP + 0xfde8]	reject:not-a-string
1000:3df3	CALLF	op0	0x0267	0x11B37	CALLF 0x2000:0267	reject:not-a-string
1000:3dfd	CALLF	op0	0x02E6	0x11BB6	CALLF 0x2000:02e6	reject:not-a-string
1000:3e07	CALLF	op0	0x02E6	0x11BB6	CALLF 0x2000:02e6	reject:not-a-string
1000:3e1a	CALLF	op0	0x02E6	0x11BB6	CALLF 0x2000:02e6	reject:not-a-string
1000:3e2e	CALLF	op0	0xF092	0x10962	CALLF 0x1000:f092	reject:not-a-string
1000:3e33	JMP	op0	0x3E8A	0x575A	JMP 0x1000:3e8a	reject:not-a-string
1000:3e38	JNZ	op0	0x3E8A	0x575A	JNZ 0x1000:3e8a	reject:not-a-string
1000:3e4e	CALLF	op0	0xF092	0x10962	CALLF 0x1000:f092	reject:not-a-string
1000:3e53	LEA	op1	0xFDE8	0x116B8	LEA DI,[BP + 0xfde8]	reject:not-a-string
1000:3e5e	CALLF	op0	0x0267	0x11B37	CALLF 0x2000:0267	reject:not-a-string
1000:3e71	CALLF	op0	0x02E6	0x11BB6	CALLF 0x2000:02e6	reject:not-a-string
1000:3e85	CALLF	op0	0xF092	0x10962	CALLF 0x1000:f092	reject:not-a-string
1000:3e8a	JMP	op0	0x3FA7	0x5877	JMP 0x1000:3fa7	reject:not-a-string
1000:3e8f	JNZ	op0	0x3EAD	0x577D	JNZ 0x1000:3ead	reject:not-a-string
1000:3ea5	CALLF	op0	0xF092	0x10962	CALLF 0x1000:f092	reject:not-a-string
1000:3eaa	JMP	op0	0x3FA7	0x5877	JMP 0x1000:3fa7	reject:not-a-string
1000:3eaf	JNZ	op0	0x3F2B	0x57FB	JNZ 0x1000:3f2b	reject:not-a-string
1000:3ec5	CALLF	op0	0xF092	0x10962	CALLF 0x1000:f092	reject:not-a-string
1000:3eca	CALLF	op0	0xF47A	0x10D4A	CALLF 0x1000:f47a	reject:not-a-string
1000:3ee3	CALLF	op0	0xF092	0x10962	CALLF 0x1000:f092	reject:not-a-string
1000:3ee8	CALLF	op0	0xF47A	0x10D4A	CALLF 0x1000:f47a	reject:not-a-string
1000:3f01	CALLF	op0	0xF092	0x10962	CALLF 0x1000:f092	reject:not-a-string
1000:3f06	CALLF	op0	0xF47A	0x10D4A	CALLF 0x1000:f47a	reject:not-a-string
1000:3f1f	CALLF	op0	0xF092	0x10962	CALLF 0x1000:f092	reject:not-a-string
1000:3f24	CALLF	op0	0xF47A	0x10D4A	CALLF 0x1000:f47a	reject:not-a-string
1000:3f29	JMP	op0	0x3FA7	0x5877	JMP 0x1000:3fa7	reject:not-a-string
1000:3f2d	JNZ	op0	0x3FA7	0x5877	JNZ 0x1000:3fa7	reject:not-a-string
1000:3f43	CALLF	op0	0xF092	0x10962	CALLF 0x1000:f092	reject:not-a-string
1000:3f48	CALLF	op0	0xF47A	0x10D4A	CALLF 0x1000:f47a	reject:not-a-string
1000:3f61	CALLF	op0	0xF092	0x10962	CALLF 0x1000:f092	reject:not-a-string
1000:3f66	CALLF	op0	0xF47A	0x10D4A	CALLF 0x1000:f47a	reject:not-a-string
1000:3f7f	CALLF	op0	0xF092	0x10962	CALLF 0x1000:f092	reject:not-a-string
1000:3f84	CALLF	op0	0xF47A	0x10D4A	CALLF 0x1000:f47a	reject:not-a-string
1000:3f9d	CALLF	op0	0xF092	0x10962	CALLF 0x1000:f092	reject:not-a-string
1000:3fa2	CALLF	op0	0xF47A	0x10D4A	CALLF 0x1000:f47a	reject:not-a-string
1000:3fa7	MOV	op1	0x3956	0x5226	MOV AX,[0x3956]	reject:not-a-string
1000:3fad	MOV	op0	0xFEF2	0x117C2	MOV word ptr [BP + 0xfef2],AX	reject:not-a-string
1000:3fb1	MOV	op1	0x38A0	0x5170	MOV AX,[0x38a0]	reject:not-a-string
1000:3fb7	MOV	op0	0xFEF0	0x117C0	MOV word ptr [BP + 0xfef0],AX	reject:not-a-string
1000:3fbb	CMP	op0	0xFEF2	0x117C2	CMP word ptr [BP + 0xfef2],0xa	reject:not-a-string
1000:3fc0	JLE	op0	0x3FEC	0x58BC	JLE 0x1000:3fec	reject:not-a-string
1000:3fc2	CMP	op0	0xFEF0	0x117C0	CMP word ptr [BP + 0xfef0],0x12	reject:not-a-string
1000:3fc7	JLE	op0	0x3FEC	0x58BC	JLE 0x1000:3fec	reject:not-a-string
1000:3fc9	CMP	op0	0xFEF2	0x117C2	CMP word ptr [BP + 0xfef2],0x1c	reject:not-a-string
1000:3fce	JL	op0	0x3FE2	0x58B2	JL 0x1000:3fe2	reject:not-a-string
1000:3fd0	MOV	op1	0xFEF2	0x117C2	MOV AX,word ptr [BP + 0xfef2]	reject:not-a-string
1000:3fd7	MOV	op0	0xFEF2	0x117C2	MOV word ptr [BP + 0xfef2],AX	reject:not-a-string
1000:3fdb	SUB	op0	0xFEF0	0x117C0	SUB word ptr [BP + 0xfef0],0x12	reject:not-a-string
1000:3fe0	JMP	op0	0x3FEA	0x58BA	JMP 0x1000:3fea	reject:not-a-string
1000:3fe2	MOV	op0	0xFEF2	0x117C2	MOV word ptr [BP + 0xfef2],0xa	reject:not-a-string
1000:3fe8	JMP	op0	0x3FEC	0x58BC	JMP 0x1000:3fec	reject:not-a-string
1000:3fea	JMP	op0	0x3FC2	0x5892	JMP 0x1000:3fc2	reject:not-a-string
1000:3fec	MOV	op1	0x3956	0x5226	MOV AX,[0x3956]	reject:not-a-string
1000:3ff5	JLE	op0	0x4042	0x5912	JLE 0x1000:4042	reject:not-a-string
1000:3ff7	MOV	op1	0x3956	0x5226	MOV AX,[0x3956]	reject:not-a-string
1000:4005	MOV	op1	0xFEF2	0x117C2	MOV AX,word ptr [BP + 0xfef2]	reject:not-a-string
1000:4011	JGE	op0	0x4042	0x5912	JGE 0x1000:4042	reject:not-a-string
1000:4018	MOV	op1	0xFEF2	0x117C2	MOV AX,word ptr [BP + 0xfef2]	reject:not-a-string
1000:4025	MOV	op1	0x3956	0x5226	MOV AX,[0x3956]	reject:not-a-string
1000:403d	CALLF	op0	0xF092	0x10962	CALLF 0x1000:f092	reject:not-a-string
1000:4042	MOV	op1	0xFEF2	0x117C2	MOV AX,word ptr [BP + 0xfef2]	reject:not-a-string
1000:4046	MOV	op0	0xFEEA	0x117BA	MOV word ptr [BP + 0xfeea],AX	reject:not-a-string
1000:404a	MOV	op1	0x38A0	0x5170	MOV AX,[0x38a0]	reject:not-a-string
1000:4050	MOV	op0	0xFEF2	0x117C2	MOV word ptr [BP + 0xfef2],AX	reject:not-a-string
1000:4054	MOV	op1	0x3956	0x5226	MOV AX,[0x3956]	reject:not-a-string
1000:405a	MOV	op0	0xFEF0	0x117C0	MOV word ptr [BP + 0xfef0],AX	reject:not-a-string
1000:405e	CMP	op0	0xFEF2	0x117C2	CMP word ptr [BP + 0xfef2],0xa	reject:not-a-string
1000:4063	JLE	op0	0x408F	0x595F	JLE 0x1000:408f	reject:not-a-string
1000:4065	CMP	op0	0xFEF0	0x117C0	CMP word ptr [BP + 0xfef0],0x12	reject:not-a-string
1000:406a	JLE	op0	0x408F	0x595F	JLE 0x1000:408f	reject:not-a-string
1000:406c	CMP	op0	0xFEF2	0x117C2	CMP word ptr [BP + 0xfef2],0x1c	reject:not-a-string
1000:4071	JL	op0	0x4085	0x5955	JL 0x1000:4085	reject:not-a-string
1000:4073	MOV	op1	0xFEF2	0x117C2	MOV AX,word ptr [BP + 0xfef2]	reject:not-a-string
1000:407a	MOV	op0	0xFEF2	0x117C2	MOV word ptr [BP + 0xfef2],AX	reject:not-a-string
1000:407e	SUB	op0	0xFEF0	0x117C0	SUB word ptr [BP + 0xfef0],0x12	reject:not-a-string
1000:4083	JMP	op0	0x408D	0x595D	JMP 0x1000:408d	reject:not-a-string
1000:4085	MOV	op0	0xFEF2	0x117C2	MOV word ptr [BP + 0xfef2],0xa	reject:not-a-string
1000:408b	JMP	op0	0x408F	0x595F	JMP 0x1000:408f	reject:not-a-string
1000:408d	JMP	op0	0x4065	0x5935	JMP 0x1000:4065	reject:not-a-string
1000:408f	MOV	op1	0x38A0	0x5170	MOV AX,[0x38a0]	reject:not-a-string
1000:4098	JLE	op0	0x40E5	0x59B5	JLE 0x1000:40e5	reject:not-a-string
1000:409a	MOV	op1	0x38A0	0x5170	MOV AX,[0x38a0]	reject:not-a-string
1000:40a8	MOV	op1	0xFEF2	0x117C2	MOV AX,word ptr [BP + 0xfef2]	reject:not-a-string
1000:40b4	JGE	op0	0x40E5	0x59B5	JGE 0x1000:40e5	reject:not-a-string
1000:40bb	MOV	op1	0xFEF2	0x117C2	MOV AX,word ptr [BP + 0xfef2]	reject:not-a-string
1000:40c8	MOV	op1	0x38A0	0x5170	MOV AX,[0x38a0]	reject:not-a-string
1000:40e0	CALLF	op0	0xF092	0x10962	CALLF 0x1000:f092	reject:not-a-string
1000:40e5	MOV	op1	0xFEF2	0x117C2	MOV AX,word ptr [BP + 0xfef2]	reject:not-a-string
1000:40e9	MOV	op0	0xFEE8	0x117B8	MOV word ptr [BP + 0xfee8],AX	reject:not-a-string
1000:40ed	MOV	op0	0xFEED	0x117BD	MOV byte ptr [BP + 0xfeed],0x0	reject:not-a-string
1000:40f2	CMP	op0	0xFEED	0x117BD	CMP byte ptr [BP + 0xfeed],0x5	reject:not-a-string
1000:40f7	JNC	op0	0x411D	0x59ED	JNC 0x1000:411d	reject:not-a-string
1000:40f9	INC	op0	0xFEED	0x117BD	INC byte ptr [BP + 0xfeed]	reject:not-a-string
1000:40fd	CMP	op0	0xFEED	0x117BD	CMP byte ptr [BP + 0xfeed],0x5	reject:not-a-string
1000:4102	JNZ	op0	0x411D	0x59ED	JNZ 0x1000:411d	reject:not-a-string
1000:4118	CALLF	op0	0xF092	0x10962	CALLF 0x1000:f092	reject:not-a-string
1000:4122	JZ	op0	0x4127	0x59F7	JZ 0x1000:4127	reject:not-a-string
1000:4124	JMP	op0	0x43F6	0x5CC6	JMP 0x1000:43f6	reject:not-a-string
1000:4127	CMP	op0	0xFEED	0x117BD	CMP byte ptr [BP + 0xfeed],0x5	reject:not-a-string
1000:412c	JZ	op0	0x4131	0x5A01	JZ 0x1000:4131	reject:not-a-string
1000:412e	JMP	op0	0x43F6	0x5CC6	JMP 0x1000:43f6	reject:not-a-string
1000:4135	CALLF	op0	0x08CB	0x1219B	CALLF 0x2000:08cb	reject:not-a-string
1000:413c	JZ	op0	0x4141	0x5A11	JZ 0x1000:4141	reject:not-a-string
1000:413e	JMP	op0	0x43F6	0x5CC6	JMP 0x1000:43f6	reject:not-a-string
1000:4145	CALLF	op0	0x08CB	0x1219B	CALLF 0x2000:08cb	reject:not-a-string
1000:414d	JNZ	op0	0x416B	0x5A3B	JNZ 0x1000:416b	reject:not-a-string
1000:4163	CALLF	op0	0xF092	0x10962	CALLF 0x1000:f092	reject:not-a-string
1000:4168	JMP	op0	0x43F6	0x5CC6	JMP 0x1000:43f6	reject:not-a-string
1000:416e	JNZ	op0	0x418C	0x5A5C	JNZ 0x1000:418c	reject:not-a-string
1000:4184	CALLF	op0	0xF092	0x10962	CALLF 0x1000:f092	reject:not-a-string
1000:4189	JMP	op0	0x43F6	0x5CC6	JMP 0x1000:43f6	reject:not-a-string
1000:418f	JNZ	op0	0x41AD	0x5A7D	JNZ 0x1000:41ad	reject:not-a-string
1000:41a5	CALLF	op0	0xF092	0x10962	CALLF 0x1000:f092	reject:not-a-string
1000:41aa	JMP	op0	0x43F6	0x5CC6	JMP 0x1000:43f6	reject:not-a-string
1000:41b0	JNZ	op0	0x41CE	0x5A9E	JNZ 0x1000:41ce	reject:not-a-string
1000:41c6	CALLF	op0	0xF092	0x10962	CALLF 0x1000:f092	reject:not-a-string
1000:41cb	JMP	op0	0x43F6	0x5CC6	JMP 0x1000:43f6	reject:not-a-string
1000:41d1	JNZ	op0	0x4217	0x5AE7	JNZ 0x1000:4217	reject:not-a-string
1000:41d3	LEA	op1	0xFDE8	0x116B8	LEA DI,[BP + 0xfde8]	reject:not-a-string
1000:41de	CALLF	op0	0x0267	0x11B37	CALLF 0x2000:0267	reject:not-a-string
1000:41f1	CALLF	op0	0x02E6	0x11BB6	CALLF 0x2000:02e6	reject:not-a-string
1000:41fb	CALLF	op0	0x02E6	0x11BB6	CALLF 0x2000:02e6	reject:not-a-string
1000:420f	CALLF	op0	0xF092	0x10962	CALLF 0x1000:f092	reject:not-a-string
1000:4214	JMP	op0	0x43F6	0x5CC6	JMP 0x1000:43f6	reject:not-a-string
1000:421a	JNZ	op0	0x4238	0x5B08	JNZ 0x1000:4238	reject:not-a-string
1000:4230	CALLF	op0	0xF092	0x10962	CALLF 0x1000:f092	reject:not-a-string
1000:4235	JMP	op0	0x43F6	0x5CC6	JMP 0x1000:43f6	reject:not-a-string
1000:423b	JNZ	op0	0x4259	0x5B29	JNZ 0x1000:4259	reject:not-a-string
1000:4251	CALLF	op0	0xF092	0x10962	CALLF 0x1000:f092	reject:not-a-string
1000:4256	JMP	op0	0x43F6	0x5CC6	JMP 0x1000:43f6	reject:not-a-string
1000:425c	JNZ	op0	0x427A	0x5B4A	JNZ 0x1000:427a	reject:not-a-string
1000:4272	CALLF	op0	0xF092	0x10962	CALLF 0x1000:f092	reject:not-a-string
1000:4277	JMP	op0	0x43F6	0x5CC6	JMP 0x1000:43f6	reject:not-a-string
1000:427d	JNZ	op0	0x42B4	0x5B84	JNZ 0x1000:42b4	reject:not-a-string
1000:4293	CALLF	op0	0xF092	0x10962	CALLF 0x1000:f092	reject:not-a-string
1000:42ac	CALLF	op0	0xF092	0x10962	CALLF 0x1000:f092	reject:not-a-string
1000:42b1	JMP	op0	0x43F6	0x5CC6	JMP 0x1000:43f6	reject:not-a-string
1000:42b7	JNZ	op0	0x42D5	0x5BA5	JNZ 0x1000:42d5	reject:not-a-string
1000:42cd	CALLF	op0	0xF092	0x10962	CALLF 0x1000:f092	reject:not-a-string
1000:42d2	JMP	op0	0x43F6	0x5CC6	JMP 0x1000:43f6	reject:not-a-string
1000:42d8	JNZ	op0	0x42F6	0x5BC6	JNZ 0x1000:42f6	reject:not-a-string
1000:42ee	CALLF	op0	0xF092	0x10962	CALLF 0x1000:f092	reject:not-a-string
1000:42f3	JMP	op0	0x43F6	0x5CC6	JMP 0x1000:43f6	reject:not-a-string
1000:42f9	JNZ	op0	0x4317	0x5BE7	JNZ 0x1000:4317	reject:not-a-string
1000:430f	CALLF	op0	0xF092	0x10962	CALLF 0x1000:f092	reject:not-a-string
1000:4314	JMP	op0	0x43F6	0x5CC6	JMP 0x1000:43f6	reject:not-a-string
1000:431a	JNZ	op0	0x4338	0x5C08	JNZ 0x1000:4338	reject:not-a-string
1000:4330	CALLF	op0	0xF092	0x10962	CALLF 0x1000:f092	reject:not-a-string
1000:4335	JMP	op0	0x43F6	0x5CC6	JMP 0x1000:43f6	reject:not-a-string
1000:433b	JNZ	op0	0x4359	0x5C29	JNZ 0x1000:4359	reject:not-a-string
1000:4351	CALLF	op0	0xF092	0x10962	CALLF 0x1000:f092	reject:not-a-string
1000:4356	JMP	op0	0x43F6	0x5CC6	JMP 0x1000:43f6	reject:not-a-string
1000:435c	JNZ	op0	0x4379	0x5C49	JNZ 0x1000:4379	reject:not-a-string
1000:4372	CALLF	op0	0xF092	0x10962	CALLF 0x1000:f092	reject:not-a-string
1000:4377	JMP	op0	0x43F6	0x5CC6	JMP 0x1000:43f6	reject:not-a-string
1000:437c	JNZ	op0	0x4399	0x5C69	JNZ 0x1000:4399	reject:not-a-string
1000:4392	CALLF	op0	0xF092	0x10962	CALLF 0x1000:f092	reject:not-a-string
1000:4397	JMP	op0	0x43F6	0x5CC6	JMP 0x1000:43f6	reject:not-a-string
1000:439c	JNZ	op0	0x43B9	0x5C89	JNZ 0x1000:43b9	reject:not-a-string
1000:43b2	CALLF	op0	0xF092	0x10962	CALLF 0x1000:f092	reject:not-a-string
1000:43b7	JMP	op0	0x43F6	0x5CC6	JMP 0x1000:43f6	reject:not-a-string
1000:43bc	JNZ	op0	0x43F6	0x5CC6	JNZ 0x1000:43f6	reject:not-a-string
1000:43be	LEA	op1	0xFDE8	0x116B8	LEA DI,[BP + 0xfde8]	reject:not-a-string
1000:43c9	CALLF	op0	0x0267	0x11B37	CALLF 0x2000:0267	reject:not-a-string
1000:43d3	CALLF	op0	0x02E6	0x11BB6	CALLF 0x2000:02e6	reject:not-a-string
1000:43dd	CALLF	op0	0x02E6	0x11BB6	CALLF 0x2000:02e6	reject:not-a-string
1000:43f1	CALLF	op0	0xF092	0x10962	CALLF 0x1000:f092	reject:not-a-string
1000:440a	CALLF	op0	0xEED0	0x107A0	CALLF 0x1000:eed0	reject:not-a-string
1000:440f	MOV	op1	0x3ECC	0x579C	MOV DI,0x3ecc	reject:not-a-string
1000:4414	MOV	op1	0x3A72	0x5342	MOV DI,0x3a72	reject:not-a-string
1000:441d	CALLF	op0	0xFE46	0x11716	CALLF 0x1000:fe46	reject:not-a-string
1000:4422	CALLF	op0	0xFD1D	0x115ED	CALLF 0x1000:fd1d	reject:not-a-string
1000:4427	CALLF	op0	0xFA11	0x112E1	CALLF 0x1000:fa11	reject:not-a-string
1000:442c	MOV	op1	0x3A72	0x5342	MOV DI,0x3a72	reject:not-a-string
1000:4431	CALLF	op0	0xF0E6	0x109B6	CALLF 0x1000:f0e6	reject:not-a-string
1000:4436	MOV	op1	0x3A72	0x5342	MOV DI,0x3a72	reject:not-a-string
1000:443b	MOV	op1	0x3182	0x4A52	MOV DI,0x3182	reject:not-a-string
1000:4440	CALLF	op0	0x0358	0x11C28	CALLF 0x2000:0358	reject:not-a-string
1000:4445	JZ	op0	0x444A	0x5D1A	JZ 0x1000:444a	reject:not-a-string
1000:4447	JMP	op0	0x48D7	0x61A7	JMP 0x1000:48d7	reject:not-a-string
1000:444a	MOV	op1	0x38A0	0x5170	MOV AX,[0x38a0]	reject:not-a-string
1000:4450	MOV	op0	0xFEF2	0x117C2	MOV word ptr [BP + 0xfef2],AX	reject:not-a-string
1000:4454	MOV	op1	0xFEE8	0x117B8	MOV AX,word ptr [BP + 0xfee8]	reject:not-a-string
1000:4458	MOV	op0	0xFEF2	0x117C2	MOV word ptr [BP + 0xfef2],AX	reject:not-a-string
1000:4460	CALLF	op0	0x08CB	0x1219B	CALLF 0x2000:08cb	reject:not-a-string
1000:4466	MOV	op0	0xFEEE	0x117BE	MOV word ptr [BP + 0xfeee],AX	reject:not-a-string
1000:446a	MOV	op1	0xFEF2	0x117C2	MOV AX,word ptr [BP + 0xfef2]	reject:not-a-string
1000:4476	CMP	op1	0xFEEE	0x117BE	CMP AX,word ptr [BP + 0xfeee]	reject:not-a-string
1000:447a	JGE	op0	0x447F	0x5D4F	JGE 0x1000:447f	reject:not-a-string
1000:447c	JMP	op0	0x460B	0x5EDB	JMP 0x1000:460b	reject:not-a-string
1000:447f	CMP	op0	0xFEEE	0x117BE	CMP word ptr [BP + 0xfeee],0x5a	reject:not-a-string
1000:4484	JLE	op0	0x4489	0x5D59	JLE 0x1000:4489	reject:not-a-string
1000:4486	JMP	op0	0x460B	0x5EDB	JMP 0x1000:460b	reject:not-a-string
1000:4489	MOV	op1	0x3962	0x5232	MOV AX,[0x3962]	reject:not-a-string
1000:448c	MOV	op0	0xFFFC	0x118CC	MOV word ptr [BP + -0x4],AX	reject:not-a-string
1000:448f	MOV	op1	0x38AA	0x517A	MOV AX,[0x38aa]	reject:not-a-string
1000:4492	SUB	op1	0x38A8	0x5178	SUB AX,word ptr [0x38a8]	reject:not-a-string
1000:4497	CALLF	op0	0x08CB	0x1219B	CALLF 0x2000:08cb	reject:not-a-string
1000:44a2	MOV	op1	0x38A8	0x5178	MOV AX,[0x38a8]	reject:not-a-string
1000:44b0	MOV	op0	0xFEF4	0x117C4	MOV word ptr [BP + 0xfef4],AX	reject:not-a-string
1000:44b8	CALLF	op0	0x08CB	0x1219B	CALLF 0x2000:08cb	reject:not-a-string
1000:44c4	MOV	op1	0x38A4	0x5174	MOV AX,[0x38a4]	reject:not-a-string
1000:44d0	JG	op0	0x44D8	0x5DA8	JG 0x1000:44d8	reject:not-a-string
1000:44d2	JL	op0	0x4546	0x5E16	JL 0x1000:4546	reject:not-a-string
1000:44d6	JBE	op0	0x4546	0x5E16	JBE 0x1000:4546	reject:not-a-string
1000:44d8	MOV	op1	0x38AA	0x517A	MOV AX,[0x38aa]	reject:not-a-string
1000:44db	ADD	op0	0xFEF4	0x117C4	ADD word ptr [BP + 0xfef4],AX	reject:not-a-string
1000:44e3	CALLF	op0	0x08CB	0x1219B	CALLF 0x2000:08cb	reject:not-a-string
1000:44eb	JNZ	op0	0x4508	0x5DD8	JNZ 0x1000:4508	reject:not-a-string
1000:4501	CALLF	op0	0xF092	0x10962	CALLF 0x1000:f092	reject:not-a-string
1000:4506	JMP	op0	0x4546	0x5E16	JMP 0x1000:4546	reject:not-a-string
1000:450b	JNZ	op0	0x4528	0x5DF8	JNZ 0x1000:4528	reject:not-a-string
1000:4521	CALLF	op0	0xF092	0x10962	CALLF 0x1000:f092	reject:not-a-string
1000:4526	JMP	op0	0x4546	0x5E16	JMP 0x1000:4546	reject:not-a-string
1000:452b	JNZ	op0	0x4546	0x5E16	JNZ 0x1000:4546	reject:not-a-string
1000:4541	CALLF	op0	0xF092	0x10962	CALLF 0x1000:f092	reject:not-a-string
1000:4546	MOV	op1	0x3968	0x5238	MOV AL,[0x3968]	reject:not-a-string
1000:454b	SUB	op0	0xFEF4	0x117C4	SUB word ptr [BP + 0xfef4],AX	reject:not-a-string
1000:454f	CMP	op0	0xFEF4	0x117C4	CMP word ptr [BP + 0xfef4],0x0	reject:not-a-string
1000:4554	JGE	op0	0x455C	0x5E2C	JGE 0x1000:455c	reject:not-a-string
1000:4558	MOV	op0	0xFEF4	0x117C4	MOV word ptr [BP + 0xfef4],AX	reject:not-a-string
1000:455c	MOV	op1	0xFEF4	0x117C4	MOV AX,word ptr [BP + 0xfef4]	reject:not-a-string
1000:4560	SUB	op0	0x3962	0x5232	SUB word ptr [0x3962],AX	reject:not-a-string
1000:4564	MOV	op1	0x395A	0x522A	MOV AX,[0x395a]	reject:not-a-string
1000:4571	CALLF	op0	0x08CB	0x1219B	CALLF 0x2000:08cb	reject:not-a-string
1000:457d	MOV	op1	0x38A4	0x5174	MOV AX,[0x38a4]	reject:not-a-string
1000:4589	JG	op0	0x4591	0x5E61	JG 0x1000:4591	reject:not-a-string
1000:458b	JL	op0	0x45EA	0x5EBA	JL 0x1000:45ea	reject:not-a-string
1000:458f	JBE	op0	0x45EA	0x5EBA	JBE 0x1000:45ea	reject:not-a-string
1000:4595	CALLF	op0	0x08CB	0x1219B	CALLF 0x2000:08cb	reject:not-a-string
1000:459c	JNZ	op0	0x45C5	0x5E95	JNZ 0x1000:45c5	reject:not-a-string
1000:459e	CMP	op0	0x3966	0x5236	CMP byte ptr [0x3966],0x0	reject:not-a-string
1000:45a3	JNZ	op0	0x45C3	0x5E93	JNZ 0x1000:45c3	reject:not-a-string
1000:45b9	CALLF	op0	0xF092	0x10962	CALLF 0x1000:f092	reject:not-a-string
1000:45be	MOV	op0	0x3966	0x5236	MOV byte ptr [0x3966],0x1	reject:not-a-string
1000:45c3	JMP	op0	0x45EA	0x5EBA	JMP 0x1000:45ea	reject:not-a-string
1000:45c5	CMP	op0	0x3967	0x5237	CMP byte ptr [0x3967],0x0	reject:not-a-string
1000:45ca	JNZ	op0	0x45EA	0x5EBA	JNZ 0x1000:45ea	reject:not-a-string
1000:45e0	CALLF	op0	0xF092	0x10962	CALLF 0x1000:f092	reject:not-a-string
1000:45e5	MOV	op0	0x3967	0x5237	MOV byte ptr [0x3967],0x1	reject:not-a-string
1000:45ef	MOV	op1	0xFFFC	0x118CC	MOV AX,word ptr [BP + -0x4]	reject:not-a-string
1000:45f2	SUB	op1	0x3962	0x5232	SUB AX,word ptr [0x3962]	reject:not-a-string
1000:45f7	PUSH	op0	0x3962	0x5232	PUSH word ptr [0x3962]	reject:not-a-string
1000:4604	CALLF	op0	0xF092	0x10962	CALLF 0x1000:f092	reject:not-a-string
1000:4609	JMP	op0	0x4624	0x5EF4	JMP 0x1000:4624	reject:not-a-string
1000:461f	CALLF	op0	0xF092	0x10962	CALLF 0x1000:f092	reject:not-a-string
1000:4624	SUB	op0	0xFEF2	0x117C2	SUB word ptr [BP + 0xfef2],0x12	reject:not-a-string
1000:4629	CMP	op0	0x3962	0x5232	CMP word ptr [0x3962],0x0	reject:not-a-string
1000:462e	JG	op0	0x4632	0x5F02	JG 0x1000:4632	reject:not-a-string
1000:4630	JMP	op0	0x4663	0x5F33	JMP 0x1000:4663	reject:not-a-string
1000:4632	CMP	op0	0xFEF2	0x117C2	CMP word ptr [BP + 0xfef2],0x0	reject:not-a-string
1000:4637	JLE	op0	0x4652	0x5F22	JLE 0x1000:4652	reject:not-a-string
1000:464d	CALLF	op0	0xF092	0x10962	CALLF 0x1000:f092	reject:not-a-string
1000:4652	CMP	op0	0xFEF2	0x117C2	CMP word ptr [BP + 0xfef2],0x0	reject:not-a-string
1000:4657	JLE	op0	0x4663	0x5F33	JLE 0x1000:4663	reject:not-a-string
1000:4659	CMP	op0	0x3962	0x5232	CMP word ptr [0x3962],0x0	reject:not-a-string
1000:465e	JL	op0	0x4663	0x5F33	JL 0x1000:4663	reject:not-a-string
1000:4660	JMP	op0	0x445C	0x5D2C	JMP 0x1000:445c	reject:not-a-string
1000:4663	MOV	op1	0x3956	0x5226	MOV AX,[0x3956]	reject:not-a-string
1000:4669	MOV	op0	0xFEF2	0x117C2	MOV word ptr [BP + 0xfef2],AX	reject:not-a-string
1000:466d	MOV	op1	0xFEEA	0x117BA	MOV AX,word ptr [BP + 0xfeea]	reject:not-a-string
1000:4671	MOV	op0	0xFEF2	0x117C2	MOV word ptr [BP + 0xfef2],AX	reject:not-a-string
1000:4675	CMP	op0	0x3962	0x5232	CMP word ptr [0x3962],0x0	reject:not-a-string
1000:467a	JG	op0	0x467F	0x5F4F	JG 0x1000:467f	reject:not-a-string
1000:467c	JMP	op0	0x48D7	0x61A7	JMP 0x1000:48d7	reject:not-a-string
1000:4683	CALLF	op0	0x08CB	0x1219B	CALLF 0x2000:08cb	reject:not-a-string
1000:4689	MOV	op0	0xFEEE	0x117BE	MOV word ptr [BP + 0xfeee],AX	reject:not-a-string
1000:468d	MOV	op1	0xFEF2	0x117C2	MOV AX,word ptr [BP + 0xfef2]	reject:not-a-string
1000:4699	CMP	op1	0xFEEE	0x117BE	CMP AX,word ptr [BP + 0xfeee]	reject:not-a-string
1000:469d	JGE	op0	0x46A2	0x5F72	JGE 0x1000:46a2	reject:not-a-string
1000:469f	JMP	op0	0x4888	0x6158	JMP 0x1000:4888	reject:not-a-string
1000:46a2	CMP	op0	0xFEEE	0x117BE	CMP word ptr [BP + 0xfeee],0x5a	reject:not-a-string
1000:46a7	JLE	op0	0x46AC	0x5F7C	JLE 0x1000:46ac	reject:not-a-string
1000:46a9	JMP	op0	0x4888	0x6158	JMP 0x1000:4888	reject:not-a-string
1000:46ac	MOV	op1	0x38AC	0x517C	MOV AX,[0x38ac]	reject:not-a-string
1000:46af	MOV	op0	0xFFFC	0x118CC	MOV word ptr [BP + -0x4],AX	reject:not-a-string
1000:46b2	MOV	op1	0x3960	0x5230	MOV AX,[0x3960]	reject:not-a-string
1000:46b5	SUB	op1	0x395E	0x522E	SUB AX,word ptr [0x395e]	reject:not-a-string
1000:46ba	CALLF	op0	0x08CB	0x1219B	CALLF 0x2000:08cb	reject:not-a-string
1000:46c5	MOV	op1	0x395E	0x522E	MOV AX,[0x395e]	reject:not-a-string
1000:46d3	MOV	op0	0xFEF4	0x117C4	MOV word ptr [BP + 0xfef4],AX	reject:not-a-string
1000:46db	CALLF	op0	0x08CB	0x1219B	CALLF 0x2000:08cb	reject:not-a-string
1000:46e7	MOV	op1	0x395A	0x522A	MOV AX,[0x395a]	reject:not-a-string
1000:46f3	JG	op0	0x46FB	0x5FCB	JG 0x1000:46fb	reject:not-a-string
1000:46f5	JL	op0	0x4769	0x6039	JL 0x1000:4769	reject:not-a-string
1000:46f9	JBE	op0	0x4769	0x6039	JBE 0x1000:4769	reject:not-a-string
1000:46fb	MOV	op1	0x3960	0x5230	MOV AX,[0x3960]	reject:not-a-string
1000:46fe	ADD	op0	0xFEF4	0x117C4	ADD word ptr [BP + 0xfef4],AX	reject:not-a-string
1000:4706	CALLF	op0	0x08CB	0x1219B	CALLF 0x2000:08cb	reject:not-a-string
1000:470e	JNZ	op0	0x472B	0x5FFB	JNZ 0x1000:472b	reject:not-a-string
1000:4724	CALLF	op0	0xF092	0x10962	CALLF 0x1000:f092	reject:not-a-string
1000:4729	JMP	op0	0x4769	0x6039	JMP 0x1000:4769	reject:not-a-string
1000:472e	JNZ	op0	0x474B	0x601B	JNZ 0x1000:474b	reject:not-a-string
1000:4744	CALLF	op0	0xF092	0x10962	CALLF 0x1000:f092	reject:not-a-string
1000:4749	JMP	op0	0x4769	0x6039	JMP 0x1000:4769	reject:not-a-string
1000:474e	JNZ	op0	0x4769	0x6039	JNZ 0x1000:4769	reject:not-a-string
1000:4764	CALLF	op0	0xF092	0x10962	CALLF 0x1000:f092	reject:not-a-string
1000:4769	MOV	op1	0x38B2	0x5182	MOV AL,[0x38b2]	reject:not-a-string
1000:476e	SUB	op0	0xFEF4	0x117C4	SUB word ptr [BP + 0xfef4],AX	reject:not-a-string
1000:4772	CMP	op0	0xFEF4	0x117C4	CMP word ptr [BP + 0xfef4],0x0	reject:not-a-string
1000:4777	JGE	op0	0x477F	0x604F	JGE 0x1000:477f	reject:not-a-string
1000:477b	MOV	op0	0xFEF4	0x117C4	MOV word ptr [BP + 0xfef4],AX	reject:not-a-string
1000:477f	MOV	op1	0xFEF4	0x117C4	MOV AX,word ptr [BP + 0xfef4]	reject:not-a-string
1000:4783	SUB	op0	0x38AC	0x517C	SUB word ptr [0x38ac],AX	reject:not-a-string
1000:4787	MOV	op1	0x38A4	0x5174	MOV AX,[0x38a4]	reject:not-a-string
1000:4794	CALLF	op0	0x08CB	0x1219B	CALLF 0x2000:08cb	reject:not-a-string
1000:47a0	MOV	op1	0x395A	0x522A	MOV AX,[0x395a]	reject:not-a-string
1000:47ac	JG	op0	0x47BA	0x608A	JG 0x1000:47ba	reject:not-a-string
1000:47ae	JGE	op0	0x47B3	0x6083	JGE 0x1000:47b3	reject:not-a-string
1000:47b0	JMP	op0	0x4867	0x6137	JMP 0x1000:4867	reject:not-a-string
1000:47b5	JA	op0	0x47BA	0x608A	JA 0x1000:47ba	reject:not-a-string
1000:47b7	JMP	op0	0x4867	0x6137	JMP 0x1000:4867	reject:not-a-string
1000:47be	CALLF	op0	0x08CB	0x1219B	CALLF 0x2000:08cb	reject:not-a-string
1000:47c5	JNZ	op0	0x4842	0x6112	JNZ 0x1000:4842	reject:not-a-string
1000:47c7	CMP	op0	0x38B0	0x5180	CMP byte ptr [0x38b0],0x0	reject:not-a-string
1000:47cc	JNZ	op0	0x4840	0x6110	JNZ 0x1000:4840	reject:not-a-string
1000:47ce	CMP	op0	0x394A	0x521A	CMP byte ptr [0x394a],0x0	reject:not-a-string
1000:47d3	JNZ	op0	0x47F3	0x60C3	JNZ 0x1000:47f3	reject:not-a-string
1000:47e9	CALLF	op0	0xF092	0x10962	CALLF 0x1000:f092	reject:not-a-string
1000:47ee	MOV	op0	0x38B0	0x5180	MOV byte ptr [0x38b0],0x1	reject:not-a-string
1000:47f3	CMP	op0	0x394A	0x521A	CMP byte ptr [0x394a],0x0	reject:not-a-string
1000:47f8	JZ	op0	0x4840	0x6110	JZ 0x1000:4840	reject:not-a-string
1000:47fe	CALLF	op0	0x08CB	0x1219B	CALLF 0x2000:08cb	reject:not-a-string
1000:4805	JNZ	op0	0x4827	0x60F7	JNZ 0x1000:4827	reject:not-a-string
1000:481b	CALLF	op0	0xF092	0x10962	CALLF 0x1000:f092	reject:not-a-string
1000:4820	MOV	op0	0x38B0	0x5180	MOV byte ptr [0x38b0],0x1	reject:not-a-string
1000:4825	JMP	op0	0x4840	0x6110	JMP 0x1000:4840	reject:not-a-string
1000:483b	CALLF	op0	0xF092	0x10962	CALLF 0x1000:f092	reject:not-a-string
1000:4840	JMP	op0	0x4867	0x6137	JMP 0x1000:4867	reject:not-a-string
1000:4847	JNZ	op0	0x4867	0x6137	JNZ 0x1000:4867	reject:not-a-string
1000:485d	CALLF	op0	0xF092	0x10962	CALLF 0x1000:f092	reject:not-a-string
1000:486c	MOV	op1	0xFFFC	0x118CC	MOV AX,word ptr [BP + -0x4]	reject:not-a-string
1000:486f	SUB	op1	0x38AC	0x517C	SUB AX,word ptr [0x38ac]	reject:not-a-string
1000:4874	PUSH	op0	0x38AC	0x517C	PUSH word ptr [0x38ac]	reject:not-a-string
1000:4881	CALLF	op0	0xF092	0x10962	CALLF 0x1000:f092	reject:not-a-string
1000:4886	JMP	op0	0x48A1	0x6171	JMP 0x1000:48a1	reject:not-a-string
1000:489c	CALLF	op0	0xF092	0x10962	CALLF 0x1000:f092	reject:not-a-string
1000:48a1	SUB	op0	0xFEF2	0x117C2	SUB word ptr [BP + 0xfef2],0x12	reject:not-a-string
1000:48a6	CMP	op0	0xFEF2	0x117C2	CMP word ptr [BP + 0xfef2],0x0	reject:not-a-string
1000:48ab	JLE	op0	0x48C6	0x6196	JLE 0x1000:48c6	reject:not-a-string
1000:48c1	CALLF	op0	0xF092	0x10962	CALLF 0x1000:f092	reject:not-a-string
1000:48c6	CMP	op0	0xFEF2	0x117C2	CMP word ptr [BP + 0xfef2],0x0	reject:not-a-string
1000:48cb	JLE	op0	0x48D7	0x61A7	JLE 0x1000:48d7	reject:not-a-string
1000:48cd	CMP	op0	0x38AC	0x517C	CMP word ptr [0x38ac],0x0	reject:not-a-string
1000:48d2	JL	op0	0x48D7	0x61A7	JL 0x1000:48d7	reject:not-a-string
1000:48d4	JMP	op0	0x467F	0x5F4F	JMP 0x1000:467f	reject:not-a-string
1000:48d7	MOV	op1	0x3A72	0x5342	MOV DI,0x3a72	reject:not-a-string
1000:48e1	CALLF	op0	0x0358	0x11C28	CALLF 0x2000:0358	reject:not-a-string
1000:48e6	JZ	op0	0x48EB	0x61BB	JZ 0x1000:48eb	reject:not-a-string
1000:48e8	JMP	op0	0x4AFB	0x63CB	JMP 0x1000:4afb	reject:not-a-string
1000:48f0	JNZ	op0	0x490E	0x61DE	JNZ 0x1000:490e	reject:not-a-string
1000:4906	CALLF	op0	0xF092	0x10962	CALLF 0x1000:f092	reject:not-a-string
1000:490b	JMP	op0	0x4AFB	0x63CB	JMP 0x1000:4afb	reject:not-a-string
1000:4913	JNZ	op0	0x4931	0x6201	JNZ 0x1000:4931	reject:not-a-string
1000:4929	CALLF	op0	0xF092	0x10962	CALLF 0x1000:f092	reject:not-a-string
1000:492e	JMP	op0	0x4AFB	0x63CB	JMP 0x1000:4afb	reject:not-a-string
1000:4931	CMP	op0	0x38A6	0x5176	CMP word ptr [0x38a6],0x0	reject:not-a-string
1000:4936	JG	op0	0x493B	0x620B	JG 0x1000:493b	reject:not-a-string
1000:4938	JMP	op0	0x4ADE	0x63AE	JMP 0x1000:4ade	reject:not-a-string
1000:494f	CALLF	op0	0xEED0	0x107A0	CALLF 0x1000:eed0	reject:not-a-string
1000:4954	MOV	op1	0x38A6	0x5176	MOV DI,word ptr [0x38a6]	reject:not-a-string
1000:495e	ADD	op1	0x38CF	0x519F	ADD DI,0x38cf	reject:not-a-string
1000:4964	LEA	op1	0xFEF6	0x117C6	LEA DI,[BP + 0xfef6]	reject:not-a-string
1000:496e	CALLF	op0	0x0281	0x11B51	CALLF 0x2000:0281	reject:not-a-string
1000:4973	MOV	op1	0x38A6	0x5176	MOV DI,word ptr [0x38a6]	reject:not-a-string
1000:497d	MOV	op0	0x38CF	0x519F	MOV byte ptr [DI + 0x38cf],0x0	reject:not-a-string
1000:4982	MOV	op0	0xFFFA	0x118CA	MOV word ptr [BP + -0x6],0x1	reject:not-a-string
1000:4987	JMP	op0	0x498C	0x625C	JMP 0x1000:498c	reject:not-a-string
1000:4989	INC	op0	0xFFFA	0x118CA	INC word ptr [BP + -0x6]	reject:not-a-string
1000:498c	MOV	op1	0xFFFA	0x118CA	MOV DI,word ptr [BP + -0x6]	reject:not-a-string
1000:498f	CMP	op0	0xFEF6	0x117C6	CMP byte ptr [BP + DI + 0xfef6],0x31	reject:not-a-string
1000:4994	JNZ	op0	0x49E0	0x62B0	JNZ 0x1000:49e0	reject:not-a-string
1000:4996	DEC	op0	0x389E	0x516E	DEC word ptr [0x389e]	reject:not-a-string
1000:49ae	CALLF	op0	0xEED0	0x107A0	CALLF 0x1000:eed0	reject:not-a-string
1000:49b3	DEC	op0	0x38AA	0x517A	DEC word ptr [0x38aa]	reject:not-a-string
1000:49b7	MOV	op1	0x389E	0x516E	MOV AX,[0x389e]	reject:not-a-string
1000:49c4	JNZ	op0	0x49CA	0x629A	JNZ 0x1000:49ca	reject:not-a-string
1000:49c6	DEC	op0	0x38A8	0x5178	DEC word ptr [0x38a8]	reject:not-a-string
1000:49ca	DEC	op0	0x38AE	0x517E	DEC word ptr [0x38ae]	reject:not-a-string
1000:49ce	MOV	op1	0x38AC	0x517C	MOV AX,[0x38ac]	reject:not-a-string
1000:49d1	CMP	op1	0x38AE	0x517E	CMP AX,word ptr [0x38ae]	reject:not-a-string
1000:49d5	JLE	op0	0x49DD	0x62AD	JLE 0x1000:49dd	reject:not-a-string
1000:49d7	MOV	op1	0x38AE	0x517E	MOV AX,[0x38ae]	reject:not-a-string
1000:49da	MOV	op0	0x38AC	0x517C	MOV [0x38ac],AX	reject:not-a-string
1000:49dd	JMP	op0	0x4A6F	0x633F	JMP 0x1000:4a6f	reject:not-a-string
1000:49e0	MOV	op1	0xFFFA	0x118CA	MOV DI,word ptr [BP + -0x6]	reject:not-a-string
1000:49e3	CMP	op0	0xFEF6	0x117C6	CMP byte ptr [BP + DI + 0xfef6],0x32	reject:not-a-string
1000:49e8	JNZ	op0	0x4A09	0x62D9	JNZ 0x1000:4a09	reject:not-a-string
1000:49ea	DEC	op0	0x38A0	0x5170	DEC word ptr [0x38a0]	reject:not-a-string
1000:4a02	CALLF	op0	0xEED0	0x107A0	CALLF 0x1000:eed0	reject:not-a-string
1000:4a07	JMP	op0	0x4A6F	0x633F	JMP 0x1000:4a6f	reject:not-a-string
1000:4a09	MOV	op1	0xFFFA	0x118CA	MOV DI,word ptr [BP + -0x6]	reject:not-a-string
1000:4a0c	CMP	op0	0xFEF6	0x117C6	CMP byte ptr [BP + DI + 0xfef6],0x33	reject:not-a-string
1000:4a11	JNZ	op0	0x4A46	0x6316	JNZ 0x1000:4a46	reject:not-a-string
1000:4a13	DEC	op0	0x38A2	0x5172	DEC word ptr [0x38a2]	reject:not-a-string
1000:4a2b	CALLF	op0	0xEED0	0x107A0	CALLF 0x1000:eed0	reject:not-a-string
1000:4a30	SUB	op0	0x38AE	0x517E	SUB word ptr [0x38ae],0x5	reject:not-a-string
1000:4a35	MOV	op1	0x38AC	0x517C	MOV AX,[0x38ac]	reject:not-a-string
1000:4a38	CMP	op1	0x38AE	0x517E	CMP AX,word ptr [0x38ae]	reject:not-a-string
1000:4a3c	JLE	op0	0x4A44	0x6314	JLE 0x1000:4a44	reject:not-a-string
1000:4a3e	MOV	op1	0x38AE	0x517E	MOV AX,[0x38ae]	reject:not-a-string
1000:4a41	MOV	op0	0x38AC	0x517C	MOV [0x38ac],AX	reject:not-a-string
1000:4a44	JMP	op0	0x4A6F	0x633F	JMP 0x1000:4a6f	reject:not-a-string
1000:4a46	MOV	op1	0xFFFA	0x118CA	MOV DI,word ptr [BP + -0x6]	reject:not-a-string
1000:4a49	CMP	op0	0xFEF6	0x117C6	CMP byte ptr [BP + DI + 0xfef6],0x34	reject:not-a-string
1000:4a4e	JNZ	op0	0x4A6F	0x633F	JNZ 0x1000:4a6f	reject:not-a-string
1000:4a50	DEC	op0	0x38A4	0x5174	DEC word ptr [0x38a4]	reject:not-a-string
1000:4a68	CALLF	op0	0xEED0	0x107A0	CALLF 0x1000:eed0	reject:not-a-string
1000:4a6d	JMP	op0	0x4A6F	0x633F	JMP 0x1000:4a6f	reject:not-a-string
1000:4a6f	CMP	op0	0xFFFA	0x118CA	CMP word ptr [BP + -0x6],0x2	reject:not-a-string
1000:4a73	JZ	op0	0x4A78	0x6348	JZ 0x1000:4a78	reject:not-a-string
1000:4a75	JMP	op0	0x4989	0x6259	JMP 0x1000:4989	reject:not-a-string
1000:4a78	MOV	op1	0x3FCC	0x589C	MOV DI,0x3fcc	reject:not-a-string
1000:4a7d	CALLF	op0	0xFD5D	0x1162D	CALLF 0x1000:fd5d	reject:not-a-string
1000:4a82	CALLF	op0	0xFA11	0x112E1	CALLF 0x1000:fa11	reject:not-a-string
1000:4a8c	JZ	op0	0x4AC3	0x6393	JZ 0x1000:4ac3	reject:not-a-string
1000:4a8e	MOV	op1	0x3692	0x4F62	MOV AL,[0x3692]	reject:not-a-string
1000:4a9b	MOV	op1	0x38A6	0x5176	MOV AX,[0x38a6]	reject:not-a-string
1000:4aa3	JNZ	op0	0x4AC3	0x6393	JNZ 0x1000:4ac3	reject:not-a-string
1000:4aa5	MOV	op0	0x3696	0x4F66	MOV byte ptr [0x3696],0x1	reject:not-a-string
1000:4abe	CALLF	op0	0xF092	0x10962	CALLF 0x1000:f092	reject:not-a-string
1000:4ac3	DEC	op0	0x38A6	0x5176	DEC word ptr [0x38a6]	reject:not-a-string
1000:4ac7	SUB	op0	0x38D0	0x51A0	SUB word ptr [0x38d0],0xa	reject:not-a-string
1000:4acc	MOV	op1	0x38CE	0x519E	MOV AX,[0x38ce]	reject:not-a-string
1000:4acf	CMP	op1	0x38D0	0x51A0	CMP AX,word ptr [0x38d0]	reject:not-a-string
1000:4ad3	JL	op0	0x4ADC	0x63AC	JL 0x1000:4adc	reject:not-a-string
1000:4ad5	MOV	op1	0x38D0	0x51A0	MOV AX,[0x38d0]	reject:not-a-string
1000:4ad9	MOV	op0	0x38CE	0x519E	MOV [0x38ce],AX	reject:not-a-string
1000:4adc	JMP	op0	0x4AF7	0x63C7	JMP 0x1000:4af7	reject:not-a-string
1000:4af2	CALLF	op0	0xF092	0x10962	CALLF 0x1000:f092	reject:not-a-string
1000:4af7	MOV	op0	0xFFFF	0x118CF	MOV byte ptr [BP + -0x1],0x1	reject:not-a-string
1000:4afb	MOV	op1	0x3A72	0x5342	MOV DI,0x3a72	reject:not-a-string
1000:4b00	CALL	op0	0x29C4	0x4294	CALL 0x1000:29c4	reject:not-a-string
1000:4b03	MOV	op1	0x3A72	0x5342	MOV DI,0x3a72	reject:not-a-string
1000:4b0d	CALLF	op0	0x0358	0x11C28	CALLF 0x2000:0358	reject:not-a-string
1000:4b12	JZ	op0	0x4B17	0x63E7	JZ 0x1000:4b17	reject:not-a-string
1000:4b14	JMP	op0	0x4C24	0x64F4	JMP 0x1000:4c24	reject:not-a-string
1000:4b17	CMP	op0	0x38B0	0x5180	CMP byte ptr [0x38b0],0x1	reject:not-a-string
1000:4b1c	JNZ	op0	0x4B3A	0x640A	JNZ 0x1000:4b3a	reject:not-a-string
1000:4b32	CALLF	op0	0xF092	0x10962	CALLF 0x1000:f092	reject:not-a-string
1000:4b37	JMP	op0	0x4C24	0x64F4	JMP 0x1000:4c24	reject:not-a-string
1000:4b3a	CMP	op0	0x38CD	0x519D	CMP byte ptr [0x38cd],0x0	reject:not-a-string
1000:4b3f	JZ	op0	0x4B44	0x6414	JZ 0x1000:4b44	reject:not-a-string
1000:4b41	JMP	op0	0x4C0B	0x64DB	JMP 0x1000:4c0b	reject:not-a-string
1000:4b49	JG	op0	0x4B4E	0x641E	JG 0x1000:4b4e	reject:not-a-string
1000:4b4b	JMP	op0	0x4BF0	0x64C0	JMP 0x1000:4bf0	reject:not-a-string
1000:4b52	MOV	op0	0x38CD	0x519D	MOV byte ptr [0x38cd],0x3	reject:not-a-string
1000:4b57	ADD	op0	0x389E	0x516E	ADD word ptr [0x389e],0x2	reject:not-a-string
1000:4b5c	INC	op0	0x38A8	0x5178	INC word ptr [0x38a8]	reject:not-a-string
1000:4b60	ADD	op0	0x38AA	0x517A	ADD word ptr [0x38aa],0x2	reject:not-a-string
1000:4b65	MOV	op1	0x38AE	0x517E	MOV AX,[0x38ae]	reject:not-a-string
1000:4b68	SUB	op1	0x38AC	0x517C	SUB AX,word ptr [0x38ac]	reject:not-a-string
1000:4b6f	JGE	op0	0x4BB3	0x6483	JGE 0x1000:4bb3	reject:not-a-string
1000:4b76	MOV	op1	0x38AE	0x517E	MOV AX,[0x38ae]	reject:not-a-string
1000:4b79	SUB	op1	0x38AC	0x517C	SUB AX,word ptr [0x38ac]	reject:not-a-string
1000:4b8a	CALLF	op0	0xEED0	0x107A0	CALLF 0x1000:eed0	reject:not-a-string
1000:4b8f	MOV	op1	0x38AE	0x517E	MOV AX,[0x38ae]	reject:not-a-string
1000:4b92	MOV	op0	0x38AC	0x517C	MOV [0x38ac],AX	reject:not-a-string
1000:4b9a	PUSH	op0	0x38AC	0x517C	PUSH word ptr [0x38ac]	reject:not-a-string
1000:4b9e	PUSH	op0	0x38AE	0x517E	PUSH word ptr [0x38ae]	reject:not-a-string
1000:4bac	CALLF	op0	0xF092	0x10962	CALLF 0x1000:f092	reject:not-a-string
1000:4bb1	JMP	op0	0x4BD5	0x64A5	JMP 0x1000:4bd5	reject:not-a-string
1000:4bb3	ADD	op0	0x38AC	0x517C	ADD word ptr [0x38ac],0xa	reject:not-a-string
1000:4bc1	PUSH	op0	0x38AC	0x517C	PUSH word ptr [0x38ac]	reject:not-a-string
1000:4bc5	PUSH	op0	0x38AE	0x517E	PUSH word ptr [0x38ae]	reject:not-a-string
1000:4bd0	CALLF	op0	0xF092	0x10962	CALLF 0x1000:f092	reject:not-a-string
1000:4be9	CALLF	op0	0xF092	0x10962	CALLF 0x1000:f092	reject:not-a-string
1000:4bee	JMP	op0	0x4C09	0x64D9	JMP 0x1000:4c09	reject:not-a-string
1000:4c04	CALLF	op0	0xF092	0x10962	CALLF 0x1000:f092	reject:not-a-string
1000:4c09	JMP	op0	0x4C24	0x64F4	JMP 0x1000:4c24	reject:not-a-string
1000:4c1f	CALLF	op0	0xF092	0x10962	CALLF 0x1000:f092	reject:not-a-string
1000:4c24	MOV	op1	0x3A72	0x5342	MOV DI,0x3a72	reject:not-a-string
1000:4c29	MOV	op1	0x359F	0x4E6F	MOV DI,0x359f	reject:not-a-string
1000:4c2e	CALLF	op0	0x0358	0x11C28	CALLF 0x2000:0358	reject:not-a-string
1000:4c33	JNZ	op0	0x4C38	0x6508	JNZ 0x1000:4c38	reject:not-a-string
1000:4c35	CALL	op0	0x1A03	0x32D3	CALL 0x1000:1a03	reject:not-a-string
1000:4c38	MOV	op1	0x3A72	0x5342	MOV DI,0x3a72	reject:not-a-string
1000:4c3d	MOV	op1	0x35A1	0x4E71	MOV DI,0x35a1	reject:not-a-string
1000:4c42	CALLF	op0	0x0358	0x11C28	CALLF 0x2000:0358	reject:not-a-string
1000:4c47	JNZ	op0	0x4C4C	0x651C	JNZ 0x1000:4c4c	reject:not-a-string
1000:4c49	CALL	op0	0x1348	0x2C18	CALL 0x1000:1348	reject:not-a-string
1000:4c4c	MOV	op1	0x3A72	0x5342	MOV DI,0x3a72	reject:not-a-string
1000:4c51	MOV	op1	0x35A4	0x4E74	MOV DI,0x35a4	reject:not-a-string
1000:4c56	CALLF	op0	0x0358	0x11C28	CALLF 0x2000:0358	reject:not-a-string
1000:4c5b	JNZ	op0	0x4C64	0x6534	JNZ 0x1000:4c64	reject:not-a-string
1000:4c5f	CALLF	op0	0xF896	0x11166	CALLF 0x1000:f896	reject:not-a-string
1000:4c64	CMP	op0	0x3C80	0x5550	CMP word ptr [0x3c80],0x1	reject:not-a-string
1000:4c69	JL	op0	0x4CA0	0x6570	JL 0x1000:4ca0	reject:not-a-string
1000:4c6b	MOV	op1	0x3A72	0x5342	MOV DI,0x3a72	reject:not-a-string
1000:4c70	MOV	op1	0x3182	0x4A52	MOV DI,0x3182	reject:not-a-string
1000:4c75	CALLF	op0	0x0358	0x11C28	CALLF 0x2000:0358	reject:not-a-string
1000:4c7a	JNZ	op0	0x4CA0	0x6570	JNZ 0x1000:4ca0	reject:not-a-string
1000:4c7c	INC	op0	0x3C80	0x5550	INC word ptr [0x3c80]	reject:not-a-string
1000:4c80	CMP	op0	0x3C80	0x5550	CMP word ptr [0x3c80],0x3	reject:not-a-string
1000:4c85	JNZ	op0	0x4CA0	0x6570	JNZ 0x1000:4ca0	reject:not-a-string
1000:4c9b	CALLF	op0	0xF092	0x10962	CALLF 0x1000:f092	reject:not-a-string
1000:4ca0	MOV	op1	0x3A72	0x5342	MOV DI,0x3a72	reject:not-a-string
1000:4ca5	MOV	op1	0x35C6	0x4E96	MOV DI,0x35c6	reject:not-a-string
1000:4caa	CALLF	op0	0x0358	0x11C28	CALLF 0x2000:0358	reject:not-a-string
1000:4caf	JZ	op0	0x4CB4	0x6584	JZ 0x1000:4cb4	reject:not-a-string
1000:4cb1	JMP	op0	0x4D93	0x6663	JMP 0x1000:4d93	reject:not-a-string
1000:4cb4	CMP	op0	0x3696	0x4F66	CMP byte ptr [0x3696],0x1	reject:not-a-string
1000:4cb9	JNZ	op0	0x4D03	0x65D3	JNZ 0x1000:4d03	reject:not-a-string
1000:4cbb	MOV	op1	0x3692	0x4F62	MOV AL,[0x3692]	reject:not-a-string
1000:4ccc	JG	op0	0x4D03	0x65D3	JG 0x1000:4d03	reject:not-a-string
1000:4cce	CMP	op0	0x3C80	0x5550	CMP word ptr [0x3c80],0x0	reject:not-a-string
1000:4cd3	JNZ	op0	0x4CDB	0x65AB	JNZ 0x1000:4cdb	reject:not-a-string
1000:4cd5	MOV	op0	0x3C80	0x5550	MOV word ptr [0x3c80],0x1	reject:not-a-string
1000:4cdb	CMP	op0	0x38BB	0x518B	CMP byte ptr [0x38bb],0x1	reject:not-a-string
1000:4ce0	JNZ	op0	0x4D01	0x65D1	JNZ 0x1000:4d01	reject:not-a-string
1000:4ce2	MOV	op0	0x3C80	0x5550	MOV word ptr [0x3c80],0x3	reject:not-a-string
1000:4cfc	CALLF	op0	0xF092	0x10962	CALLF 0x1000:f092	reject:not-a-string
1000:4d01	JMP	op0	0x4D3E	0x660E	JMP 0x1000:4d3e	reject:not-a-string
1000:4d03	CMP	op0	0x3696	0x4F66	CMP byte ptr [0x3696],0x0	reject:not-a-string
1000:4d08	JZ	op0	0x4D25	0x65F5	JZ 0x1000:4d25	reject:not-a-string
1000:4d1e	CALLF	op0	0xF092	0x10962	CALLF 0x1000:f092	reject:not-a-string
1000:4d23	JMP	op0	0x4D3E	0x660E	JMP 0x1000:4d3e	reject:not-a-string
1000:4d39	CALLF	op0	0xF092	0x10962	CALLF 0x1000:f092	reject:not-a-string
1000:4d3e	CMP	op0	0x3C80	0x5550	CMP word ptr [0x3c80],0x0	reject:not-a-string
1000:4d43	JLE	op0	0x4D93	0x6663	JLE 0x1000:4d93	reject:not-a-string
1000:4d45	CMP	op0	0x3C80	0x5550	CMP word ptr [0x3c80],0x3	reject:not-a-string
1000:4d4a	JGE	op0	0x4D6C	0x663C	JGE 0x1000:4d6c	reject:not-a-string
1000:4d54	SUB	op1	0x3C80	0x5550	SUB AX,word ptr [0x3c80]	reject:not-a-string
1000:4d65	CALLF	op0	0xF092	0x10962	CALLF 0x1000:f092	reject:not-a-string
1000:4d6a	JMP	op0	0x4D93	0x6663	JMP 0x1000:4d93	reject:not-a-string
1000:4d6c	CMP	op0	0x3C80	0x5550	CMP word ptr [0x3c80],0x3	reject:not-a-string
1000:4d71	JNZ	op0	0x4D7A	0x664A	JNZ 0x1000:4d7a	reject:not-a-string
1000:4d73	CMP	op0	0x38BB	0x518B	CMP byte ptr [0x38bb],0x0	reject:not-a-string
1000:4d78	JNZ	op0	0x4D93	0x6663	JNZ 0x1000:4d93	reject:not-a-string
1000:4d8e	CALLF	op0	0xF092	0x10962	CALLF 0x1000:f092	reject:not-a-string
1000:4d93	CMP	op0	0x3962	0x5232	CMP word ptr [0x3962],0x0	reject:not-a-string
1000:4d98	JG	op0	0x4D9D	0x666D	JG 0x1000:4d9d	reject:not-a-string
1000:4d9a	JMP	op0	0x4E9E	0x676E	JMP 0x1000:4e9e	reject:not-a-string
1000:4d9d	CMP	op0	0x3C80	0x5550	CMP word ptr [0x3c80],0x3	reject:not-a-string
1000:4da2	JGE	op0	0x4DA7	0x6677	JGE 0x1000:4da7	reject:not-a-string
1000:4da4	JMP	op0	0x4E9E	0x676E	JMP 0x1000:4e9e	reject:not-a-string
1000:4da7	MOV	op1	0x3962	0x5232	MOV AX,[0x3962]	reject:not-a-string
1000:4daa	MOV	op0	0xFFFC	0x118CC	MOV word ptr [BP + -0x4],AX	reject:not-a-string
1000:4dad	MOV	op1	0x3692	0x4F62	MOV AL,[0x3692]	reject:not-a-string
1000:4db7	CALLF	op0	0x08CB	0x1219B	CALLF 0x2000:08cb	reject:not-a-string
1000:4dbe	MOV	op1	0x3692	0x4F62	MOV AL,[0x3692]	reject:not-a-string
1000:4dcb	MOV	op0	0xFEF4	0x117C4	MOV word ptr [BP + 0xfef4],AX	reject:not-a-string
1000:4dcf	MOV	op1	0x3968	0x5238	MOV AL,[0x3968]	reject:not-a-string
1000:4dda	SUB	op0	0xFEF4	0x117C4	SUB word ptr [BP + 0xfef4],AX	reject:not-a-string
1000:4dde	CMP	op0	0xFEF4	0x117C4	CMP word ptr [BP + 0xfef4],0x0	reject:not-a-string
1000:4de3	JGE	op0	0x4DEB	0x66BB	JGE 0x1000:4deb	reject:not-a-string
1000:4de7	MOV	op0	0xFEF4	0x117C4	MOV word ptr [BP + 0xfef4],AX	reject:not-a-string
1000:4deb	MOV	op1	0xFEF4	0x117C4	MOV AX,word ptr [BP + 0xfef4]	reject:not-a-string
1000:4def	SUB	op0	0x3962	0x5232	SUB word ptr [0x3962],AX	reject:not-a-string
1000:4df8	MOV	op1	0xFFFC	0x118CC	MOV AX,word ptr [BP + -0x4]	reject:not-a-string
1000:4dfb	SUB	op1	0x3962	0x5232	SUB AX,word ptr [0x3962]	reject:not-a-string
1000:4e00	PUSH	op0	0x3962	0x5232	PUSH word ptr [0x3962]	reject:not-a-string
1000:4e0d	CALLF	op0	0xF092	0x10962	CALLF 0x1000:f092	reject:not-a-string
1000:4e16	CALLF	op0	0x08CB	0x1219B	CALLF 0x2000:08cb	reject:not-a-string
1000:4e1d	JNZ	op0	0x4E43	0x6713	JNZ 0x1000:4e43	reject:not-a-string
1000:4e1f	INC	op0	0x3C80	0x5550	INC word ptr [0x3c80]	reject:not-a-string
1000:4e23	CMP	op0	0x3C80	0x5550	CMP word ptr [0x3c80],0x3	reject:not-a-string
1000:4e28	JNZ	op0	0x4E43	0x6713	JNZ 0x1000:4e43	reject:not-a-string
1000:4e3e	CALLF	op0	0xF092	0x10962	CALLF 0x1000:f092	reject:not-a-string
1000:4e43	CMP	op0	0x3C80	0x5550	CMP word ptr [0x3c80],0x7	reject:not-a-string
1000:4e48	JNZ	op0	0x4E68	0x6738	JNZ 0x1000:4e68	reject:not-a-string
1000:4e4c	MOV	op0	0x3C80	0x5550	MOV [0x3c80],AX	reject:not-a-string
1000:4e63	CALLF	op0	0xF092	0x10962	CALLF 0x1000:f092	reject:not-a-string
1000:4e68	MOV	op1	0x3692	0x4F62	MOV AL,[0x3692]	reject:not-a-string
1000:4e7e	JG	op0	0x4E9E	0x676E	JG 0x1000:4e9e	reject:not-a-string
1000:4e82	MOV	op0	0x3C80	0x5550	MOV [0x3c80],AX	reject:not-a-string
1000:4e99	CALLF	op0	0xF092	0x10962	CALLF 0x1000:f092	reject:not-a-string
1000:4e9e	MOV	op1	0x3A72	0x5342	MOV DI,0x3a72	reject:not-a-string
1000:4ea3	MOV	op1	0x3714	0x4FE4	MOV DI,0x3714	reject:not-a-string
1000:4ea8	CALLF	op0	0x0358	0x11C28	CALLF 0x2000:0358	reject:not-a-string
1000:4ead	JZ	op0	0x4EB2	0x6782	JZ 0x1000:4eb2	reject:not-a-string
1000:4eaf	JMP	op0	0x4F82	0x6852	JMP 0x1000:4f82	reject:not-a-string
1000:4eb2	CMP	op0	0x394D	0x521D	CMP byte ptr [0x394d],0x0	reject:not-a-string
1000:4eb7	JNZ	op0	0x4EBC	0x678C	JNZ 0x1000:4ebc	reject:not-a-string
1000:4eb9	JMP	op0	0x4F82	0x6852	JMP 0x1000:4f82	reject:not-a-string
1000:4ebc	CMP	op0	0x3693	0x4F63	CMP byte ptr [0x3693],0x0	reject:not-a-string
1000:4ec1	JNZ	op0	0x4EE6	0x67B6	JNZ 0x1000:4ee6	reject:not-a-string
1000:4ec3	CMP	op0	0x394E	0x521E	CMP byte ptr [0x394e],0x0	reject:not-a-string
1000:4ec8	JNZ	op0	0x4EE6	0x67B6	JNZ 0x1000:4ee6	reject:not-a-string
1000:4ede	CALLF	op0	0xF092	0x10962	CALLF 0x1000:f092	reject:not-a-string
1000:4ee3	JMP	op0	0x4F82	0x6852	JMP 0x1000:4f82	reject:not-a-string
1000:4ee6	CMP	op0	0x394F	0x521F	CMP word ptr [0x394f],0x0	reject:not-a-string
1000:4eeb	JLE	op0	0x4F69	0x6839	JLE 0x1000:4f69	reject:not-a-string
1000:4eed	DEC	op0	0x394F	0x521F	DEC word ptr [0x394f]	reject:not-a-string
1000:4ef5	CALLF	op0	0x08CB	0x1219B	CALLF 0x2000:08cb	reject:not-a-string
1000:4f00	MOV	op1	0x38A0	0x5170	MOV AX,[0x38a0]	reject:not-a-string
1000:4f06	JG	op0	0x4F0E	0x67DE	JG 0x1000:4f0e	reject:not-a-string
1000:4f08	JL	op0	0x4F4E	0x681E	JL 0x1000:4f4e	reject:not-a-string
1000:4f0c	JBE	op0	0x4F4E	0x681E	JBE 0x1000:4f4e	reject:not-a-string
1000:4f0e	MOV	op1	0x3962	0x5232	MOV AX,[0x3962]	reject:not-a-string
1000:4f11	MOV	op0	0xFFFC	0x118CC	MOV word ptr [BP + -0x4],AX	reject:not-a-string
1000:4f18	CALLF	op0	0x08CB	0x1219B	CALLF 0x2000:08cb	reject:not-a-string
1000:4f20	MOV	op0	0xFEF4	0x117C4	MOV word ptr [BP + 0xfef4],AX	reject:not-a-string
1000:4f24	MOV	op1	0xFEF4	0x117C4	MOV AX,word ptr [BP + 0xfef4]	reject:not-a-string
1000:4f28	SUB	op0	0x3962	0x5232	SUB word ptr [0x3962],AX	reject:not-a-string
1000:4f31	MOV	op1	0xFFFC	0x118CC	MOV AX,word ptr [BP + -0x4]	reject:not-a-string
1000:4f34	SUB	op1	0x3962	0x5232	SUB AX,word ptr [0x3962]	reject:not-a-string
1000:4f39	PUSH	op0	0x3962	0x5232	PUSH word ptr [0x3962]	reject:not-a-string
1000:4f3d	PUSH	op0	0x394F	0x521F	PUSH word ptr [0x394f]	reject:not-a-string
1000:4f47	CALLF	op0	0xF092	0x10962	CALLF 0x1000:f092	reject:not-a-string
1000:4f4c	JMP	op0	0x4F67	0x6837	JMP 0x1000:4f67	reject:not-a-string
1000:4f62	CALLF	op0	0xF092	0x10962	CALLF 0x1000:f092	reject:not-a-string
1000:4f67	JMP	op0	0x4F82	0x6852	JMP 0x1000:4f82	reject:not-a-string
1000:4f7d	CALLF	op0	0xF092	0x10962	CALLF 0x1000:f092	reject:not-a-string
1000:4f82	CMP	op0	0x38AC	0x517C	CMP word ptr [0x38ac],0x0	reject:not-a-string
1000:4f87	JLE	op0	0x4F8C	0x685C	JLE 0x1000:4f8c	reject:not-a-string
1000:4f89	JMP	op0	0x507B	0x694B	JMP 0x1000:507b	reject:not-a-string
1000:4f91	JNZ	op0	0x4FBA	0x688A	JNZ 0x1000:4fba	reject:not-a-string
1000:4fa7	CALLF	op0	0xF092	0x10962	CALLF 0x1000:f092	reject:not-a-string
1000:4fac	CALLF	op0	0xF47A	0x10D4A	CALLF 0x1000:f47a	reject:not-a-string
1000:4fb4	CALL	op0	0x074B	0x201B	CALL 0x1000:074b	reject:not-a-string
1000:4fb7	JMP	op0	0x507B	0x694B	JMP 0x1000:507b	reject:not-a-string
1000:4fba	CMP	op0	0x3696	0x4F66	CMP byte ptr [0x3696],0x1	reject:not-a-string
1000:4fbf	JZ	op0	0x4FC4	0x6894	JZ 0x1000:4fc4	reject:not-a-string
1000:4fc1	JMP	op0	0x5053	0x6923	JMP 0x1000:5053	reject:not-a-string
1000:4fc9	JGE	op0	0x4FCE	0x689E	JGE 0x1000:4fce	reject:not-a-string
1000:4fcb	JMP	op0	0x5053	0x6923	JMP 0x1000:5053	reject:not-a-string
1000:4fe2	CALLF	op0	0xF092	0x10962	CALLF 0x1000:f092	reject:not-a-string
1000:4fec	MOV	op1	0x38AE	0x517E	MOV AX,[0x38ae]	reject:not-a-string
1000:4ff0	CALLF	op0	0x08A5	0x12175	CALLF 0x2000:08a5	reject:not-a-string
1000:4ffa	MOV	op1	0x2000	0x38D0	MOV DI,0x2000	reject:not-a-string
1000:4ffd	CALLF	op0	0x0897	0x12167	CALLF 0x2000:0897	reject:not-a-string
1000:5007	MOV	op1	0x4000	0x58D0	MOV DI,0x4000	reject:not-a-string
1000:500a	CALLF	op0	0x0891	0x12161	CALLF 0x2000:0891	reject:not-a-string
1000:500f	CALLF	op0	0x08B1	0x12181	CALLF 0x2000:08b1	reject:not-a-string
1000:5014	SUB	op0	0x38C7	0x5197	SUB word ptr [0x38c7],AX	reject:not-a-string
1000:5018	MOV	op1	0x38AE	0x517E	MOV AX,[0x38ae]	reject:not-a-string
1000:501b	MOV	op0	0x38AC	0x517C	MOV [0x38ac],AX	reject:not-a-string
1000:501e	CMP	op0	0x38B0	0x5180	CMP byte ptr [0x38b0],0x1	reject:not-a-string
1000:5023	JZ	op0	0x502C	0x68FC	JZ 0x1000:502c	reject:not-a-string
1000:502a	JNZ	op0	0x503B	0x690B	JNZ 0x1000:503b	reject:not-a-string
1000:502c	SUB	op0	0x38C7	0x5197	SUB word ptr [0x38c7],0x7	reject:not-a-string
1000:5031	MOV	op0	0x38B0	0x5180	MOV byte ptr [0x38b0],0x0	reject:not-a-string
1000:503b	CMP	op0	0x38C7	0x5197	CMP word ptr [0x38c7],0x0	reject:not-a-string
1000:5040	JGE	op0	0x5051	0x6921	JGE 0x1000:5051	reject:not-a-string
1000:5045	ADD	op1	0x38C7	0x5197	ADD AX,word ptr [0x38c7]	reject:not-a-string
1000:504e	MOV	op0	0x38C7	0x5197	MOV [0x38c7],AX	reject:not-a-string
1000:5051	JMP	op0	0x5077	0x6947	JMP 0x1000:5077	reject:not-a-string
1000:5067	CALLF	op0	0xF092	0x10962	CALLF 0x1000:f092	reject:not-a-string
1000:506c	CALLF	op0	0xF47A	0x10D4A	CALLF 0x1000:f47a	reject:not-a-string
1000:5074	CALL	op0	0x074B	0x201B	CALL 0x1000:074b	reject:not-a-string
1000:5077	MOV	op0	0xFFFF	0x118CF	MOV byte ptr [BP + -0x1],0x1	reject:not-a-string
1000:507b	CMP	op0	0x3962	0x5232	CMP word ptr [0x3962],0x0	reject:not-a-string
1000:5080	JLE	op0	0x5085	0x6955	JLE 0x1000:5085	reject:not-a-string
1000:5082	JMP	op0	0x5838	0x7108	JMP 0x1000:5838	reject:not-a-string
1000:5089	JZ	op0	0x508E	0x695E	JZ 0x1000:508e	reject:not-a-string
1000:508b	JMP	op0	0x5139	0x6A09	JMP 0x1000:5139	reject:not-a-string
1000:508e	MOV	op1	0x38D0	0x51A0	MOV AX,[0x38d0]	reject:not-a-string
1000:5091	MOV	op0	0x38CE	0x519E	MOV [0x38ce],AX	reject:not-a-string
1000:5097	CALL	op0	0x2526	0x3DF6	CALL 0x1000:2526	reject:not-a-string
1000:50ae	CALLF	op0	0xF092	0x10962	CALLF 0x1000:f092	reject:not-a-string
1000:50b3	CALLF	op0	0xF47A	0x10D4A	CALLF 0x1000:f47a	reject:not-a-string
1000:50cc	CALLF	op0	0xF092	0x10962	CALLF 0x1000:f092	reject:not-a-string
1000:50d1	CALLF	op0	0xF47A	0x10D4A	CALLF 0x1000:f47a	reject:not-a-string
1000:50ea	CALLF	op0	0xF092	0x10962	CALLF 0x1000:f092	reject:not-a-string
1000:50ef	CALLF	op0	0xF47A	0x10D4A	CALLF 0x1000:f47a	reject:not-a-string
1000:5108	CALLF	op0	0xF092	0x10962	CALLF 0x1000:f092	reject:not-a-string
1000:510d	CALLF	op0	0xF47A	0x10D4A	CALLF 0x1000:f47a	reject:not-a-string
1000:5126	CALLF	op0	0xF092	0x10962	CALLF 0x1000:f092	reject:not-a-string
1000:512b	CALL	op0	0x1A03	0x32D3	CALL 0x1000:1a03	reject:not-a-string
1000:512e	CALLF	op0	0xF47A	0x10D4A	CALLF 0x1000:f47a	reject:not-a-string
1000:5133	CALL	op0	0x0AEC	0x23BC	CALL 0x1000:0aec	reject:not-a-string
1000:5136	JMP	op0	0x5838	0x7108	JMP 0x1000:5838	reject:not-a-string
1000:513d	JNZ	op0	0x5189	0x6A59	JNZ 0x1000:5189	reject:not-a-string
1000:513f	MOV	op1	0x38D0	0x51A0	MOV AX,[0x38d0]	reject:not-a-string
1000:5142	MOV	op0	0x38CE	0x519E	MOV [0x38ce],AX	reject:not-a-string
1000:5148	CALL	op0	0x2526	0x3DF6	CALL 0x1000:2526	reject:not-a-string
1000:515f	CALLF	op0	0xF092	0x10962	CALLF 0x1000:f092	reject:not-a-string
1000:5164	CALLF	op0	0xF47A	0x10D4A	CALLF 0x1000:f47a	reject:not-a-string
1000:517d	CALLF	op0	0xF092	0x10962	CALLF 0x1000:f092	reject:not-a-string
1000:5182	CALLF	op0	0xF47A	0x10D4A	CALLF 0x1000:f47a	reject:not-a-string
1000:5187	JMP	op0	0x51A2	0x6A72	JMP 0x1000:51a2	reject:not-a-string
1000:519d	CALLF	op0	0xF092	0x10962	CALLF 0x1000:f092	reject:not-a-string
1000:51a2	MOV	op0	0xFFFF	0x118CF	MOV byte ptr [BP + -0x1],0x1	reject:not-a-string
1000:51aa	JZ	op0	0x51B2	0x6A82	JZ 0x1000:51b2	reject:not-a-string
1000:51b0	JNZ	op0	0x51B4	0x6A84	JNZ 0x1000:51b4	reject:not-a-string
1000:51b2	JMP	op0	0x51ED	0x6ABD	JMP 0x1000:51ed	reject:not-a-string
1000:51b9	MOV	op1	0x3954	0x5224	MOV AX,[0x3954]	reject:not-a-string
1000:51bc	ADD	op1	0x3956	0x5226	ADD AX,word ptr [0x3956]	reject:not-a-string
1000:51c0	ADD	op1	0x3958	0x5228	ADD AX,word ptr [0x3958]	reject:not-a-string
1000:51c4	ADD	op1	0x395A	0x522A	ADD AX,word ptr [0x395a]	reject:not-a-string
1000:51d5	CALLF	op0	0xF092	0x10962	CALLF 0x1000:f092	reject:not-a-string
1000:51da	MOV	op1	0x3954	0x5224	MOV AX,[0x3954]	reject:not-a-string
1000:51dd	ADD	op1	0x3956	0x5226	ADD AX,word ptr [0x3956]	reject:not-a-string
1000:51e1	ADD	op1	0x3958	0x5228	ADD AX,word ptr [0x3958]	reject:not-a-string
1000:51e5	ADD	op1	0x395A	0x522A	ADD AX,word ptr [0x395a]	reject:not-a-string
1000:51e9	ADD	op0	0x38CE	0x519E	ADD word ptr [0x38ce],AX	reject:not-a-string
1000:51ed	MOV	op1	0x38CE	0x519E	MOV AX,[0x38ce]	reject:not-a-string
1000:51f0	CMP	op1	0x38D0	0x51A0	CMP AX,word ptr [0x38d0]	reject:not-a-string
1000:51f4	JGE	op0	0x5238	0x6B08	JGE 0x1000:5238	reject:not-a-string
1000:51fa	JZ	op0	0x5236	0x6B06	JZ 0x1000:5236	reject:not-a-string
1000:5200	JZ	op0	0x5236	0x6B06	JZ 0x1000:5236	reject:not-a-string
1000:5216	CALLF	op0	0xF092	0x10962	CALLF 0x1000:f092	reject:not-a-string
1000:5220	PUSH	op0	0x38CE	0x519E	PUSH word ptr [0x38ce]	reject:not-a-string
1000:5224	PUSH	op0	0x38D0	0x51A0	PUSH word ptr [0x38d0]	reject:not-a-string
1000:5231	CALLF	op0	0xF092	0x10962	CALLF 0x1000:f092	reject:not-a-string
1000:5236	JMP	op0	0x523E	0x6B0E	JMP 0x1000:523e	reject:not-a-string
1000:523b	CALL	op0	0x2526	0x3DF6	CALL 0x1000:2526	reject:not-a-string
1000:523e	MOV	op1	0x396A	0x523A	MOV AX,[0x396a]	reject:not-a-string
1000:5241	ADD	op0	0x38C3	0x5193	ADD word ptr [0x38c3],AX	reject:not-a-string
1000:5245	MOV	op1	0x396C	0x523C	MOV AX,[0x396c]	reject:not-a-string
1000:5248	ADD	op0	0x38C7	0x5197	ADD word ptr [0x38c7],AX	reject:not-a-string
1000:524c	MOV	op1	0x396E	0x523E	MOV AX,[0x396e]	reject:not-a-string
1000:524f	ADD	op0	0x38C9	0x5199	ADD word ptr [0x38c9],AX	reject:not-a-string
1000:5267	CALLF	op0	0xF092	0x10962	CALLF 0x1000:f092	reject:not-a-string
1000:526c	ADD	op0	0x38AC	0x517C	ADD word ptr [0x38ac],0x5	reject:not-a-string
1000:5271	MOV	op1	0x38AC	0x517C	MOV AX,[0x38ac]	reject:not-a-string
1000:5274	CMP	op1	0x38AE	0x517E	CMP AX,word ptr [0x38ae]	reject:not-a-string
1000:5278	JLE	op0	0x5280	0x6B50	JLE 0x1000:5280	reject:not-a-string
1000:527a	MOV	op1	0x38AE	0x517E	MOV AX,[0x38ae]	reject:not-a-string
1000:527d	MOV	op0	0x38AC	0x517C	MOV [0x38ac],AX	reject:not-a-string
1000:5280	MOV	op1	0x395C	0x522C	MOV AX,[0x395c]	reject:not-a-string
1000:528b	MOV	op1	0x3952	0x5222	MOV AX,[0x3952]	reject:not-a-string
1000:5295	CMP	op0	0x3696	0x4F66	CMP byte ptr [0x3696],0x0	reject:not-a-string
1000:529a	JNZ	op0	0x52D1	0x6BA1	JNZ 0x1000:52d1	reject:not-a-string
1000:529c	MOV	op1	0x3692	0x4F62	MOV AL,[0x3692]	reject:not-a-string
1000:52a9	MOV	op1	0x38A6	0x5176	MOV AX,[0x38a6]	reject:not-a-string
1000:52b1	JL	op0	0x52D1	0x6BA1	JL 0x1000:52d1	reject:not-a-string
1000:52b3	MOV	op0	0x3696	0x4F66	MOV byte ptr [0x3696],0x1	reject:not-a-string
1000:52cc	CALLF	op0	0xF092	0x10962	CALLF 0x1000:f092	reject:not-a-string
1000:52d5	CALLF	op0	0x08CB	0x1219B	CALLF 0x2000:08cb	reject:not-a-string
1000:52dc	JBE	op0	0x52E1	0x6BB1	JBE 0x1000:52e1	reject:not-a-string
1000:52de	JMP	op0	0x53F7	0x6CC7	JMP 0x1000:53f7	reject:not-a-string
1000:52e6	JZ	op0	0x52F6	0x6BC6	JZ 0x1000:52f6	reject:not-a-string
1000:52e8	CMP	op0	0x38C0	0x5190	CMP byte ptr [0x38c0],0x0	reject:not-a-string
1000:52ed	JZ	op0	0x52F6	0x6BC6	JZ 0x1000:52f6	reject:not-a-string
1000:52ef	CMP	op0	0x38C1	0x5191	CMP byte ptr [0x38c1],0x0	reject:not-a-string
1000:52f4	JNZ	op0	0x530F	0x6BDF	JNZ 0x1000:530f	reject:not-a-string
1000:530a	CALLF	op0	0xF092	0x10962	CALLF 0x1000:f092	reject:not-a-string
1000:5314	JNZ	op0	0x536A	0x6C3A	JNZ 0x1000:536a	reject:not-a-string
1000:532a	CALLF	op0	0xF092	0x10962	CALLF 0x1000:f092	reject:not-a-string
1000:532f	INC	op0	0x389E	0x516E	INC word ptr [0x389e]	reject:not-a-string
1000:5333	INC	op0	0x38A0	0x5170	INC word ptr [0x38a0]	reject:not-a-string
1000:5337	INC	op0	0x38A2	0x5172	INC word ptr [0x38a2]	reject:not-a-string
1000:533b	INC	op0	0x38A4	0x5174	INC word ptr [0x38a4]	reject:not-a-string
1000:533f	ADD	op0	0x38AE	0x517E	ADD word ptr [0x38ae],0x6	reject:not-a-string
1000:5344	ADD	op0	0x38AC	0x517C	ADD word ptr [0x38ac],0x6	reject:not-a-string
1000:5349	INC	op0	0x38AA	0x517A	INC word ptr [0x38aa]	reject:not-a-string
1000:534d	MOV	op1	0x389E	0x516E	MOV AX,[0x389e]	reject:not-a-string
1000:535e	ADD	op0	0x38A8	0x5178	ADD word ptr [0x38a8],AX	reject:not-a-string
1000:5367	JMP	op0	0x53F7	0x6CC7	JMP 0x1000:53f7	reject:not-a-string
1000:536a	CMP	op0	0x38C0	0x5190	CMP byte ptr [0x38c0],0x0	reject:not-a-string
1000:536f	JNZ	op0	0x53B9	0x6C89	JNZ 0x1000:53b9	reject:not-a-string
1000:5385	CALLF	op0	0xF092	0x10962	CALLF 0x1000:f092	reject:not-a-string
1000:538a	ADD	op0	0x389E	0x516E	ADD word ptr [0x389e],0x4	reject:not-a-string
1000:538f	ADD	op0	0x38A0	0x5170	ADD word ptr [0x38a0],0x4	reject:not-a-string
1000:5394	ADD	op0	0x38A2	0x5172	ADD word ptr [0x38a2],0x4	reject:not-a-string
1000:5399	ADD	op0	0x38A4	0x5174	ADD word ptr [0x38a4],0x4	reject:not-a-string
1000:539e	ADD	op0	0x38AE	0x517E	ADD word ptr [0x38ae],0x18	reject:not-a-string
1000:53a3	ADD	op0	0x38AC	0x517C	ADD word ptr [0x38ac],0x18	reject:not-a-string
1000:53a8	ADD	op0	0x38AA	0x517A	ADD word ptr [0x38aa],0x4	reject:not-a-string
1000:53ad	ADD	op0	0x38A8	0x5178	ADD word ptr [0x38a8],0x2	reject:not-a-string
1000:53b2	MOV	op0	0x38C0	0x5190	MOV byte ptr [0x38c0],0x1	reject:not-a-string
1000:53b7	JMP	op0	0x53F7	0x6CC7	JMP 0x1000:53f7	reject:not-a-string
1000:53b9	CMP	op0	0x38C1	0x5191	CMP byte ptr [0x38c1],0x0	reject:not-a-string
1000:53be	JNZ	op0	0x53F7	0x6CC7	JNZ 0x1000:53f7	reject:not-a-string
1000:53d4	CALLF	op0	0xF092	0x10962	CALLF 0x1000:f092	reject:not-a-string
1000:53ed	CALLF	op0	0xF092	0x10962	CALLF 0x1000:f092	reject:not-a-string
1000:53f2	MOV	op0	0x38C1	0x5191	MOV byte ptr [0x38c1],0x1	reject:not-a-string
1000:53f7	MOV	op1	0x3692	0x4F62	MOV AL,[0x3692]	reject:not-a-string
1000:5402	CALLF	op0	0x08CB	0x1219B	CALLF 0x2000:08cb	reject:not-a-string
1000:540d	MOV	op1	0x38A4	0x5174	MOV AX,[0x38a4]	reject:not-a-string
1000:5413	JG	op0	0x541B	0x6CEB	JG 0x1000:541b	reject:not-a-string
1000:5415	JL	op0	0x5449	0x6D19	JL 0x1000:5449	reject:not-a-string
1000:5419	JC	op0	0x5449	0x6D19	JC 0x1000:5449	reject:not-a-string
1000:541b	MOV	op1	0x3952	0x5222	MOV AX,[0x3952]	reject:not-a-string
1000:5421	JNZ	op0	0x5449	0x6D19	JNZ 0x1000:5449	reject:not-a-string
1000:5427	CALLF	op0	0x08CB	0x1219B	CALLF 0x2000:08cb	reject:not-a-string
1000:5444	CALLF	op0	0xF092	0x10962	CALLF 0x1000:f092	reject:not-a-string
1000:5449	MOV	op1	0x3692	0x4F62	MOV AL,[0x3692]	reject:not-a-string
1000:5454	CALLF	op0	0x08CB	0x1219B	CALLF 0x2000:08cb	reject:not-a-string
1000:545f	MOV	op1	0x38A4	0x5174	MOV AX,[0x38a4]	reject:not-a-string
1000:5465	JG	op0	0x5473	0x6D43	JG 0x1000:5473	reject:not-a-string
1000:5467	JGE	op0	0x546C	0x6D3C	JGE 0x1000:546c	reject:not-a-string
1000:5469	JMP	op0	0x57CE	0x709E	JMP 0x1000:57ce	reject:not-a-string
1000:546e	JNC	op0	0x5473	0x6D43	JNC 0x1000:5473	reject:not-a-string
1000:5470	JMP	op0	0x57CE	0x709E	JMP 0x1000:57ce	reject:not-a-string
1000:5473	MOV	op1	0x3952	0x5222	MOV AX,[0x3952]	reject:not-a-string
1000:5479	JZ	op0	0x547E	0x6D4E	JZ 0x1000:547e	reject:not-a-string
1000:547b	JMP	op0	0x5515	0x6DE5	JMP 0x1000:5515	reject:not-a-string
1000:5482	CALLF	op0	0x08CB	0x1219B	CALLF 0x2000:08cb	reject:not-a-string
1000:548a	JNZ	op0	0x54B8	0x6D88	JNZ 0x1000:54b8	reject:not-a-string
1000:5491	JNZ	op0	0x54B6	0x6D86	JNZ 0x1000:54b6	reject:not-a-string
1000:5493	ADD	op0	0x38A4	0x5174	ADD word ptr [0x38a4],0x2	reject:not-a-string
1000:54ac	CALLF	op0	0xF092	0x10962	CALLF 0x1000:f092	reject:not-a-string
1000:54b6	JMP	op0	0x5512	0x6DE2	JMP 0x1000:5512	reject:not-a-string
1000:54bb	JNZ	op0	0x54E8	0x6DB8	JNZ 0x1000:54e8	reject:not-a-string
1000:54bd	CMP	op0	0x38BE	0x518E	CMP byte ptr [0x38be],0x0	reject:not-a-string
1000:54c2	JNZ	op0	0x54E6	0x6DB6	JNZ 0x1000:54e6	reject:not-a-string
1000:54c4	INC	op0	0x38A4	0x5174	INC word ptr [0x38a4]	reject:not-a-string
1000:54dc	CALLF	op0	0xF092	0x10962	CALLF 0x1000:f092	reject:not-a-string
1000:54e1	MOV	op0	0x38BE	0x518E	MOV byte ptr [0x38be],0x1	reject:not-a-string
1000:54e6	JMP	op0	0x5512	0x6DE2	JMP 0x1000:5512	reject:not-a-string
1000:54eb	JNZ	op0	0x5512	0x6DE2	JNZ 0x1000:5512	reject:not-a-string
1000:54ed	CMP	op0	0x38BB	0x518B	CMP byte ptr [0x38bb],0x0	reject:not-a-string
1000:54f2	JNZ	op0	0x5512	0x6DE2	JNZ 0x1000:5512	reject:not-a-string
1000:5508	CALLF	op0	0xF092	0x10962	CALLF 0x1000:f092	reject:not-a-string
1000:550d	MOV	op0	0x38BB	0x518B	MOV byte ptr [0x38bb],0x1	reject:not-a-string
1000:5512	JMP	op0	0x57CE	0x709E	JMP 0x1000:57ce	reject:not-a-string
1000:5518	JZ	op0	0x552C	0x6DFC	JZ 0x1000:552c	reject:not-a-string
1000:551d	JZ	op0	0x552C	0x6DFC	JZ 0x1000:552c	reject:not-a-string
1000:5522	JZ	op0	0x552C	0x6DFC	JZ 0x1000:552c	reject:not-a-string
1000:5527	JZ	op0	0x552C	0x6DFC	JZ 0x1000:552c	reject:not-a-string
1000:5529	JMP	op0	0x560E	0x6EDE	JMP 0x1000:560e	reject:not-a-string
1000:5530	CALLF	op0	0x08CB	0x1219B	CALLF 0x2000:08cb	reject:not-a-string
1000:5538	JNZ	op0	0x559B	0x6E6B	JNZ 0x1000:559b	reject:not-a-string
1000:553a	CMP	op0	0x38BA	0x518A	CMP byte ptr [0x38ba],0x0	reject:not-a-string
1000:553f	JNZ	op0	0x5599	0x6E69	JNZ 0x1000:5599	reject:not-a-string
1000:5541	MOV	op0	0x38BA	0x518A	MOV byte ptr [0x38ba],0x1	reject:not-a-string
1000:555a	CALLF	op0	0xF092	0x10962	CALLF 0x1000:f092	reject:not-a-string
1000:555f	CMP	op0	0x38C2	0x5192	CMP byte ptr [0x38c2],0x0	reject:not-a-string
1000:5564	JNZ	op0	0x5580	0x6E50	JNZ 0x1000:5580	reject:not-a-string
1000:5566	CMP	op0	0x394B	0x521B	CMP byte ptr [0x394b],0x0	reject:not-a-string
1000:556b	JNZ	op0	0x5580	0x6E50	JNZ 0x1000:5580	reject:not-a-string
1000:556d	CMP	op0	0x394C	0x521C	CMP byte ptr [0x394c],0x0	reject:not-a-string
1000:5572	JNZ	op0	0x5580	0x6E50	JNZ 0x1000:5580	reject:not-a-string
1000:5574	ADD	op0	0x38A8	0x5178	ADD word ptr [0x38a8],0x2	reject:not-a-string
1000:5579	ADD	op0	0x38AA	0x517A	ADD word ptr [0x38aa],0x2	reject:not-a-string
1000:557e	JMP	op0	0x5599	0x6E69	JMP 0x1000:5599	reject:not-a-string
1000:5594	CALLF	op0	0xF092	0x10962	CALLF 0x1000:f092	reject:not-a-string
1000:5599	JMP	op0	0x560B	0x6EDB	JMP 0x1000:560b	reject:not-a-string
1000:559e	JNZ	op0	0x560B	0x6EDB	JNZ 0x1000:560b	reject:not-a-string
1000:55a0	CMP	op0	0x394B	0x521B	CMP byte ptr [0x394b],0x0	reject:not-a-string
1000:55a5	JNZ	op0	0x560B	0x6EDB	JNZ 0x1000:560b	reject:not-a-string
1000:55a7	MOV	op0	0x394B	0x521B	MOV byte ptr [0x394b],0x1	reject:not-a-string
1000:55c0	CALLF	op0	0xF092	0x10962	CALLF 0x1000:f092	reject:not-a-string
1000:55c5	CMP	op0	0x38C2	0x5192	CMP byte ptr [0x38c2],0x0	reject:not-a-string
1000:55ca	JNZ	op0	0x55F2	0x6EC2	JNZ 0x1000:55f2	reject:not-a-string
1000:55cc	CMP	op0	0x394C	0x521C	CMP byte ptr [0x394c],0x0	reject:not-a-string
1000:55d1	JNZ	op0	0x55F2	0x6EC2	JNZ 0x1000:55f2	reject:not-a-string
1000:55d3	CMP	op0	0x38BA	0x518A	CMP byte ptr [0x38ba],0x0	reject:not-a-string
1000:55d8	JZ	op0	0x55E6	0x6EB6	JZ 0x1000:55e6	reject:not-a-string
1000:55da	ADD	op0	0x38A8	0x5178	ADD word ptr [0x38a8],0x2	reject:not-a-string
1000:55df	ADD	op0	0x38AA	0x517A	ADD word ptr [0x38aa],0x2	reject:not-a-string
1000:55e4	JMP	op0	0x55F0	0x6EC0	JMP 0x1000:55f0	reject:not-a-string
1000:55e6	ADD	op0	0x38A8	0x5178	ADD word ptr [0x38a8],0x4	reject:not-a-string
1000:55eb	ADD	op0	0x38AA	0x517A	ADD word ptr [0x38aa],0x4	reject:not-a-string
1000:55f0	JMP	op0	0x560B	0x6EDB	JMP 0x1000:560b	reject:not-a-string
1000:5606	CALLF	op0	0xF092	0x10962	CALLF 0x1000:f092	reject:not-a-string
1000:560b	JMP	op0	0x57CE	0x709E	JMP 0x1000:57ce	reject:not-a-string
1000:5611	JNZ	op0	0x5675	0x6F45	JNZ 0x1000:5675	reject:not-a-string
1000:5617	CALLF	op0	0x08CB	0x1219B	CALLF 0x2000:08cb	reject:not-a-string
1000:561f	JNZ	op0	0x5648	0x6F18	JNZ 0x1000:5648	reject:not-a-string
1000:5621	CMP	op0	0x38B3	0x5183	CMP byte ptr [0x38b3],0x0	reject:not-a-string
1000:5626	JNZ	op0	0x5646	0x6F16	JNZ 0x1000:5646	reject:not-a-string
1000:5628	MOV	op0	0x38B3	0x5183	MOV byte ptr [0x38b3],0x1	reject:not-a-string
1000:5641	CALLF	op0	0xF092	0x10962	CALLF 0x1000:f092	reject:not-a-string
1000:5646	JMP	op0	0x5672	0x6F42	JMP 0x1000:5672	reject:not-a-string
1000:564b	JNZ	op0	0x5672	0x6F42	JNZ 0x1000:5672	reject:not-a-string
1000:564d	CMP	op0	0x38BB	0x518B	CMP byte ptr [0x38bb],0x0	reject:not-a-string
1000:5652	JNZ	op0	0x5672	0x6F42	JNZ 0x1000:5672	reject:not-a-string
1000:5668	CALLF	op0	0xF092	0x10962	CALLF 0x1000:f092	reject:not-a-string
1000:566d	MOV	op0	0x38BB	0x518B	MOV byte ptr [0x38bb],0x1	reject:not-a-string
1000:5672	JMP	op0	0x57CE	0x709E	JMP 0x1000:57ce	reject:not-a-string
1000:5678	JZ	op0	0x567D	0x6F4D	JZ 0x1000:567d	reject:not-a-string
1000:567a	JMP	op0	0x57CE	0x709E	JMP 0x1000:57ce	reject:not-a-string
1000:5681	CALLF	op0	0x08CB	0x1219B	CALLF 0x2000:08cb	reject:not-a-string
1000:5689	JZ	op0	0x568E	0x6F5E	JZ 0x1000:568e	reject:not-a-string
1000:568b	JMP	op0	0x572C	0x6FFC	JMP 0x1000:572c	reject:not-a-string
1000:568e	CMP	op0	0x38C2	0x5192	CMP byte ptr [0x38c2],0x0	reject:not-a-string
1000:5693	JZ	op0	0x5698	0x6F68	JZ 0x1000:5698	reject:not-a-string
1000:5695	JMP	op0	0x5729	0x6FF9	JMP 0x1000:5729	reject:not-a-string
1000:5698	MOV	op0	0x38C2	0x5192	MOV byte ptr [0x38c2],0x1	reject:not-a-string
1000:56b1	CALLF	op0	0xF092	0x10962	CALLF 0x1000:f092	reject:not-a-string
1000:56ba	JZ	op0	0x56C3	0x6F93	JZ 0x1000:56c3	reject:not-a-string
1000:56bc	CMP	op0	0x394B	0x521B	CMP byte ptr [0x394b],0x0	reject:not-a-string
1000:56c1	JZ	op0	0x56C7	0x6F97	JZ 0x1000:56c7	reject:not-a-string
1000:56c5	JMP	op0	0x56C9	0x6F99	JMP 0x1000:56c9	reject:not-a-string
1000:56c9	CMP	op1	0x38BA	0x518A	CMP AL,byte ptr [0x38ba]	reject:not-a-string
1000:56cd	JNZ	op0	0x56D9	0x6FA9	JNZ 0x1000:56d9	reject:not-a-string
1000:56cf	ADD	op0	0x38A8	0x5178	ADD word ptr [0x38a8],0x4	reject:not-a-string
1000:56d4	ADD	op0	0x38AA	0x517A	ADD word ptr [0x38aa],0x4	reject:not-a-string
1000:56d9	CMP	op0	0x394B	0x521B	CMP byte ptr [0x394b],0x0	reject:not-a-string
1000:56de	JZ	op0	0x56EA	0x6FBA	JZ 0x1000:56ea	reject:not-a-string
1000:56e0	ADD	op0	0x38A8	0x5178	ADD word ptr [0x38a8],0x2	reject:not-a-string
1000:56e5	ADD	op0	0x38AA	0x517A	ADD word ptr [0x38aa],0x2	reject:not-a-string
1000:56ea	CMP	op0	0x38BA	0x518A	CMP byte ptr [0x38ba],0x0	reject:not-a-string
1000:56ef	JNZ	op0	0x5709	0x6FD9	JNZ 0x1000:5709	reject:not-a-string
1000:56f1	CMP	op0	0x394B	0x521B	CMP byte ptr [0x394b],0x0	reject:not-a-string
1000:56f6	JNZ	op0	0x5709	0x6FD9	JNZ 0x1000:5709	reject:not-a-string
1000:56f8	CMP	op0	0x394C	0x521C	CMP byte ptr [0x394c],0x0	reject:not-a-string
1000:56fd	JNZ	op0	0x5709	0x6FD9	JNZ 0x1000:5709	reject:not-a-string
1000:56ff	ADD	op0	0x38A8	0x5178	ADD word ptr [0x38a8],0x6	reject:not-a-string
1000:5704	ADD	op0	0x38AA	0x517A	ADD word ptr [0x38aa],0x6	reject:not-a-string
1000:5709	CMP	op0	0x394C	0x521C	CMP byte ptr [0x394c],0x0	reject:not-a-string
1000:570e	JZ	op0	0x5729	0x6FF9	JZ 0x1000:5729	reject:not-a-string
1000:5724	CALLF	op0	0xF092	0x10962	CALLF 0x1000:f092	reject:not-a-string
1000:5729	JMP	op0	0x57CE	0x709E	JMP 0x1000:57ce	reject:not-a-string
1000:572f	JZ	op0	0x5734	0x7004	JZ 0x1000:5734	reject:not-a-string
1000:5731	JMP	op0	0x57CE	0x709E	JMP 0x1000:57ce	reject:not-a-string
1000:5734	CMP	op0	0x394C	0x521C	CMP byte ptr [0x394c],0x0	reject:not-a-string
1000:5739	JZ	op0	0x573E	0x700E	JZ 0x1000:573e	reject:not-a-string
1000:573b	JMP	op0	0x57CE	0x709E	JMP 0x1000:57ce	reject:not-a-string
1000:573e	MOV	op0	0x394C	0x521C	MOV byte ptr [0x394c],0x1	reject:not-a-string
1000:5757	CALLF	op0	0xF092	0x10962	CALLF 0x1000:f092	reject:not-a-string
1000:5760	JZ	op0	0x5770	0x7040	JZ 0x1000:5770	reject:not-a-string
1000:5762	CMP	op0	0x394B	0x521B	CMP byte ptr [0x394b],0x0	reject:not-a-string
1000:5767	JNZ	op0	0x5770	0x7040	JNZ 0x1000:5770	reject:not-a-string
1000:5769	CMP	op0	0x38C2	0x5192	CMP byte ptr [0x38c2],0x0	reject:not-a-string
1000:576e	JZ	op0	0x5774	0x7044	JZ 0x1000:5774	reject:not-a-string
1000:5772	JMP	op0	0x5776	0x7046	JMP 0x1000:5776	reject:not-a-string
1000:5776	CMP	op1	0x38BA	0x518A	CMP AL,byte ptr [0x38ba]	reject:not-a-string
1000:577a	JNZ	op0	0x5786	0x7056	JNZ 0x1000:5786	reject:not-a-string
1000:577c	ADD	op0	0x38A8	0x5178	ADD word ptr [0x38a8],0x7	reject:not-a-string
1000:5781	ADD	op0	0x38AA	0x517A	ADD word ptr [0x38aa],0x7	reject:not-a-string
1000:5786	CMP	op0	0x394B	0x521B	CMP byte ptr [0x394b],0x0	reject:not-a-string
1000:578b	JZ	op0	0x579E	0x706E	JZ 0x1000:579e	reject:not-a-string
1000:578d	CMP	op0	0x38C2	0x5192	CMP byte ptr [0x38c2],0x0	reject:not-a-string
1000:5792	JNZ	op0	0x579E	0x706E	JNZ 0x1000:579e	reject:not-a-string
1000:5794	ADD	op0	0x38A8	0x5178	ADD word ptr [0x38a8],0x5	reject:not-a-string
1000:5799	ADD	op0	0x38AA	0x517A	ADD word ptr [0x38aa],0x5	reject:not-a-string
1000:579e	CMP	op0	0x38C2	0x5192	CMP byte ptr [0x38c2],0x0	reject:not-a-string
1000:57a3	JZ	op0	0x57AF	0x707F	JZ 0x1000:57af	reject:not-a-string
1000:57a5	ADD	op0	0x38A8	0x5178	ADD word ptr [0x38a8],0x3	reject:not-a-string
1000:57aa	ADD	op0	0x38AA	0x517A	ADD word ptr [0x38aa],0x3	reject:not-a-string
1000:57af	CMP	op0	0x38BA	0x518A	CMP byte ptr [0x38ba],0x0	reject:not-a-string
1000:57b4	JNZ	op0	0x57CE	0x709E	JNZ 0x1000:57ce	reject:not-a-string
1000:57b6	CMP	op0	0x394B	0x521B	CMP byte ptr [0x394b],0x0	reject:not-a-string
1000:57bb	JNZ	op0	0x57CE	0x709E	JNZ 0x1000:57ce	reject:not-a-string
1000:57bd	CMP	op0	0x38C2	0x5192	CMP byte ptr [0x38c2],0x0	reject:not-a-string
1000:57c2	JNZ	op0	0x57CE	0x709E	JNZ 0x1000:57ce	reject:not-a-string
1000:57c4	ADD	op0	0x38A8	0x5178	ADD word ptr [0x38a8],0x9	reject:not-a-string
1000:57c9	ADD	op0	0x38AA	0x517A	ADD word ptr [0x38aa],0x9	reject:not-a-string
1000:57d2	JNZ	op0	0x5838	0x7108	JNZ 0x1000:5838	reject:not-a-string
1000:57d4	MOV	op1	0x3692	0x4F62	MOV AL,[0x3692]	reject:not-a-string
1000:57e7	MOV	op1	0x3692	0x4F62	MOV AL,[0x3692]	reject:not-a-string
1000:57fe	CALLF	op0	0xF092	0x10962	CALLF 0x1000:f092	reject:not-a-string
1000:5808	MOV	op1	0x3692	0x4F62	MOV AL,[0x3692]	reject:not-a-string
1000:581f	CALLF	op0	0xF092	0x10962	CALLF 0x1000:f092	reject:not-a-string
1000:5824	MOV	op1	0x3692	0x4F62	MOV AL,[0x3692]	reject:not-a-string
1000:582e	ADD	op0	0x38CE	0x519E	ADD word ptr [0x38ce],AX	reject:not-a-string
1000:5835	CALL	op0	0x2526	0x3DF6	CALL 0x1000:2526	reject:not-a-string
1000:5838	CMP	op0	0xFFFF	0x118CF	CMP byte ptr [BP + -0x1],0x0	reject:not-a-string
1000:583c	JNZ	op0	0x5841	0x7111	JNZ 0x1000:5841	reject:not-a-string
1000:583e	JMP	op0	0x40F2	0x59C2	JMP 0x1000:40f2	reject:not-a-string
1000:5843	MOV	op0	0x3C80	0x5550	MOV [0x3c80],AX	reject:not-a-string
1000:5f5b	CALLF	op0	0xFA4D	0x1131D	CALLF 0x1000:fa4d	reject:not-a-string
1000:5f64	LEA	op1	0xFF00	0x117D0	LEA DI,[BP + 0xff00]	reject:not-a-string
1000:5f6f	CALLF	op0	0x0267	0x11B37	CALLF 0x2000:0267	reject:not-a-string
1000:5f82	CALLF	op0	0x02E6	0x11BB6	CALLF 0x2000:02e6	reject:not-a-string
1000:5f87	MOV	op1	0x585A	0x712A	MOV DI,0x585a	reject:not-a-string
1000:5f8c	CALLF	op0	0x02E6	0x11BB6	CALLF 0x2000:02e6	reject:not-a-string
1000:5f96	CALLF	op0	0x02E6	0x11BB6	CALLF 0x2000:02e6	reject:not-a-string
1000:5fa0	CALLF	op0	0x02E6	0x11BB6	CALLF 0x2000:02e6	reject:not-a-string
1000:5fb4	CALLF	op0	0xF092	0x10962	CALLF 0x1000:f092	reject:not-a-string
1000:5fcd	CALLF	op0	0xF092	0x10962	CALLF 0x1000:f092	reject:not-a-string
1000:5fd2	LEA	op1	0xFF00	0x117D0	LEA DI,[BP + 0xff00]	reject:not-a-string
1000:5fdd	CALLF	op0	0x0267	0x11B37	CALLF 0x2000:0267	reject:not-a-string
1000:5ff0	CALLF	op0	0x02E6	0x11BB6	CALLF 0x2000:02e6	reject:not-a-string
1000:5ff5	MOV	op1	0x58A9	0x7179	MOV DI,0x58a9	reject:not-a-string
1000:5ffa	CALLF	op0	0x02E6	0x11BB6	CALLF 0x2000:02e6	reject:not-a-string
1000:600e	CALLF	op0	0xF092	0x10962	CALLF 0x1000:f092	reject:not-a-string
1000:6033	CALLF	op0	0xF092	0x10962	CALLF 0x1000:f092	reject:not-a-string
1000:6058	CALLF	op0	0xF092	0x10962	CALLF 0x1000:f092	reject:not-a-string
1000:6071	CALLF	op0	0xF092	0x10962	CALLF 0x1000:f092	reject:not-a-string
1000:6076	MOV	op1	0x5970	0x7240	MOV DI,0x5970	reject:not-a-string
1000:608a	CALLF	op0	0xF092	0x10962	CALLF 0x1000:f092	reject:not-a-string
1000:60a3	CALLF	op0	0xF092	0x10962	CALLF 0x1000:f092	reject:not-a-string
1000:60bc	CALLF	op0	0xF092	0x10962	CALLF 0x1000:f092	reject:not-a-string
1000:60d5	CALLF	op0	0xF092	0x10962	CALLF 0x1000:f092	reject:not-a-string
1000:60ee	CALLF	op0	0xF092	0x10962	CALLF 0x1000:f092	reject:not-a-string
1000:6107	CALLF	op0	0xF092	0x10962	CALLF 0x1000:f092	reject:not-a-string
1000:6120	CALLF	op0	0xF092	0x10962	CALLF 0x1000:f092	reject:not-a-string
1000:6139	CALLF	op0	0xF092	0x10962	CALLF 0x1000:f092	reject:not-a-string
1000:6152	CALLF	op0	0xF092	0x10962	CALLF 0x1000:f092	reject:not-a-string
1000:616b	CALLF	op0	0xF092	0x10962	CALLF 0x1000:f092	reject:not-a-string
1000:6170	MOV	op1	0x5970	0x7240	MOV DI,0x5970	reject:not-a-string
1000:6184	CALLF	op0	0xF092	0x10962	CALLF 0x1000:f092	reject:not-a-string
1000:619d	CALLF	op0	0xF092	0x10962	CALLF 0x1000:f092	reject:not-a-string
1000:61b6	CALLF	op0	0xF092	0x10962	CALLF 0x1000:f092	reject:not-a-string
1000:61bb	CMP	op0	0x3692	0x4F62	CMP byte ptr [0x3692],0x1	reject:not-a-string
1000:61c0	JBE	op0	0x61DB	0x7AAB	JBE 0x1000:61db	reject:not-a-string
1000:61d6	CALLF	op0	0xF092	0x10962	CALLF 0x1000:f092	reject:not-a-string
1000:61ef	CALLF	op0	0xF092	0x10962	CALLF 0x1000:f092	reject:not-a-string
1000:6208	CALLF	op0	0xF092	0x10962	CALLF 0x1000:f092	reject:not-a-string
1000:6221	CALLF	op0	0xF092	0x10962	CALLF 0x1000:f092	reject:not-a-string
1000:623a	CALLF	op0	0xF092	0x10962	CALLF 0x1000:f092	reject:not-a-string
1000:6253	CALLF	op0	0xF092	0x10962	CALLF 0x1000:f092	reject:not-a-string
1000:626c	CALLF	op0	0xF092	0x10962	CALLF 0x1000:f092	reject:not-a-string
1000:6285	CALLF	op0	0xF092	0x10962	CALLF 0x1000:f092	reject:not-a-string
1000:629e	CALLF	op0	0xF092	0x10962	CALLF 0x1000:f092	reject:not-a-string
1000:62b7	CALLF	op0	0xF092	0x10962	CALLF 0x1000:f092	reject:not-a-string
1000:62d0	CALLF	op0	0xF092	0x10962	CALLF 0x1000:f092	reject:not-a-string
1000:62e9	CALLF	op0	0xF092	0x10962	CALLF 0x1000:f092	reject:not-a-string
1000:6302	CALLF	op0	0xF092	0x10962	CALLF 0x1000:f092	reject:not-a-string
1000:631b	CALLF	op0	0xF092	0x10962	CALLF 0x1000:f092	reject:not-a-string
1000:6334	CALLF	op0	0xF092	0x10962	CALLF 0x1000:f092	reject:not-a-string
1000:6a13	CALLF	op0	0xFA4D	0x1131D	CALLF 0x1000:fa4d	reject:not-a-string
1000:6a1c	CALLF	op0	0xF32C	0x10BFC	CALLF 0x1000:f32c	reject:not-a-string
1000:6a24	MOV	op1	0x3D32	0x5602	MOV DI,0x3d32	reject:not-a-string
1000:6a2d	CALLF	op0	0x006C	0x1193C	CALLF 0x2000:006c	reject:not-a-string
1000:6a32	LEA	op1	0xFF00	0x117D0	LEA DI,[BP + 0xff00]	reject:not-a-string
1000:6a38	MOV	op1	0x3D32	0x5602	MOV DI,0x3d32	reject:not-a-string
1000:6a3d	CALLF	op0	0x0267	0x11B37	CALLF 0x2000:0267	reject:not-a-string
1000:6a42	MOV	op1	0x633D	0x7C0D	MOV DI,0x633d	reject:not-a-string
1000:6a47	CALLF	op0	0x02E6	0x11BB6	CALLF 0x2000:02e6	reject:not-a-string
1000:6a4c	MOV	op1	0x3D32	0x5602	MOV DI,0x3d32	reject:not-a-string
1000:6a55	CALLF	op0	0x0281	0x11B51	CALLF 0x2000:0281	reject:not-a-string
1000:6a5a	CALL	op0	0x02C2	0x1B92	CALL 0x1000:02c2	reject:not-a-string
1000:6a5d	CALLF	op0	0x0960	0x12230	CALLF 0x2000:0960	reject:not-a-string
1000:6a62	MOV	op0	0x3D04	0x55D4	MOV byte ptr [0x3d04],0x0	reject:not-a-string
1000:6a67	LEA	op1	0xFF00	0x117D0	LEA DI,[BP + 0xff00]	reject:not-a-string
1000:6a6d	MOV	op1	0x3D32	0x5602	MOV DI,0x3d32	reject:not-a-string
1000:6a72	CALLF	op0	0x0267	0x11B37	CALLF 0x2000:0267	reject:not-a-string
1000:6a7c	CALLF	op0	0x02E6	0x11BB6	CALLF 0x2000:02e6	reject:not-a-string
1000:6a85	MOV	op1	0x3D06	0x55D6	MOV DI,0x3d06	reject:not-a-string
1000:6a8a	CALLF	op0	0xEE50	0x10720	CALLF 0x1000:ee50	reject:not-a-string
1000:6a8f	CMP	op0	0x3EB6	0x5786	CMP word ptr [0x3eb6],0x0	reject:not-a-string
1000:6a94	JZ	op0	0x6A99	0x8369	JZ 0x1000:6a99	reject:not-a-string
1000:6a96	JMP	op0	0x6B33	0x8403	JMP 0x1000:6b33	reject:not-a-string
1000:6a99	CMP	op0	0x3D04	0x55D4	CMP byte ptr [0x3d04],0x0	reject:not-a-string
1000:6a9e	JBE	op0	0x6AB9	0x8389	JBE 0x1000:6ab9	reject:not-a-string
1000:6ab4	CALLF	op0	0xF092	0x10962	CALLF 0x1000:f092	reject:not-a-string
1000:6ab9	INC	op0	0x3D04	0x55D4	INC byte ptr [0x3d04]	reject:not-a-string
1000:6abd	CMP	op0	0x3D2B	0x55FB	CMP byte ptr [0x3d2b],0x30	reject:not-a-string
1000:6ac2	JZ	op0	0x6B06	0x83D6	JZ 0x1000:6b06	reject:not-a-string
1000:6ac4	LEA	op1	0xFE00	0x116D0	LEA DI,[BP + 0xfe00]	reject:not-a-string
1000:6acf	CALLF	op0	0x0267	0x11B37	CALLF 0x2000:0267	reject:not-a-string
1000:6ad4	LEA	op1	0xFF00	0x117D0	LEA DI,[BP + 0xff00]	reject:not-a-string
1000:6ada	MOV	op1	0x3D2B	0x55FB	MOV AL,[0x3d2b]	reject:not-a-string
1000:6ade	CALLF	op0	0x0383	0x11C53	CALLF 0x2000:0383	reject:not-a-string
1000:6ae3	CALLF	op0	0x02E6	0x11BB6	CALLF 0x2000:02e6	reject:not-a-string
1000:6aed	CALLF	op0	0x02E6	0x11BB6	CALLF 0x2000:02e6	reject:not-a-string
1000:6b01	CALLF	op0	0xF092	0x10962	CALLF 0x1000:f092	reject:not-a-string
1000:6b06	CMP	op0	0x3D2B	0x55FB	CMP byte ptr [0x3d2b],0x30	reject:not-a-string
1000:6b0b	JNZ	op0	0x6B26	0x83F6	JNZ 0x1000:6b26	reject:not-a-string
1000:6b21	CALLF	op0	0xF092	0x10962	CALLF 0x1000:f092	reject:not-a-string
1000:6b26	MOV	op1	0x3D06	0x55D6	MOV DI,0x3d06	reject:not-a-string
1000:6b2b	CALLF	op0	0xEE8E	0x1075E	CALLF 0x1000:ee8e	reject:not-a-string
1000:6b30	JMP	op0	0x6A8F	0x835F	JMP 0x1000:6a8f	reject:not-a-string
1000:6b33	CMP	op0	0x3D04	0x55D4	CMP byte ptr [0x3d04],0x0	reject:not-a-string
1000:6b38	JA	op0	0x6B3D	0x840D	JA 0x1000:6b3d	reject:not-a-string
1000:6b3a	JMP	op0	0x6DBE	0x868E	JMP 0x1000:6dbe	reject:not-a-string
1000:6b51	CALLF	op0	0xF092	0x10962	CALLF 0x1000:f092	reject:not-a-string
1000:6b56	CALLF	op0	0xF47A	0x10D4A	CALLF 0x1000:f47a	reject:not-a-string
1000:6b5b	MOV	op0	0x3D31	0x5601	MOV [0x3d31],AL	reject:not-a-string
1000:6b5e	CMP	op0	0x3D31	0x5601	CMP byte ptr [0x3d31],0x32	reject:not-a-string
1000:6b63	JZ	op0	0x6B84	0x8454	JZ 0x1000:6b84	reject:not-a-string
1000:6b65	CMP	op0	0x3D31	0x5601	CMP byte ptr [0x3d31],0x33	reject:not-a-string
1000:6b6a	JZ	op0	0x6B84	0x8454	JZ 0x1000:6b84	reject:not-a-string
1000:6b6c	CMP	op0	0x3D31	0x5601	CMP byte ptr [0x3d31],0x34	reject:not-a-string
1000:6b71	JZ	op0	0x6B84	0x8454	JZ 0x1000:6b84	reject:not-a-string
1000:6b73	CMP	op0	0x3D31	0x5601	CMP byte ptr [0x3d31],0x35	reject:not-a-string
1000:6b78	JZ	op0	0x6B84	0x8454	JZ 0x1000:6b84	reject:not-a-string
1000:6b7a	CMP	op0	0x3D31	0x5601	CMP byte ptr [0x3d31],0x30	reject:not-a-string
1000:6b7f	JZ	op0	0x6B84	0x8454	JZ 0x1000:6b84	reject:not-a-string
1000:6b81	JMP	op0	0x6DBE	0x868E	JMP 0x1000:6dbe	reject:not-a-string
1000:6b89	LEA	op1	0xFF00	0x117D0	LEA DI,[BP + 0xff00]	reject:not-a-string
1000:6b8f	MOV	op1	0x3D32	0x5602	MOV DI,0x3d32	reject:not-a-string
1000:6b94	CALLF	op0	0x0267	0x11B37	CALLF 0x2000:0267	reject:not-a-string
1000:6b9e	CALLF	op0	0x02E6	0x11BB6	CALLF 0x2000:02e6	reject:not-a-string
1000:6ba3	LEA	op1	0xFE00	0x116D0	LEA DI,[BP + 0xfe00]	reject:not-a-string
1000:6ba9	MOV	op1	0x3D31	0x5601	MOV AL,[0x3d31]	reject:not-a-string
1000:6bad	CALLF	op0	0x0383	0x11C53	CALLF 0x2000:0383	reject:not-a-string
1000:6bb2	CALLF	op0	0x02E6	0x11BB6	CALLF 0x2000:02e6	reject:not-a-string
1000:6bbc	CALLF	op0	0x02E6	0x11BB6	CALLF 0x2000:02e6	reject:not-a-string
1000:6bc1	CALLF	op0	0xFEAE	0x1177E	CALLF 0x1000:feae	reject:not-a-string
1000:6bcb	MOV	op1	0x02B6	0x1B86	MOV AX,0x2b6	reject:not-a-string
1000:6bcf	CALLF	op0	0xFEE9	0x117B9	CALLF 0x1000:fee9	reject:not-a-string
1000:6bd4	CALLF	op0	0xFA0A	0x112DA	CALLF 0x1000:fa0a	reject:not-a-string
1000:6bdb	JZ	op0	0x6BE0	0x84B0	JZ 0x1000:6be0	reject:not-a-string
1000:6bdd	JMP	op0	0x6DA5	0x8675	JMP 0x1000:6da5	reject:not-a-string
1000:6be0	LEA	op1	0xFF00	0x117D0	LEA DI,[BP + 0xff00]	reject:not-a-string
1000:6be6	MOV	op1	0x3D31	0x5601	MOV AL,[0x3d31]	reject:not-a-string
1000:6bea	CALLF	op0	0x0383	0x11C53	CALLF 0x2000:0383	reject:not-a-string
1000:6bf4	CALLF	op0	0x0A9B	0x1236B	CALLF 0x2000:0a9b	reject:not-a-string
1000:6bf9	MOV	op0	0x3692	0x4F62	MOV [0x3692],AL	reject:not-a-string
1000:6c01	MOV	op1	0x369C	0x4F6C	MOV DI,0x369c	reject:not-a-string
1000:6c06	CALLF	op0	0xFF9E	0x1186E	CALLF 0x1000:ff9e	reject:not-a-string
1000:6c13	CALLF	op0	0xFF6A	0x1183A	CALLF 0x1000:ff6a	reject:not-a-string
1000:6c18	LEA	op1	0xFE00	0x116D0	LEA DI,[BP + 0xfe00]	reject:not-a-string
1000:6c23	CALLF	op0	0x0267	0x11B37	CALLF 0x2000:0267	reject:not-a-string
1000:6c28	LEA	op1	0xFF00	0x117D0	LEA DI,[BP + 0xff00]	reject:not-a-string
1000:6c2e	MOV	op1	0x3D31	0x5601	MOV AL,[0x3d31]	reject:not-a-string
1000:6c32	CALLF	op0	0x0383	0x11C53	CALLF 0x2000:0383	reject:not-a-string
1000:6c37	CALLF	op0	0x02E6	0x11BB6	CALLF 0x2000:02e6	reject:not-a-string
1000:6c4b	CALLF	op0	0xF092	0x10962	CALLF 0x1000:f092	reject:not-a-string
1000:6c50	CMP	op0	0x3692	0x4F62	CMP byte ptr [0x3692],0x0	reject:not-a-string
1000:6c55	JZ	op0	0x6C5A	0x852A	JZ 0x1000:6c5a	reject:not-a-string
1000:6c57	JMP	op0	0x6D8C	0x865C	JMP 0x1000:6d8c	reject:not-a-string
1000:6c5a	MOV	op1	0x3E36	0x5706	MOV DI,0x3e36	reject:not-a-string
1000:6c5f	LEA	op1	0xFF00	0x117D0	LEA DI,[BP + 0xff00]	reject:not-a-string
1000:6c65	MOV	op1	0x3D32	0x5602	MOV DI,0x3d32	reject:not-a-string
1000:6c6a	CALLF	op0	0x0267	0x11B37	CALLF 0x2000:0267	reject:not-a-string
1000:6c74	CALLF	op0	0x02E6	0x11BB6	CALLF 0x2000:02e6	reject:not-a-string
1000:6c79	CALLF	op0	0xFEAE	0x1177E	CALLF 0x1000:feae	reject:not-a-string
1000:6c7e	MOV	op1	0x3E36	0x5706	MOV DI,0x3e36	reject:not-a-string
1000:6c87	CALLF	op0	0xFEE9	0x117B9	CALLF 0x1000:fee9	reject:not-a-string
1000:6c8c	CALLF	op0	0xFA0A	0x112DA	CALLF 0x1000:fa0a	reject:not-a-string
1000:6c93	JZ	op0	0x6C98	0x8568	JZ 0x1000:6c98	reject:not-a-string
1000:6c95	JMP	op0	0x6D3B	0x860B	JMP 0x1000:6d3b	reject:not-a-string
1000:6c98	MOV	op1	0x3E36	0x5706	MOV DI,0x3e36	reject:not-a-string
1000:6c9d	MOV	op1	0x3694	0x4F64	MOV DI,0x3694	reject:not-a-string
1000:6ca2	CALLF	op0	0xFF9E	0x1186E	CALLF 0x1000:ff9e	reject:not-a-string
1000:6caa	MOV	op1	0x3E36	0x5706	MOV DI,0x3e36	reject:not-a-string
1000:6caf	MOV	op1	0x3695	0x4F65	MOV DI,0x3695	reject:not-a-string
1000:6cb4	CALLF	op0	0xFF9E	0x1186E	CALLF 0x1000:ff9e	reject:not-a-string
1000:6cbc	MOV	op1	0x3E36	0x5706	MOV DI,0x3e36	reject:not-a-string
1000:6cc1	MOV	op1	0x3696	0x4F66	MOV DI,0x3696	reject:not-a-string
1000:6cc6	CALLF	op0	0xFF9E	0x1186E	CALLF 0x1000:ff9e	reject:not-a-string
1000:6cce	MOV	op1	0x3E36	0x5706	MOV DI,0x3e36	reject:not-a-string
1000:6cd3	MOV	op1	0x3697	0x4F67	MOV DI,0x3697	reject:not-a-string
1000:6cd8	CALLF	op0	0xFF9E	0x1186E	CALLF 0x1000:ff9e	reject:not-a-string
1000:6ce0	MOV	op1	0x3E36	0x5706	MOV DI,0x3e36	reject:not-a-string
1000:6ce5	MOV	op1	0x3698	0x4F68	MOV DI,0x3698	reject:not-a-string
1000:6cea	CALLF	op0	0xFF9E	0x1186E	CALLF 0x1000:ff9e	reject:not-a-string
1000:6cf2	MOV	op1	0x3E36	0x5706	MOV DI,0x3e36	reject:not-a-string
1000:6cf7	MOV	op1	0x3699	0x4F69	MOV DI,0x3699	reject:not-a-string
1000:6cfc	CALLF	op0	0xFF9E	0x1186E	CALLF 0x1000:ff9e	reject:not-a-string
1000:6d04	MOV	op1	0x3E36	0x5706	MOV DI,0x3e36	reject:not-a-string
1000:6d09	MOV	op1	0x369A	0x4F6A	MOV DI,0x369a	reject:not-a-string
1000:6d0e	CALLF	op0	0xFF9E	0x1186E	CALLF 0x1000:ff9e	reject:not-a-string
1000:6d16	MOV	op1	0x3E36	0x5706	MOV DI,0x3e36	reject:not-a-string
1000:6d1b	CALLF	op0	0xFF6A	0x1183A	CALLF 0x1000:ff6a	reject:not-a-string
1000:6d34	CALLF	op0	0xF092	0x10962	CALLF 0x1000:f092	reject:not-a-string
1000:6d39	JMP	op0	0x6D8C	0x865C	JMP 0x1000:6d8c	reject:not-a-string
1000:6d3b	MOV	op0	0x3698	0x4F68	MOV byte ptr [0x3698],0x0	reject:not-a-string
1000:6d40	MOV	op0	0x3694	0x4F64	MOV byte ptr [0x3694],0x0	reject:not-a-string
1000:6d4a	JZ	op0	0x6D51	0x8621	JZ 0x1000:6d51	reject:not-a-string
1000:6d4c	MOV	op0	0x3699	0x4F69	MOV byte ptr [0x3699],0x0	reject:not-a-string
1000:6d51	MOV	op0	0x369A	0x4F6A	MOV byte ptr [0x369a],0x0	reject:not-a-string
1000:6d5b	JZ	op0	0x6D62	0x8632	JZ 0x1000:6d62	reject:not-a-string
1000:6d5d	MOV	op0	0x3697	0x4F67	MOV byte ptr [0x3697],0x0	reject:not-a-string
1000:6d62	MOV	op0	0x3695	0x4F65	MOV byte ptr [0x3695],0x0	reject:not-a-string
1000:6d6c	JZ	op0	0x6D73	0x8643	JZ 0x1000:6d73	reject:not-a-string
1000:6d6e	MOV	op0	0x3696	0x4F66	MOV byte ptr [0x3696],0x0	reject:not-a-string
1000:6d87	CALLF	op0	0xF092	0x10962	CALLF 0x1000:f092	reject:not-a-string
1000:6d8c	CMP	op0	0x3692	0x4F62	CMP byte ptr [0x3692],0x0	reject:not-a-string
1000:6d91	JNZ	op0	0x6DA0	0x8670	JNZ 0x1000:6da0	reject:not-a-string
1000:6d93	MOV	op1	0x38A6	0x5176	MOV AX,[0x38a6]	reject:not-a-string
1000:6d9d	MOV	op0	0x3692	0x4F62	MOV [0x3692],AL	reject:not-a-string
1000:6da0	JMP	op0	0x7262	0x8B32	JMP 0x1000:7262	reject:not-a-string
1000:6db9	CALLF	op0	0xF092	0x10962	CALLF 0x1000:f092	reject:not-a-string
1000:6dbe	MOV	op0	0x3692	0x4F62	MOV byte ptr [0x3692],0x1	reject:not-a-string
1000:6dc3	MOV	op0	0x3698	0x4F68	MOV byte ptr [0x3698],0x1	reject:not-a-string
1000:6dc8	MOV	op0	0x3694	0x4F64	MOV byte ptr [0x3694],0x1	reject:not-a-string
1000:6dd2	MOV	op1	0x369C	0x4F6C	MOV DI,0x369c	reject:not-a-string
1000:6ddb	CALLF	op0	0x0281	0x11B51	CALLF 0x2000:0281	reject:not-a-string
1000:6de0	MOV	op0	0x38D0	0x51A0	MOV word ptr [0x38d0],0xa	reject:not-a-string
1000:6dfa	CALLF	op0	0xF092	0x10962	CALLF 0x1000:f092	reject:not-a-string
1000:6dff	CALLF	op0	0xF47A	0x10D4A	CALLF 0x1000:f47a	reject:not-a-string
1000:6e18	CALLF	op0	0xF092	0x10962	CALLF 0x1000:f092	reject:not-a-string
1000:6e31	CALLF	op0	0xF092	0x10962	CALLF 0x1000:f092	reject:not-a-string
1000:6e4a	CALLF	op0	0xF092	0x10962	CALLF 0x1000:f092	reject:not-a-string
1000:6e63	CALLF	op0	0xF092	0x10962	CALLF 0x1000:f092	reject:not-a-string
1000:6e68	CALLF	op0	0xF47A	0x10D4A	CALLF 0x1000:f47a	reject:not-a-string
1000:6e81	CALLF	op0	0xF092	0x10962	CALLF 0x1000:f092	reject:not-a-string
1000:6e86	CALLF	op0	0xF47A	0x10D4A	CALLF 0x1000:f47a	reject:not-a-string
1000:6e9f	CALLF	op0	0xF092	0x10962	CALLF 0x1000:f092	reject:not-a-string
1000:6ea4	CALLF	op0	0xF47A	0x10D4A	CALLF 0x1000:f47a	reject:not-a-string
1000:6ebd	CALLF	op0	0xF092	0x10962	CALLF 0x1000:f092	reject:not-a-string
1000:6ec2	CALLF	op0	0xF47A	0x10D4A	CALLF 0x1000:f47a	reject:not-a-string
1000:6edb	CALLF	op0	0xF092	0x10962	CALLF 0x1000:f092	reject:not-a-string
1000:6ee0	CALLF	op0	0xF47A	0x10D4A	CALLF 0x1000:f47a	reject:not-a-string
1000:6ee5	MOV	op1	0x3FCC	0x589C	MOV DI,0x3fcc	reject:not-a-string
1000:6eea	CALLF	op0	0xFD5D	0x1162D	CALLF 0x1000:fd5d	reject:not-a-string
1000:6eef	CALLF	op0	0xFA11	0x112E1	CALLF 0x1000:fa11	reject:not-a-string
1000:6f08	CALLF	op0	0xF092	0x10962	CALLF 0x1000:f092	reject:not-a-string
1000:6f21	CALLF	op0	0xF092	0x10962	CALLF 0x1000:f092	reject:not-a-string
1000:6f26	CALLF	op0	0xF47A	0x10D4A	CALLF 0x1000:f47a	reject:not-a-string
1000:6f3f	CALLF	op0	0xF092	0x10962	CALLF 0x1000:f092	reject:not-a-string
1000:6f58	CALLF	op0	0xF092	0x10962	CALLF 0x1000:f092	reject:not-a-string
1000:6f71	CALLF	op0	0xF092	0x10962	CALLF 0x1000:f092	reject:not-a-string
1000:6f8a	CALLF	op0	0xF092	0x10962	CALLF 0x1000:f092	reject:not-a-string
1000:6fa3	CALLF	op0	0xF092	0x10962	CALLF 0x1000:f092	reject:not-a-string
1000:6fbc	CALLF	op0	0xF092	0x10962	CALLF 0x1000:f092	reject:not-a-string
1000:6fc1	MOV	op1	0x3ECC	0x579C	MOV DI,0x3ecc	reject:not-a-string
1000:6fc6	MOV	op1	0x3B7C	0x544C	MOV DI,0x3b7c	reject:not-a-string
1000:6fcf	CALLF	op0	0xFE46	0x11716	CALLF 0x1000:fe46	reject:not-a-string
1000:6fd4	CALLF	op0	0xFD1D	0x115ED	CALLF 0x1000:fd1d	reject:not-a-string
1000:6fd9	CALLF	op0	0xFA11	0x112E1	CALLF 0x1000:fa11	reject:not-a-string
1000:6fde	MOV	op1	0x3B7C	0x544C	MOV DI,0x3b7c	reject:not-a-string
1000:6fe8	CALLF	op0	0x0A9B	0x1236B	CALLF 0x2000:0a9b	reject:not-a-string
1000:6ff5	JZ	op0	0x6FFA	0x88CA	JZ 0x1000:6ffa	reject:not-a-string
1000:6ff7	JMP	op0	0x712D	0x89FD	JMP 0x1000:712d	reject:not-a-string
1000:6fff	MOV	op1	0x3FCC	0x589C	MOV DI,0x3fcc	reject:not-a-string
1000:7004	CALLF	op0	0xFD5D	0x1162D	CALLF 0x1000:fd5d	reject:not-a-string
1000:7009	CALLF	op0	0xFA11	0x112E1	CALLF 0x1000:fa11	reject:not-a-string
1000:7022	CALLF	op0	0xF092	0x10962	CALLF 0x1000:f092	reject:not-a-string
1000:703b	CALLF	op0	0xF092	0x10962	CALLF 0x1000:f092	reject:not-a-string
1000:7054	CALLF	op0	0xF092	0x10962	CALLF 0x1000:f092	reject:not-a-string
1000:706d	CALLF	op0	0xF092	0x10962	CALLF 0x1000:f092	reject:not-a-string
1000:7072	MOV	op1	0x3FCC	0x589C	MOV DI,0x3fcc	reject:not-a-string
1000:7077	CALLF	op0	0xFD5D	0x1162D	CALLF 0x1000:fd5d	reject:not-a-string
1000:707c	CALLF	op0	0xFA11	0x112E1	CALLF 0x1000:fa11	reject:not-a-string
1000:7095	CALLF	op0	0xF092	0x10962	CALLF 0x1000:f092	reject:not-a-string
1000:70ae	CALLF	op0	0xF092	0x10962	CALLF 0x1000:f092	reject:not-a-string
1000:70c7	CALLF	op0	0xF092	0x10962	CALLF 0x1000:f092	reject:not-a-string
1000:70e0	CALLF	op0	0xF092	0x10962	CALLF 0x1000:f092	reject:not-a-string
1000:70f9	CALLF	op0	0xF092	0x10962	CALLF 0x1000:f092	reject:not-a-string
1000:70fe	MOV	op1	0x3ECC	0x579C	MOV DI,0x3ecc	reject:not-a-string
1000:7103	MOV	op1	0x3B7C	0x544C	MOV DI,0x3b7c	reject:not-a-string
1000:710c	CALLF	op0	0xFE46	0x11716	CALLF 0x1000:fe46	reject:not-a-string
1000:7111	CALLF	op0	0xFD1D	0x115ED	CALLF 0x1000:fd1d	reject:not-a-string
1000:7116	CALLF	op0	0xFA11	0x112E1	CALLF 0x1000:fa11	reject:not-a-string
1000:711b	MOV	op1	0x3B7C	0x544C	MOV DI,0x3b7c	reject:not-a-string
1000:7125	CALLF	op0	0x0A9B	0x1236B	CALLF 0x2000:0a9b	reject:not-a-string
1000:7132	JL	op0	0x713B	0x8A0B	JL 0x1000:713b	reject:not-a-string
1000:7139	JLE	op0	0x7140	0x8A10	JLE 0x1000:7140	reject:not-a-string
1000:7146	JNZ	op0	0x7162	0x8A32	JNZ 0x1000:7162	reject:not-a-string
1000:7148	MOV	op0	0x389E	0x516E	MOV word ptr [0x389e],0x5	reject:not-a-string
1000:714e	MOV	op0	0x38A0	0x5170	MOV word ptr [0x38a0],0x2	reject:not-a-string
1000:7154	MOV	op0	0x38A2	0x5172	MOV word ptr [0x38a2],0x4	reject:not-a-string
1000:715a	MOV	op0	0x38A4	0x5174	MOV word ptr [0x38a4],0x1	reject:not-a-string
1000:7160	JMP	op0	0x71B8	0x8A88	JMP 0x1000:71b8	reject:not-a-string
1000:7165	JNZ	op0	0x7181	0x8A51	JNZ 0x1000:7181	reject:not-a-string
1000:7167	MOV	op0	0x389E	0x516E	MOV word ptr [0x389e],0x4	reject:not-a-string
1000:716d	MOV	op0	0x38A0	0x5170	MOV word ptr [0x38a0],0x3	reject:not-a-string
1000:7173	MOV	op0	0x38A2	0x5172	MOV word ptr [0x38a2],0x3	reject:not-a-string
1000:7179	MOV	op0	0x38A4	0x5174	MOV word ptr [0x38a4],0x2	reject:not-a-string
1000:717f	JMP	op0	0x71B8	0x8A88	JMP 0x1000:71b8	reject:not-a-string
1000:7184	JNZ	op0	0x71A0	0x8A70	JNZ 0x1000:71a0	reject:not-a-string
1000:7186	MOV	op0	0x389E	0x516E	MOV word ptr [0x389e],0x3	reject:not-a-string
1000:718c	MOV	op0	0x38A0	0x5170	MOV word ptr [0x38a0],0x3	reject:not-a-string
1000:7192	MOV	op0	0x38A2	0x5172	MOV word ptr [0x38a2],0x2	reject:not-a-string
1000:7198	MOV	op0	0x38A4	0x5174	MOV word ptr [0x38a4],0x4	reject:not-a-string
1000:719e	JMP	op0	0x71B8	0x8A88	JMP 0x1000:71b8	reject:not-a-string
1000:71a0	MOV	op0	0x389E	0x516E	MOV word ptr [0x389e],0x3	reject:not-a-string
1000:71a6	MOV	op0	0x38A0	0x5170	MOV word ptr [0x38a0],0x3	reject:not-a-string
1000:71ac	MOV	op0	0x38A2	0x5172	MOV word ptr [0x38a2],0x3	reject:not-a-string
1000:71b2	MOV	op0	0x38A4	0x5174	MOV word ptr [0x38a4],0x3	reject:not-a-string
1000:71bd	MOV	op1	0x38A2	0x5172	MOV AX,[0x38a2]	reject:not-a-string
1000:71cb	ADD	op1	0x389E	0x516E	ADD AX,word ptr [0x389e]	reject:not-a-string
1000:71cf	MOV	op0	0x38AE	0x517E	MOV [0x38ae],AX	reject:not-a-string
1000:71d2	MOV	op1	0x38AE	0x517E	MOV AX,[0x38ae]	reject:not-a-string
1000:71d5	MOV	op0	0x38AC	0x517C	MOV [0x38ac],AX	reject:not-a-string
1000:71d8	MOV	op1	0x389E	0x516E	MOV AX,[0x389e]	reject:not-a-string
1000:71e1	MOV	op0	0x38A8	0x5178	MOV [0x38a8],AX	reject:not-a-string
1000:71e4	MOV	op1	0x389E	0x516E	MOV AX,[0x389e]	reject:not-a-string
1000:71e7	MOV	op0	0x38AA	0x517A	MOV [0x38aa],AX	reject:not-a-string
1000:71fe	CALLF	op0	0xEED0	0x107A0	CALLF 0x1000:eed0	reject:not-a-string
1000:7203	MOV	op1	0x3ECC	0x579C	MOV DI,0x3ecc	reject:not-a-string
1000:7211	CALLF	op0	0xFE46	0x11716	CALLF 0x1000:fe46	reject:not-a-string
1000:7216	CALLF	op0	0xFD1D	0x115ED	CALLF 0x1000:fd1d	reject:not-a-string
1000:721b	CALLF	op0	0xFA11	0x112E1	CALLF 0x1000:fa11	reject:not-a-string
1000:7225	JNZ	op0	0x723A	0x8B0A	JNZ 0x1000:723a	reject:not-a-string
1000:7235	CALLF	op0	0x0281	0x11B51	CALLF 0x2000:0281	reject:not-a-string
1000:723a	LEA	op1	0xFF00	0x117D0	LEA DI,[BP + 0xff00]	reject:not-a-string
1000:7245	CALLF	op0	0x0267	0x11B37	CALLF 0x2000:0267	reject:not-a-string
1000:724f	CALLF	op0	0x02E6	0x11BB6	CALLF 0x2000:02e6	reject:not-a-string
1000:725d	CALLF	op0	0x0281	0x11B51	CALLF 0x2000:0281	reject:not-a-string
1000:7262	MOV	op1	0x3692	0x4F62	MOV AL,[0x3692]	reject:not-a-string
1000:7267	JNZ	op0	0x729E	0x8B6E	JNZ 0x1000:729e	reject:not-a-string
1000:727d	CALLF	op0	0xF092	0x10962	CALLF 0x1000:f092	reject:not-a-string
1000:7296	CALLF	op0	0xF092	0x10962	CALLF 0x1000:f092	reject:not-a-string
1000:729b	JMP	op0	0x7369	0x8C39	JMP 0x1000:7369	reject:not-a-string
1000:72a0	JNZ	op0	0x72D7	0x8BA7	JNZ 0x1000:72d7	reject:not-a-string
1000:72b6	CALLF	op0	0xF092	0x10962	CALLF 0x1000:f092	reject:not-a-string
1000:72cf	CALLF	op0	0xF092	0x10962	CALLF 0x1000:f092	reject:not-a-string
1000:72d4	JMP	op0	0x7369	0x8C39	JMP 0x1000:7369	reject:not-a-string
1000:72d9	JNZ	op0	0x730F	0x8BDF	JNZ 0x1000:730f	reject:not-a-string
1000:72ef	CALLF	op0	0xF092	0x10962	CALLF 0x1000:f092	reject:not-a-string
1000:7308	CALLF	op0	0xF092	0x10962	CALLF 0x1000:f092	reject:not-a-string
1000:730d	JMP	op0	0x7369	0x8C39	JMP 0x1000:7369	reject:not-a-string
1000:7311	JNZ	op0	0x7347	0x8C17	JNZ 0x1000:7347	reject:not-a-string
1000:7327	CALLF	op0	0xF092	0x10962	CALLF 0x1000:f092	reject:not-a-string
1000:7340	CALLF	op0	0xF092	0x10962	CALLF 0x1000:f092	reject:not-a-string
1000:7345	JMP	op0	0x7369	0x8C39	JMP 0x1000:7369	reject:not-a-string
1000:7349	JNZ	op0	0x7369	0x8C39	JNZ 0x1000:7369	reject:not-a-string
1000:735f	CALLF	op0	0xF092	0x10962	CALLF 0x1000:f092	reject:not-a-string
1000:7369	CMP	op0	0x3692	0x4F62	CMP byte ptr [0x3692],0x1	reject:not-a-string
1000:736e	JNZ	op0	0x73BB	0x8C8B	JNZ 0x1000:73bb	reject:not-a-string
1000:7384	CALLF	op0	0xF092	0x10962	CALLF 0x1000:f092	reject:not-a-string
1000:739d	CALLF	op0	0xF092	0x10962	CALLF 0x1000:f092	reject:not-a-string
1000:73b6	CALLF	op0	0xF092	0x10962	CALLF 0x1000:f092	reject:not-a-string
1000:73c1	JNZ	op0	0x73CA	0x8C9A	JNZ 0x1000:73ca	reject:not-a-string
1000:73c3	MOV	op0	0x3696	0x4F66	MOV byte ptr [0x3696],0x1	reject:not-a-string
1000:73c8	JMP	op0	0x73E5	0x8CB5	JMP 0x1000:73e5	reject:not-a-string
1000:73cd	JNZ	op0	0x73DB	0x8CAB	JNZ 0x1000:73db	reject:not-a-string
1000:73cf	MOV	op0	0x3697	0x4F67	MOV byte ptr [0x3697],0x1	reject:not-a-string
1000:73d4	MOV	op0	0x3699	0x4F69	MOV byte ptr [0x3699],0x1	reject:not-a-string
1000:73d9	JMP	op0	0x73E5	0x8CB5	JMP 0x1000:73e5	reject:not-a-string
1000:73de	JNZ	op0	0x73E5	0x8CB5	JNZ 0x1000:73e5	reject:not-a-string
1000:73e0	MOV	op0	0x3695	0x4F65	MOV byte ptr [0x3695],0x1	reject:not-a-string
1000:73e5	MOV	op0	0x3E35	0x5705	MOV byte ptr [0x3e35],0x5	reject:not-a-string
1000:753e	CALLF	op0	0xFA4D	0x1131D	CALLF 0x1000:fa4d	reject:not-a-string
1000:755b	CALLF	op0	0xF092	0x10962	CALLF 0x1000:f092	reject:not-a-string
1000:7560	CALLF	op0	0xF47A	0x10D4A	CALLF 0x1000:f47a	reject:not-a-string
1000:7579	CALLF	op0	0xF092	0x10962	CALLF 0x1000:f092	reject:not-a-string
1000:757e	CALLF	op0	0xF47A	0x10D4A	CALLF 0x1000:f47a	reject:not-a-string
1000:7588	MOV	op1	0x3692	0x4F62	MOV AL,[0x3692]	reject:not-a-string
1000:759f	CALLF	op0	0xF092	0x10962	CALLF 0x1000:f092	reject:not-a-string
1000:75a4	CALLF	op0	0xF47A	0x10D4A	CALLF 0x1000:f47a	reject:not-a-string
1000:75bd	CALLF	op0	0xF092	0x10962	CALLF 0x1000:f092	reject:not-a-string
1000:75c2	MOV	op1	0x3ECC	0x579C	MOV DI,0x3ecc	reject:not-a-string
1000:75c7	LEA	op1	0xFF00	0x117D0	LEA DI,[BP + 0xff00]	reject:not-a-string
1000:75d1	CALLF	op0	0xFE46	0x11716	CALLF 0x1000:fe46	reject:not-a-string
1000:75d6	CALLF	op0	0xFD1D	0x115ED	CALLF 0x1000:fd1d	reject:not-a-string
1000:75db	CALLF	op0	0xFA11	0x112E1	CALLF 0x1000:fa11	reject:not-a-string
1000:75e0	LEA	op1	0xFF00	0x117D0	LEA DI,[BP + 0xff00]	reject:not-a-string
1000:75e6	CALLF	op0	0xF0E6	0x109B6	CALLF 0x1000:f0e6	reject:not-a-string
1000:75eb	LEA	op1	0xFF00	0x117D0	LEA DI,[BP + 0xff00]	reject:not-a-string
1000:75f1	MOV	op1	0x74A9	0x8D79	MOV DI,0x74a9	reject:not-a-string
1000:75f6	CALLF	op0	0x0358	0x11C28	CALLF 0x2000:0358	reject:not-a-string
1000:75fb	JZ	op0	0x7600	0x8ED0	JZ 0x1000:7600	reject:not-a-string
1000:75fd	JMP	op0	0x775F	0x902F	JMP 0x1000:775f	reject:not-a-string
1000:7600	MOV	op1	0x3692	0x4F62	MOV AL,[0x3692]	reject:not-a-string
1000:760a	CMP	op1	0x38C7	0x5197	CMP AX,word ptr [0x38c7]	reject:not-a-string
1000:760e	JLE	op0	0x7613	0x8EE3	JLE 0x1000:7613	reject:not-a-string
1000:7610	JMP	op0	0x7744	0x9014	JMP 0x1000:7744	reject:not-a-string
1000:7613	MOV	op1	0x3692	0x4F62	MOV AL,[0x3692]	reject:not-a-string
1000:761d	SUB	op0	0x38C7	0x5197	SUB word ptr [0x38c7],AX	reject:not-a-string
1000:7626	LEA	op1	0xFE00	0x116D0	LEA DI,[BP + 0xfe00]	reject:not-a-string
1000:762c	MOV	op1	0x3D32	0x5602	MOV DI,0x3d32	reject:not-a-string
1000:7631	CALLF	op0	0x0267	0x11B37	CALLF 0x2000:0267	reject:not-a-string
1000:763b	CALLF	op0	0x02E6	0x11BB6	CALLF 0x2000:02e6	reject:not-a-string
1000:7640	CALLF	op0	0xFEAE	0x1177E	CALLF 0x1000:feae	reject:not-a-string
1000:764a	MOV	op1	0x02B6	0x1B86	MOV AX,0x2b6	reject:not-a-string
1000:764e	CALLF	op0	0xFEF2	0x117C2	CALLF 0x1000:fef2	reject:not-a-string
1000:7658	MOV	op1	0x369C	0x4F6C	MOV DI,0x369c	reject:not-a-string
1000:765d	CALLF	op0	0xFFA5	0x11875	CALLF 0x1000:ffa5	reject:not-a-string
1000:766a	CALLF	op0	0xFF6A	0x1183A	CALLF 0x1000:ff6a	reject:not-a-string
1000:766f	MOV	op1	0x3E36	0x5706	MOV DI,0x3e36	reject:not-a-string
1000:7674	LEA	op1	0xFE00	0x116D0	LEA DI,[BP + 0xfe00]	reject:not-a-string
1000:767a	MOV	op1	0x3D32	0x5602	MOV DI,0x3d32	reject:not-a-string
1000:767f	CALLF	op0	0x0267	0x11B37	CALLF 0x2000:0267	reject:not-a-string
1000:7689	CALLF	op0	0x02E6	0x11BB6	CALLF 0x2000:02e6	reject:not-a-string
1000:768e	CALLF	op0	0xFEAE	0x1177E	CALLF 0x1000:feae	reject:not-a-string
1000:7693	MOV	op1	0x3E36	0x5706	MOV DI,0x3e36	reject:not-a-string
1000:769c	CALLF	op0	0xFEF2	0x117C2	CALLF 0x1000:fef2	reject:not-a-string
1000:76a1	MOV	op1	0x3E36	0x5706	MOV DI,0x3e36	reject:not-a-string
1000:76a6	MOV	op1	0x3694	0x4F64	MOV DI,0x3694	reject:not-a-string
1000:76ab	CALLF	op0	0xFFA5	0x11875	CALLF 0x1000:ffa5	reject:not-a-string
1000:76b3	MOV	op1	0x3E36	0x5706	MOV DI,0x3e36	reject:not-a-string
1000:76b8	MOV	op1	0x3695	0x4F65	MOV DI,0x3695	reject:not-a-string
1000:76bd	CALLF	op0	0xFFA5	0x11875	CALLF 0x1000:ffa5	reject:not-a-string
1000:76c5	MOV	op1	0x3E36	0x5706	MOV DI,0x3e36	reject:not-a-string
1000:76ca	MOV	op1	0x3696	0x4F66	MOV DI,0x3696	reject:not-a-string
1000:76cf	CALLF	op0	0xFFA5	0x11875	CALLF 0x1000:ffa5	reject:not-a-string
1000:76d7	MOV	op1	0x3E36	0x5706	MOV DI,0x3e36	reject:not-a-string
1000:76dc	MOV	op1	0x3697	0x4F67	MOV DI,0x3697	reject:not-a-string
1000:76e1	CALLF	op0	0xFFA5	0x11875	CALLF 0x1000:ffa5	reject:not-a-string
1000:76e9	MOV	op1	0x3E36	0x5706	MOV DI,0x3e36	reject:not-a-string
1000:76ee	MOV	op1	0x3698	0x4F68	MOV DI,0x3698	reject:not-a-string
1000:76f3	CALLF	op0	0xFFA5	0x11875	CALLF 0x1000:ffa5	reject:not-a-string
1000:76fb	MOV	op1	0x3E36	0x5706	MOV DI,0x3e36	reject:not-a-string
1000:7700	MOV	op1	0x3699	0x4F69	MOV DI,0x3699	reject:not-a-string
1000:7705	CALLF	op0	0xFFA5	0x11875	CALLF 0x1000:ffa5	reject:not-a-string
1000:770d	MOV	op1	0x3E36	0x5706	MOV DI,0x3e36	reject:not-a-string
1000:7712	MOV	op1	0x369A	0x4F6A	MOV DI,0x369a	reject:not-a-string
1000:7717	CALLF	op0	0xFFA5	0x11875	CALLF 0x1000:ffa5	reject:not-a-string
1000:771f	MOV	op1	0x3E36	0x5706	MOV DI,0x3e36	reject:not-a-string
1000:7724	CALLF	op0	0xFF6A	0x1183A	CALLF 0x1000:ff6a	reject:not-a-string
1000:773d	CALLF	op0	0xF092	0x10962	CALLF 0x1000:f092	reject:not-a-string
1000:7742	JMP	op0	0x775D	0x902D	JMP 0x1000:775d	reject:not-a-string
1000:7758	CALLF	op0	0xF092	0x10962	CALLF 0x1000:f092	reject:not-a-string
1000:775d	JMP	op0	0x7778	0x9048	JMP 0x1000:7778	reject:not-a-string
1000:7773	CALLF	op0	0xF092	0x10962	CALLF 0x1000:f092	reject:not-a-string
1000:7c6d	CALLF	op0	0xFA4D	0x1131D	CALLF 0x1000:fa4d	reject:not-a-string
1000:7c76	CMP	op0	0x3951	0x5221	CMP byte ptr [0x3951],0x2	reject:not-a-string
1000:7c7b	JNZ	op0	0x7CEB	0x95BB	JNZ 0x1000:7ceb	reject:not-a-string
1000:7c91	CALLF	op0	0xF092	0x10962	CALLF 0x1000:f092	reject:not-a-string
1000:7caa	CALLF	op0	0xF092	0x10962	CALLF 0x1000:f092	reject:not-a-string
1000:7caf	CALLF	op0	0xF47A	0x10D4A	CALLF 0x1000:f47a	reject:not-a-string
1000:7cc8	CALLF	op0	0xF092	0x10962	CALLF 0x1000:f092	reject:not-a-string
1000:7ce1	CALLF	op0	0xF092	0x10962	CALLF 0x1000:f092	reject:not-a-string
1000:7ce6	CALLF	op0	0xF47A	0x10D4A	CALLF 0x1000:f47a	reject:not-a-string
1000:7ceb	CMP	op0	0x3951	0x5221	CMP byte ptr [0x3951],0x1	reject:not-a-string
1000:7cf0	JZ	op0	0x7CF5	0x95C5	JZ 0x1000:7cf5	reject:not-a-string
1000:7cf2	JMP	op0	0x7DCB	0x969B	JMP 0x1000:7dcb	reject:not-a-string
1000:7d09	CALLF	op0	0xF092	0x10962	CALLF 0x1000:f092	reject:not-a-string
1000:7d0e	CALLF	op0	0xF47A	0x10D4A	CALLF 0x1000:f47a	reject:not-a-string
1000:7d27	CALLF	op0	0xF092	0x10962	CALLF 0x1000:f092	reject:not-a-string
1000:7d2c	CALLF	op0	0xF47A	0x10D4A	CALLF 0x1000:f47a	reject:not-a-string
1000:7d45	CALLF	op0	0xF092	0x10962	CALLF 0x1000:f092	reject:not-a-string
1000:7d4a	CALLF	op0	0xF47A	0x10D4A	CALLF 0x1000:f47a	reject:not-a-string
1000:7d63	CALLF	op0	0xF092	0x10962	CALLF 0x1000:f092	reject:not-a-string
1000:7d68	CALLF	op0	0xF47A	0x10D4A	CALLF 0x1000:f47a	reject:not-a-string
1000:7d81	CALLF	op0	0xF092	0x10962	CALLF 0x1000:f092	reject:not-a-string
1000:7d86	CALLF	op0	0xF47A	0x10D4A	CALLF 0x1000:f47a	reject:not-a-string
1000:7d9f	CALLF	op0	0xF092	0x10962	CALLF 0x1000:f092	reject:not-a-string
1000:7da4	CALLF	op0	0xF47A	0x10D4A	CALLF 0x1000:f47a	reject:not-a-string
1000:7dbd	CALLF	op0	0xF092	0x10962	CALLF 0x1000:f092	reject:not-a-string
1000:7dc2	CALLF	op0	0xF47A	0x10D4A	CALLF 0x1000:f47a	reject:not-a-string
1000:7dc7	INC	op0	0x3951	0x5221	INC byte ptr [0x3951]	reject:not-a-string
1000:7dcb	CMP	op0	0x3951	0x5221	CMP byte ptr [0x3951],0x0	reject:not-a-string
1000:7dd0	JZ	op0	0x7DD5	0x96A5	JZ 0x1000:7dd5	reject:not-a-string
1000:7dd2	JMP	op0	0x7F5F	0x982F	JMP 0x1000:7f5f	reject:not-a-string
1000:7de9	CALLF	op0	0xF092	0x10962	CALLF 0x1000:f092	reject:not-a-string
1000:7dee	CALLF	op0	0xF47A	0x10D4A	CALLF 0x1000:f47a	reject:not-a-string
1000:7e07	CALLF	op0	0xF092	0x10962	CALLF 0x1000:f092	reject:not-a-string
1000:7e0c	CALLF	op0	0xF47A	0x10D4A	CALLF 0x1000:f47a	reject:not-a-string
1000:7e25	CALLF	op0	0xF092	0x10962	CALLF 0x1000:f092	reject:not-a-string
1000:7e2a	CALLF	op0	0xF47A	0x10D4A	CALLF 0x1000:f47a	reject:not-a-string
1000:7e43	CALLF	op0	0xF092	0x10962	CALLF 0x1000:f092	reject:not-a-string
1000:7e48	CALLF	op0	0xF47A	0x10D4A	CALLF 0x1000:f47a	reject:not-a-string
1000:7e61	CALLF	op0	0xF092	0x10962	CALLF 0x1000:f092	reject:not-a-string
1000:7e66	CALLF	op0	0xF47A	0x10D4A	CALLF 0x1000:f47a	reject:not-a-string
1000:7e7f	CALLF	op0	0xF092	0x10962	CALLF 0x1000:f092	reject:not-a-string
1000:7e84	CALLF	op0	0xF47A	0x10D4A	CALLF 0x1000:f47a	reject:not-a-string
1000:7e9d	CALLF	op0	0xF092	0x10962	CALLF 0x1000:f092	reject:not-a-string
1000:7ea2	CALLF	op0	0xF47A	0x10D4A	CALLF 0x1000:f47a	reject:not-a-string
1000:7ebb	CALLF	op0	0xF092	0x10962	CALLF 0x1000:f092	reject:not-a-string
1000:7ec0	CALLF	op0	0xF47A	0x10D4A	CALLF 0x1000:f47a	reject:not-a-string
1000:7ec5	LEA	op1	0xFF00	0x117D0	LEA DI,[BP + 0xff00]	reject:not-a-string
1000:7ed0	CALLF	op0	0x0267	0x11B37	CALLF 0x2000:0267	reject:not-a-string
1000:7eda	CALLF	op0	0x02E6	0x11BB6	CALLF 0x2000:02e6	reject:not-a-string
1000:7ee4	CALLF	op0	0x02E6	0x11BB6	CALLF 0x2000:02e6	reject:not-a-string
1000:7ef7	CALLF	op0	0x02E6	0x11BB6	CALLF 0x2000:02e6	reject:not-a-string
1000:7f01	CALLF	op0	0x02E6	0x11BB6	CALLF 0x2000:02e6	reject:not-a-string
1000:7f15	CALLF	op0	0xF092	0x10962	CALLF 0x1000:f092	reject:not-a-string
1000:7f1a	CALLF	op0	0xF47A	0x10D4A	CALLF 0x1000:f47a	reject:not-a-string
1000:7f33	CALLF	op0	0xF092	0x10962	CALLF 0x1000:f092	reject:not-a-string
1000:7f38	CALLF	op0	0xF47A	0x10D4A	CALLF 0x1000:f47a	reject:not-a-string
1000:7f51	CALLF	op0	0xF092	0x10962	CALLF 0x1000:f092	reject:not-a-string
1000:7f56	CALLF	op0	0xF47A	0x10D4A	CALLF 0x1000:f47a	reject:not-a-string
1000:7f5b	INC	op0	0x3951	0x5221	INC byte ptr [0x3951]	reject:not-a-string
1000:7f63	CALLF	op0	0x08CB	0x1219B	CALLF 0x2000:08cb	reject:not-a-string
1000:7f6b	JZ	op0	0x7F70	0x9840	JZ 0x1000:7f70	reject:not-a-string
1000:7f6d	JMP	op0	0x7FF3	0x98C3	JMP 0x1000:7ff3	reject:not-a-string
1000:7f84	CALLF	op0	0xF092	0x10962	CALLF 0x1000:f092	reject:not-a-string
1000:7f89	CALLF	op0	0xF47A	0x10D4A	CALLF 0x1000:f47a	reject:not-a-string
1000:7f8e	LEA	op1	0xFF00	0x117D0	LEA DI,[BP + 0xff00]	reject:not-a-string
1000:7f99	CALLF	op0	0x0267	0x11B37	CALLF 0x2000:0267	reject:not-a-string
1000:7f9e	MOV	op1	0x38A6	0x5176	MOV DI,word ptr [0x38a6]	reject:not-a-string
1000:7fa6	ADD	op1	0x0B42	0x2412	ADD DI,0xb42	reject:not-a-string
1000:7fac	CALLF	op0	0x02E6	0x11BB6	CALLF 0x2000:02e6	reject:not-a-string
1000:7fb6	CALLF	op0	0x02E6	0x11BB6	CALLF 0x2000:02e6	reject:not-a-string
1000:7fbb	MOV	op1	0x38A6	0x5176	MOV AX,[0x38a6]	reject:not-a-string
1000:7fc5	ADD	op1	0x0B42	0x2412	ADD DI,0xb42	reject:not-a-string
1000:7fcb	CALLF	op0	0x02E6	0x11BB6	CALLF 0x2000:02e6	reject:not-a-string
1000:7fdf	CALLF	op0	0xF092	0x10962	CALLF 0x1000:f092	reject:not-a-string
1000:7fe4	MOV	op1	0x38D0	0x51A0	MOV AX,[0x38d0]	reject:not-a-string
1000:7fe7	MOV	op0	0x38CE	0x519E	MOV [0x38ce],AX	reject:not-a-string
1000:7fed	CALL	op0	0x2526	0x3DF6	CALL 0x1000:2526	reject:not-a-string
1000:7ff0	JMP	op0	0x8242	0x9B12	JMP 0x1000:8242	reject:not-a-string
1000:7ff6	JZ	op0	0x7FFB	0x98CB	JZ 0x1000:7ffb	reject:not-a-string
1000:7ff8	JMP	op0	0x80C0	0x9990	JMP 0x1000:80c0	reject:not-a-string
1000:7fff	CALLF	op0	0x08CB	0x1219B	CALLF 0x2000:08cb	reject:not-a-string
1000:8007	JNZ	op0	0x8049	0x9919	JNZ 0x1000:8049	reject:not-a-string
1000:801d	CALLF	op0	0xF092	0x10962	CALLF 0x1000:f092	reject:not-a-string
1000:8022	INC	op0	0x389E	0x516E	INC word ptr [0x389e]	reject:not-a-string
1000:8026	INC	op0	0x38AE	0x517E	INC word ptr [0x38ae]	reject:not-a-string
1000:802a	INC	op0	0x38AC	0x517C	INC word ptr [0x38ac]	reject:not-a-string
1000:802e	INC	op0	0x38AA	0x517A	INC word ptr [0x38aa]	reject:not-a-string
1000:8032	MOV	op1	0x389E	0x516E	MOV AX,[0x389e]	reject:not-a-string
1000:8043	ADD	op0	0x38A8	0x5178	ADD word ptr [0x38a8],AX	reject:not-a-string
1000:8047	JMP	op0	0x80BD	0x998D	JMP 0x1000:80bd	reject:not-a-string
1000:804c	JNZ	op0	0x806D	0x993D	JNZ 0x1000:806d	reject:not-a-string
1000:8062	CALLF	op0	0xF092	0x10962	CALLF 0x1000:f092	reject:not-a-string
1000:8067	INC	op0	0x38A0	0x5170	INC word ptr [0x38a0]	reject:not-a-string
1000:806b	JMP	op0	0x80BD	0x998D	JMP 0x1000:80bd	reject:not-a-string
1000:8070	JNZ	op0	0x809B	0x996B	JNZ 0x1000:809b	reject:not-a-string
1000:8086	CALLF	op0	0xF092	0x10962	CALLF 0x1000:f092	reject:not-a-string
1000:808b	INC	op0	0x38A2	0x5172	INC word ptr [0x38a2]	reject:not-a-string
1000:808f	ADD	op0	0x38AE	0x517E	ADD word ptr [0x38ae],0x5	reject:not-a-string
1000:8094	ADD	op0	0x38AC	0x517C	ADD word ptr [0x38ac],0x5	reject:not-a-string
1000:8099	JMP	op0	0x80BD	0x998D	JMP 0x1000:80bd	reject:not-a-string
1000:809e	JNZ	op0	0x80BD	0x998D	JNZ 0x1000:80bd	reject:not-a-string
1000:80b4	CALLF	op0	0xF092	0x10962	CALLF 0x1000:f092	reject:not-a-string
1000:80b9	INC	op0	0x38A4	0x5174	INC word ptr [0x38a4]	reject:not-a-string
1000:80bd	JMP	op0	0x8242	0x9B12	JMP 0x1000:8242	reject:not-a-string
1000:80c3	JZ	op0	0x80C8	0x9998	JZ 0x1000:80c8	reject:not-a-string
1000:80c5	JMP	op0	0x81CB	0x9A9B	JMP 0x1000:81cb	reject:not-a-string
1000:80dc	CALLF	op0	0xF092	0x10962	CALLF 0x1000:f092	reject:not-a-string
1000:80e6	JNZ	op0	0x813C	0x9A0C	JNZ 0x1000:813c	reject:not-a-string
1000:80fc	CALLF	op0	0xF092	0x10962	CALLF 0x1000:f092	reject:not-a-string
1000:8101	INC	op0	0x389E	0x516E	INC word ptr [0x389e]	reject:not-a-string
1000:8105	INC	op0	0x38A0	0x5170	INC word ptr [0x38a0]	reject:not-a-string
1000:8109	INC	op0	0x38A2	0x5172	INC word ptr [0x38a2]	reject:not-a-string
1000:810d	INC	op0	0x38A4	0x5174	INC word ptr [0x38a4]	reject:not-a-string
1000:8111	ADD	op0	0x38AE	0x517E	ADD word ptr [0x38ae],0x6	reject:not-a-string
1000:8116	ADD	op0	0x38AC	0x517C	ADD word ptr [0x38ac],0x6	reject:not-a-string
1000:811b	INC	op0	0x38AA	0x517A	INC word ptr [0x38aa]	reject:not-a-string
1000:811f	MOV	op1	0x389E	0x516E	MOV AX,[0x389e]	reject:not-a-string
1000:8130	ADD	op0	0x38A8	0x5178	ADD word ptr [0x38a8],AX	reject:not-a-string
1000:8139	JMP	op0	0x81C9	0x9A99	JMP 0x1000:81c9	reject:not-a-string
1000:813c	CMP	op0	0x38C0	0x5190	CMP byte ptr [0x38c0],0x0	reject:not-a-string
1000:8141	JNZ	op0	0x818B	0x9A5B	JNZ 0x1000:818b	reject:not-a-string
1000:8157	CALLF	op0	0xF092	0x10962	CALLF 0x1000:f092	reject:not-a-string
1000:815c	ADD	op0	0x389E	0x516E	ADD word ptr [0x389e],0x4	reject:not-a-string
1000:8161	ADD	op0	0x38A0	0x5170	ADD word ptr [0x38a0],0x4	reject:not-a-string
1000:8166	ADD	op0	0x38A2	0x5172	ADD word ptr [0x38a2],0x4	reject:not-a-string
1000:816b	ADD	op0	0x38A4	0x5174	ADD word ptr [0x38a4],0x4	reject:not-a-string
1000:8170	ADD	op0	0x38AE	0x517E	ADD word ptr [0x38ae],0x18	reject:not-a-string
1000:8175	ADD	op0	0x38AC	0x517C	ADD word ptr [0x38ac],0x18	reject:not-a-string
1000:817a	ADD	op0	0x38AA	0x517A	ADD word ptr [0x38aa],0x4	reject:not-a-string
1000:817f	ADD	op0	0x38A8	0x5178	ADD word ptr [0x38a8],0x2	reject:not-a-string
1000:8184	MOV	op0	0x38C0	0x5190	MOV byte ptr [0x38c0],0x1	reject:not-a-string
1000:8189	JMP	op0	0x81C9	0x9A99	JMP 0x1000:81c9	reject:not-a-string
1000:818b	CMP	op0	0x38C1	0x5191	CMP byte ptr [0x38c1],0x0	reject:not-a-string
1000:8190	JNZ	op0	0x81C9	0x9A99	JNZ 0x1000:81c9	reject:not-a-string
1000:81a6	CALLF	op0	0xF092	0x10962	CALLF 0x1000:f092	reject:not-a-string
1000:81bf	CALLF	op0	0xF092	0x10962	CALLF 0x1000:f092	reject:not-a-string
1000:81c4	MOV	op0	0x38C1	0x5191	MOV byte ptr [0x38c1],0x1	reject:not-a-string
1000:81c9	JMP	op0	0x8242	0x9B12	JMP 0x1000:8242	reject:not-a-string
1000:81ce	JNZ	op0	0x81EF	0x9ABF	JNZ 0x1000:81ef	reject:not-a-string
1000:81e4	CALLF	op0	0xF092	0x10962	CALLF 0x1000:f092	reject:not-a-string
1000:81e9	INC	op0	0x38B2	0x5182	INC byte ptr [0x38b2]	reject:not-a-string
1000:81ed	JMP	op0	0x8242	0x9B12	JMP 0x1000:8242	reject:not-a-string
1000:81f2	JNZ	op0	0x8242	0x9B12	JNZ 0x1000:8242	reject:not-a-string
1000:8208	CALLF	op0	0xF092	0x10962	CALLF 0x1000:f092	reject:not-a-string
1000:820d	MOV	op1	0x3692	0x4F62	MOV AL,[0x3692]	reject:not-a-string
1000:8223	MOV	op1	0x3692	0x4F62	MOV AL,[0x3692]	reject:not-a-string
1000:823d	CALLF	op0	0xF092	0x10962	CALLF 0x1000:f092	reject:not-a-string
1000:8242	CALLF	op0	0xF47A	0x10D4A	CALLF 0x1000:f47a	reject:not-a-string
1000:8247	CMP	op0	0x3951	0x5221	CMP byte ptr [0x3951],0x2	reject:not-a-string
1000:824c	JNC	op0	0x8269	0x9B39	JNC 0x1000:8269	reject:not-a-string
1000:8262	CALLF	op0	0xF092	0x10962	CALLF 0x1000:f092	reject:not-a-string
1000:8267	JMP	op0	0x8282	0x9B52	JMP 0x1000:8282	reject:not-a-string
1000:827d	CALLF	op0	0xF092	0x10962	CALLF 0x1000:f092	reject:not-a-string
1000:8282	MOV	op0	0x3970	0x5240	MOV byte ptr [0x3970],0x0	reject:not-a-string
1000:8287	MOV	op1	0x3FCC	0x589C	MOV DI,0x3fcc	reject:not-a-string
1000:828c	CALLF	op0	0xFD5D	0x1162D	CALLF 0x1000:fd5d	reject:not-a-string
1000:8291	CALLF	op0	0xFA11	0x112E1	CALLF 0x1000:fa11	reject:not-a-string
1000:82aa	CALLF	op0	0xF092	0x10962	CALLF 0x1000:f092	reject:not-a-string
1000:ab59	CALLF	op0	0xF780	0x11050	CALLF 0x1000:f780	reject:not-a-string
1000:ab5e	CALLF	op0	0xF16D	0x10A3D	CALLF 0x1000:f16d	reject:not-a-string
1000:ab69	CALLF	op0	0xFA4D	0x1131D	CALLF 0x1000:fa4d	reject:not-a-string
1000:ab72	CALL	op0	0x6A0D	0x82DD	CALL 0x1000:6a0d	reject:not-a-string
1000:ab75	MOV	op1	0x3692	0x4F62	MOV AL,[0x3692]	reject:not-a-string
1000:ab7f	CMP	op1	0x38A6	0x5176	CMP AX,word ptr [0x38a6]	reject:not-a-string
1000:ab83	JLE	op0	0xAB88	0xC458	JLE 0x1000:ab88	reject:not-a-string
1000:ab85	JMP	op0	0xAE18	0xC6E8	JMP 0x1000:ae18	reject:not-a-string
1000:ab88	CMP	op0	0x3692	0x4F62	CMP byte ptr [0x3692],0x5	reject:not-a-string
1000:ab8d	JC	op0	0xAB92	0xC462	JC 0x1000:ab92	reject:not-a-string
1000:ab8f	JMP	op0	0xAE18	0xC6E8	JMP 0x1000:ae18	reject:not-a-string
1000:ab92	INC	op0	0x3692	0x4F62	INC byte ptr [0x3692]	reject:not-a-string
1000:ab96	MOV	op0	0x3698	0x4F68	MOV byte ptr [0x3698],0x0	reject:not-a-string
1000:ab9b	MOV	op0	0x3694	0x4F64	MOV byte ptr [0x3694],0x0	reject:not-a-string
1000:aba5	JZ	op0	0xABAC	0xC47C	JZ 0x1000:abac	reject:not-a-string
1000:aba7	MOV	op0	0x3699	0x4F69	MOV byte ptr [0x3699],0x0	reject:not-a-string
1000:abac	MOV	op0	0x369A	0x4F6A	MOV byte ptr [0x369a],0x0	reject:not-a-string
1000:abb6	JZ	op0	0xABBD	0xC48D	JZ 0x1000:abbd	reject:not-a-string
1000:abb8	MOV	op0	0x3697	0x4F67	MOV byte ptr [0x3697],0x0	reject:not-a-string
1000:abbd	MOV	op0	0x3695	0x4F65	MOV byte ptr [0x3695],0x0	reject:not-a-string
1000:abc7	JZ	op0	0xABCE	0xC49E	JZ 0x1000:abce	reject:not-a-string
1000:abc9	MOV	op0	0x3696	0x4F66	MOV byte ptr [0x3696],0x0	reject:not-a-string
1000:abce	MOV	op0	0x3B76	0x5446	MOV byte ptr [0x3b76],0x0	reject:not-a-string
1000:abd3	MOV	op0	0x3B77	0x5447	MOV byte ptr [0x3b77],0x0	reject:not-a-string
1000:abec	CALLF	op0	0xF092	0x10962	CALLF 0x1000:f092	reject:not-a-string
1000:ac05	CALLF	op0	0xF092	0x10962	CALLF 0x1000:f092	reject:not-a-string
1000:ac0a	MOV	op1	0x8321	0x9BF1	MOV DI,0x8321	reject:not-a-string
1000:ac1e	CALLF	op0	0xEED0	0x107A0	CALLF 0x1000:eed0	reject:not-a-string
1000:ac23	MOV	op1	0x3ECC	0x579C	MOV DI,0x3ecc	reject:not-a-string
1000:ac28	MOV	op1	0x3A72	0x5342	MOV DI,0x3a72	reject:not-a-string
1000:ac31	CALLF	op0	0xFE46	0x11716	CALLF 0x1000:fe46	reject:not-a-string
1000:ac36	CALLF	op0	0xFD1D	0x115ED	CALLF 0x1000:fd1d	reject:not-a-string
1000:ac3b	CALLF	op0	0xFA11	0x112E1	CALLF 0x1000:fa11	reject:not-a-string
1000:ac40	MOV	op1	0x3A72	0x5342	MOV DI,0x3a72	reject:not-a-string
1000:ac45	CALLF	op0	0xF0E6	0x109B6	CALLF 0x1000:f0e6	reject:not-a-string
1000:ac4a	MOV	op1	0x3A72	0x5342	MOV DI,0x3a72	reject:not-a-string
1000:ac4f	MOV	op1	0x8323	0x9BF3	MOV DI,0x8323	reject:not-a-string
1000:ac54	CALLF	op0	0x0358	0x11C28	CALLF 0x2000:0358	reject:not-a-string
1000:ac59	JZ	op0	0xAC5E	0xC52E	JZ 0x1000:ac5e	reject:not-a-string
1000:ac5b	JMP	op0	0xAD12	0xC5E2	JMP 0x1000:ad12	reject:not-a-string
1000:ac5e	MOV	op1	0x3692	0x4F62	MOV AL,[0x3692]	reject:not-a-string
1000:ac6a	MOV	op1	0x3B7C	0x544C	MOV DI,0x3b7c	reject:not-a-string
1000:ac73	CALLF	op0	0x0A50	0x12320	CALLF 0x2000:0a50	reject:not-a-string
1000:ac7d	LEA	op1	0xFF00	0x117D0	LEA DI,[BP + 0xff00]	reject:not-a-string
1000:ac83	MOV	op1	0x3D32	0x5602	MOV DI,0x3d32	reject:not-a-string
1000:ac88	CALLF	op0	0x0267	0x11B37	CALLF 0x2000:0267	reject:not-a-string
1000:ac92	CALLF	op0	0x02E6	0x11BB6	CALLF 0x2000:02e6	reject:not-a-string
1000:ac97	MOV	op1	0x3B7C	0x544C	MOV DI,0x3b7c	reject:not-a-string
1000:ac9c	CALLF	op0	0x02E6	0x11BB6	CALLF 0x2000:02e6	reject:not-a-string
1000:aca6	CALLF	op0	0x02E6	0x11BB6	CALLF 0x2000:02e6	reject:not-a-string
1000:acab	CALLF	op0	0xFEAE	0x1177E	CALLF 0x1000:feae	reject:not-a-string
1000:acb5	MOV	op1	0x02B6	0x1B86	MOV AX,0x2b6	reject:not-a-string
1000:acb9	CALLF	op0	0xFEF2	0x117C2	CALLF 0x1000:fef2	reject:not-a-string
1000:acc3	MOV	op1	0x369C	0x4F6C	MOV DI,0x369c	reject:not-a-string
1000:acc8	CALLF	op0	0xFFA5	0x11875	CALLF 0x1000:ffa5	reject:not-a-string
1000:acd5	CALLF	op0	0xFF6A	0x1183A	CALLF 0x1000:ff6a	reject:not-a-string
1000:acda	LEA	op1	0xFF00	0x117D0	LEA DI,[BP + 0xff00]	reject:not-a-string
1000:ace5	CALLF	op0	0x0267	0x11B37	CALLF 0x2000:0267	reject:not-a-string
1000:acea	MOV	op1	0x3B7C	0x544C	MOV DI,0x3b7c	reject:not-a-string
1000:acef	CALLF	op0	0x02E6	0x11BB6	CALLF 0x2000:02e6	reject:not-a-string
1000:acf9	CALLF	op0	0x02E6	0x11BB6	CALLF 0x2000:02e6	reject:not-a-string
1000:ad0d	CALLF	op0	0xF092	0x10962	CALLF 0x1000:f092	reject:not-a-string
1000:ad12	MOV	op1	0x3692	0x4F62	MOV AL,[0x3692]	reject:not-a-string
1000:ad17	JNZ	op0	0xAD4E	0xC61E	JNZ 0x1000:ad4e	reject:not-a-string
1000:ad2d	CALLF	op0	0xF092	0x10962	CALLF 0x1000:f092	reject:not-a-string
1000:ad46	CALLF	op0	0xF092	0x10962	CALLF 0x1000:f092	reject:not-a-string
1000:ad4b	JMP	op0	0xAE18	0xC6E8	JMP 0x1000:ae18	reject:not-a-string
1000:ad50	JNZ	op0	0xAD87	0xC657	JNZ 0x1000:ad87	reject:not-a-string
1000:ad66	CALLF	op0	0xF092	0x10962	CALLF 0x1000:f092	reject:not-a-string
1000:ad7f	CALLF	op0	0xF092	0x10962	CALLF 0x1000:f092	reject:not-a-string
1000:ad84	JMP	op0	0xAE18	0xC6E8	JMP 0x1000:ae18	reject:not-a-string
1000:ad89	JNZ	op0	0xADBF	0xC68F	JNZ 0x1000:adbf	reject:not-a-string
1000:ad9f	CALLF	op0	0xF092	0x10962	CALLF 0x1000:f092	reject:not-a-string
1000:adb8	CALLF	op0	0xF092	0x10962	CALLF 0x1000:f092	reject:not-a-string
1000:adbd	JMP	op0	0xAE18	0xC6E8	JMP 0x1000:ae18	reject:not-a-string
1000:adc1	JNZ	op0	0xAE18	0xC6E8	JNZ 0x1000:ae18	reject:not-a-string
1000:add7	CALLF	op0	0xF092	0x10962	CALLF 0x1000:f092	reject:not-a-string
1000:addc	CALLF	op0	0xF47A	0x10D4A	CALLF 0x1000:f47a	reject:not-a-string
1000:adf5	CALLF	op0	0xF092	0x10962	CALLF 0x1000:f092	reject:not-a-string
1000:ae0e	CALLF	op0	0xF092	0x10962	CALLF 0x1000:f092	reject:not-a-string
1000:ae1d	JNZ	op0	0xAE3C	0xC70C	JNZ 0x1000:ae3c	reject:not-a-string
1000:ae1f	MOV	op0	0x3696	0x4F66	MOV byte ptr [0x3696],0x1	reject:not-a-string
1000:ae27	CALL	op0	0x11C2	0x2A92	CALL 0x1000:11c2	reject:not-a-string
1000:ae2d	CALL	op0	0x3D11	0x55E1	CALL 0x1000:3d11	reject:not-a-string
1000:ae33	CALL	op0	0x11C2	0x2A92	CALL 0x1000:11c2	reject:not-a-string
1000:ae39	CALL	op0	0x3D11	0x55E1	CALL 0x1000:3d11	reject:not-a-string
1000:ae3c	MOV	op1	0x8321	0x9BF1	MOV DI,0x8321	reject:not-a-string
1000:ae50	CALLF	op0	0xEED0	0x107A0	CALLF 0x1000:eed0	reject:not-a-string
1000:ae55	MOV	op1	0x3ECC	0x579C	MOV DI,0x3ecc	reject:not-a-string
1000:ae5a	MOV	op1	0x3972	0x5242	MOV DI,0x3972	reject:not-a-string
1000:ae63	CALLF	op0	0xFE46	0x11716	CALLF 0x1000:fe46	reject:not-a-string
1000:ae68	CALLF	op0	0xFD1D	0x115ED	CALLF 0x1000:fd1d	reject:not-a-string
1000:ae6d	CALLF	op0	0xFA11	0x112E1	CALLF 0x1000:fa11	reject:not-a-string
1000:ae72	MOV	op1	0x3972	0x5242	MOV DI,0x3972	reject:not-a-string
1000:ae77	CALLF	op0	0xF0E6	0x109B6	CALLF 0x1000:f0e6	reject:not-a-string
1000:ae7c	MOV	op1	0x3972	0x5242	MOV DI,0x3972	reject:not-a-string
1000:ae81	MOV	op1	0x848E	0x9D5E	MOV DI,0x848e	reject:not-a-string
1000:ae86	CALLF	op0	0x0358	0x11C28	CALLF 0x2000:0358	reject:not-a-string
1000:ae8b	JZ	op0	0xAEA1	0xC771	JZ 0x1000:aea1	reject:not-a-string
1000:ae8d	MOV	op1	0x3972	0x5242	MOV DI,0x3972	reject:not-a-string
1000:ae97	CALLF	op0	0x0358	0x11C28	CALLF 0x2000:0358	reject:not-a-string
1000:ae9c	JZ	op0	0xAEA1	0xC771	JZ 0x1000:aea1	reject:not-a-string
1000:ae9e	JMP	op0	0xB940	0xD210	JMP 0x1000:b940	reject:not-a-string
1000:aea1	CMP	op0	0x38CD	0x519D	CMP byte ptr [0x38cd],0x0	reject:not-a-string
1000:aea6	JBE	op0	0xAEDA	0xC7AA	JBE 0x1000:aeda	reject:not-a-string
1000:aea8	DEC	op0	0x38CD	0x519D	DEC byte ptr [0x38cd]	reject:not-a-string
1000:aeac	CMP	op0	0x38CD	0x519D	CMP byte ptr [0x38cd],0x0	reject:not-a-string
1000:aeb1	JNZ	op0	0xAEDA	0xC7AA	JNZ 0x1000:aeda	reject:not-a-string
1000:aeb3	SUB	op0	0x389E	0x516E	SUB word ptr [0x389e],0x2	reject:not-a-string
1000:aeb8	DEC	op0	0x38A8	0x5178	DEC word ptr [0x38a8]	reject:not-a-string
1000:aebc	SUB	op0	0x38AA	0x517A	SUB word ptr [0x38aa],0x2	reject:not-a-string
1000:aed5	CALLF	op0	0xF092	0x10962	CALLF 0x1000:f092	reject:not-a-string
1000:aeda	MOV	op1	0x3972	0x5242	MOV DI,0x3972	reject:not-a-string
1000:aee4	CALLF	op0	0x0358	0x11C28	CALLF 0x2000:0358	reject:not-a-string
1000:aee9	JNZ	op0	0xAF04	0xC7D4	JNZ 0x1000:af04	reject:not-a-string
1000:aeff	CALLF	op0	0xF092	0x10962	CALLF 0x1000:f092	reject:not-a-string
1000:af04	MOV	op1	0x3692	0x4F62	MOV AL,[0x3692]	reject:not-a-string
1000:af10	MOV	op1	0x3E35	0x5705	MOV AL,[0x3e35]	reject:not-a-string
1000:af17	JGE	op0	0xAF1D	0xC7ED	JGE 0x1000:af1d	reject:not-a-string
1000:af19	INC	op0	0x3E35	0x5705	INC byte ptr [0x3e35]	reject:not-a-string
1000:af1d	CMP	op0	0x3695	0x4F65	CMP byte ptr [0x3695],0x0	reject:not-a-string
1000:af22	JZ	op0	0xAF5D	0xC82D	JZ 0x1000:af5d	reject:not-a-string
1000:af24	CMP	op0	0x394D	0x521D	CMP byte ptr [0x394d],0x0	reject:not-a-string
1000:af29	JZ	op0	0xAF5D	0xC82D	JZ 0x1000:af5d	reject:not-a-string
1000:af2b	CMP	op0	0x3E32	0x5702	CMP byte ptr [0x3e32],0x19	reject:not-a-string
1000:af30	JNC	op0	0xAF5D	0xC82D	JNC 0x1000:af5d	reject:not-a-string
1000:af32	INC	op0	0x3E32	0x5702	INC byte ptr [0x3e32]	reject:not-a-string
1000:af36	CMP	op0	0x3E32	0x5702	CMP byte ptr [0x3e32],0x19	reject:not-a-string
1000:af3b	JNZ	op0	0xAF5D	0xC82D	JNZ 0x1000:af5d	reject:not-a-string
1000:af3d	CMP	op0	0x38BB	0x518B	CMP byte ptr [0x38bb],0x1	reject:not-a-string
1000:af42	JNZ	op0	0xAF5D	0xC82D	JNZ 0x1000:af5d	reject:not-a-string
1000:af58	CALLF	op0	0xF092	0x10962	CALLF 0x1000:f092	reject:not-a-string
1000:af5d	CMP	op0	0x3B78	0x5448	CMP byte ptr [0x3b78],0x0	reject:not-a-string
1000:af62	JNZ	op0	0xAFBC	0xC88C	JNZ 0x1000:afbc	reject:not-a-string
1000:af68	CALLF	op0	0x08CB	0x1219B	CALLF 0x2000:08cb	reject:not-a-string
1000:af6f	JNZ	op0	0xAFBC	0xC88C	JNZ 0x1000:afbc	reject:not-a-string
1000:af71	MOV	op0	0x3B78	0x5448	MOV byte ptr [0x3b78],0x1	reject:not-a-string
1000:af76	CMP	op0	0x3696	0x4F66	CMP byte ptr [0x3696],0x0	reject:not-a-string
1000:af7b	JZ	op0	0xAFBC	0xC88C	JZ 0x1000:afbc	reject:not-a-string
1000:af7d	CMP	op0	0x38BB	0x518B	CMP byte ptr [0x38bb],0x1	reject:not-a-string
1000:af82	JNZ	op0	0xAFBC	0xC88C	JNZ 0x1000:afbc	reject:not-a-string
1000:af84	LEA	op1	0xFF00	0x117D0	LEA DI,[BP + 0xff00]	reject:not-a-string
1000:af8f	CALLF	op0	0x0267	0x11B37	CALLF 0x2000:0267	reject:not-a-string
1000:af99	CALLF	op0	0x02E6	0x11BB6	CALLF 0x2000:02e6	reject:not-a-string
1000:afa3	CALLF	op0	0x02E6	0x11BB6	CALLF 0x2000:02e6	reject:not-a-string
1000:afb7	CALLF	op0	0xF092	0x10962	CALLF 0x1000:f092	reject:not-a-string
1000:afbc	CMP	op0	0x3B79	0x5449	CMP byte ptr [0x3b79],0x0	reject:not-a-string
1000:afc1	JNZ	op0	0xB022	0xC8F2	JNZ 0x1000:b022	reject:not-a-string
1000:afc7	CALLF	op0	0x08CB	0x1219B	CALLF 0x2000:08cb	reject:not-a-string
1000:afce	JNZ	op0	0xB022	0xC8F2	JNZ 0x1000:b022	reject:not-a-string
1000:afd0	MOV	op0	0x3B79	0x5449	MOV byte ptr [0x3b79],0x1	reject:not-a-string
1000:afd5	CMP	op0	0x3696	0x4F66	CMP byte ptr [0x3696],0x0	reject:not-a-string
1000:afda	JZ	op0	0xB022	0xC8F2	JZ 0x1000:b022	reject:not-a-string
1000:afe1	JL	op0	0xB022	0xC8F2	JL 0x1000:b022	reject:not-a-string
1000:afe3	CMP	op0	0x38BB	0x518B	CMP byte ptr [0x38bb],0x1	reject:not-a-string
1000:afe8	JNZ	op0	0xB022	0xC8F2	JNZ 0x1000:b022	reject:not-a-string
1000:afea	LEA	op1	0xFF00	0x117D0	LEA DI,[BP + 0xff00]	reject:not-a-string
1000:aff5	CALLF	op0	0x0267	0x11B37	CALLF 0x2000:0267	reject:not-a-string
1000:afff	CALLF	op0	0x02E6	0x11BB6	CALLF 0x2000:02e6	reject:not-a-string
1000:b009	CALLF	op0	0x02E6	0x11BB6	CALLF 0x2000:02e6	reject:not-a-string
1000:b01d	CALLF	op0	0xF092	0x10962	CALLF 0x1000:f092	reject:not-a-string
1000:b022	CMP	op0	0x38BB	0x518B	CMP byte ptr [0x38bb],0x1	reject:not-a-string
1000:b027	JZ	op0	0xB02C	0xC8FC	JZ 0x1000:b02c	reject:not-a-string
1000:b029	JMP	op0	0xB0CE	0xC99E	JMP 0x1000:b0ce	reject:not-a-string
1000:b030	CALLF	op0	0x08CB	0x1219B	CALLF 0x2000:08cb	reject:not-a-string
1000:b037	JZ	op0	0xB03C	0xC90C	JZ 0x1000:b03c	reject:not-a-string
1000:b039	JMP	op0	0xB0CE	0xC99E	JMP 0x1000:b0ce	reject:not-a-string
1000:b050	CALLF	op0	0xF092	0x10962	CALLF 0x1000:f092	reject:not-a-string
1000:b055	CALLF	op0	0xF47A	0x10D4A	CALLF 0x1000:f47a	reject:not-a-string
1000:b05a	LEA	op1	0xFF00	0x117D0	LEA DI,[BP + 0xff00]	reject:not-a-string
1000:b065	CALLF	op0	0x0267	0x11B37	CALLF 0x2000:0267	reject:not-a-string
1000:b06f	CALLF	op0	0x02E6	0x11BB6	CALLF 0x2000:02e6	reject:not-a-string
1000:b074	MOV	op1	0x8593	0x9E63	MOV DI,0x8593	reject:not-a-string
1000:b079	CALLF	op0	0x02E6	0x11BB6	CALLF 0x2000:02e6	reject:not-a-string
1000:b08d	CALLF	op0	0xF092	0x10962	CALLF 0x1000:f092	reject:not-a-string
1000:b092	CALLF	op0	0xF47A	0x10D4A	CALLF 0x1000:f47a	reject:not-a-string
1000:b0ab	CALLF	op0	0xF092	0x10962	CALLF 0x1000:f092	reject:not-a-string
1000:b0b0	CALLF	op0	0xF47A	0x10D4A	CALLF 0x1000:f47a	reject:not-a-string
1000:b0c9	CALLF	op0	0xF092	0x10962	CALLF 0x1000:f092	reject:not-a-string
1000:b0ce	CMP	op0	0x38BB	0x518B	CMP byte ptr [0x38bb],0x1	reject:not-a-string
1000:b0d3	JZ	op0	0xB0D8	0xC9A8	JZ 0x1000:b0d8	reject:not-a-string
1000:b0d5	JMP	op0	0xB16C	0xCA3C	JMP 0x1000:b16c	reject:not-a-string
1000:b0dc	CALLF	op0	0x08CB	0x1219B	CALLF 0x2000:08cb	reject:not-a-string
1000:b0e3	JNZ	op0	0xB11E	0xC9EE	JNZ 0x1000:b11e	reject:not-a-string
1000:b0e5	CMP	op0	0x3697	0x4F67	CMP byte ptr [0x3697],0x0	reject:not-a-string
1000:b0ea	JZ	op0	0xB11E	0xC9EE	JZ 0x1000:b11e	reject:not-a-string
1000:b100	CALLF	op0	0xF092	0x10962	CALLF 0x1000:f092	reject:not-a-string
1000:b119	CALLF	op0	0xF092	0x10962	CALLF 0x1000:f092	reject:not-a-string
1000:b11e	CMP	op0	0x3B76	0x5446	CMP byte ptr [0x3b76],0x1	reject:not-a-string
1000:b123	JNZ	op0	0xB145	0xCA15	JNZ 0x1000:b145	reject:not-a-string
1000:b125	CMP	op0	0x3696	0x4F66	CMP byte ptr [0x3696],0x0	reject:not-a-string
1000:b12a	JZ	op0	0xB145	0xCA15	JZ 0x1000:b145	reject:not-a-string
1000:b140	CALLF	op0	0xF092	0x10962	CALLF 0x1000:f092	reject:not-a-string
1000:b145	CMP	op0	0x3B77	0x5447	CMP byte ptr [0x3b77],0x1	reject:not-a-string
1000:b14a	JNZ	op0	0xB16C	0xCA3C	JNZ 0x1000:b16c	reject:not-a-string
1000:b14c	CMP	op0	0x3696	0x4F66	CMP byte ptr [0x3696],0x0	reject:not-a-string
1000:b151	JZ	op0	0xB16C	0xCA3C	JZ 0x1000:b16c	reject:not-a-string
1000:b167	CALLF	op0	0xF092	0x10962	CALLF 0x1000:f092	reject:not-a-string
1000:b16c	CMP	op0	0x3B76	0x5446	CMP byte ptr [0x3b76],0x0	reject:not-a-string
1000:b171	JBE	op0	0xB177	0xCA47	JBE 0x1000:b177	reject:not-a-string
1000:b173	DEC	op0	0x3B76	0x5446	DEC byte ptr [0x3b76]	reject:not-a-string
1000:b177	CMP	op0	0x3B77	0x5447	CMP byte ptr [0x3b77],0x0	reject:not-a-string
1000:b17c	JBE	op0	0xB182	0xCA52	JBE 0x1000:b182	reject:not-a-string
1000:b17e	DEC	op0	0x3B77	0x5447	DEC byte ptr [0x3b77]	reject:not-a-string
1000:b186	CALLF	op0	0x08CB	0x1219B	CALLF 0x2000:08cb	reject:not-a-string
1000:b18d	JNZ	op0	0xB1B4	0xCA84	JNZ 0x1000:b1b4	reject:not-a-string
1000:b18f	CMP	op0	0x3698	0x4F68	CMP byte ptr [0x3698],0x0	reject:not-a-string
1000:b194	JNZ	op0	0xB1B4	0xCA84	JNZ 0x1000:b1b4	reject:not-a-string
1000:b196	MOV	op0	0x3698	0x4F68	MOV byte ptr [0x3698],0x1	reject:not-a-string
1000:b1af	CALLF	op0	0xF092	0x10962	CALLF 0x1000:f092	reject:not-a-string
1000:b1b8	CALLF	op0	0x08CB	0x1219B	CALLF 0x2000:08cb	reject:not-a-string
1000:b1bf	JNZ	op0	0xB1E6	0xCAB6	JNZ 0x1000:b1e6	reject:not-a-string
1000:b1c1	CMP	op0	0x3694	0x4F64	CMP byte ptr [0x3694],0x0	reject:not-a-string
1000:b1c6	JNZ	op0	0xB1E6	0xCAB6	JNZ 0x1000:b1e6	reject:not-a-string
1000:b1c8	MOV	op0	0x3694	0x4F64	MOV byte ptr [0x3694],0x1	reject:not-a-string
1000:b1e1	CALLF	op0	0xF092	0x10962	CALLF 0x1000:f092	reject:not-a-string
1000:b1ea	CALLF	op0	0x08CB	0x1219B	CALLF 0x2000:08cb	reject:not-a-string
1000:b1f1	JNZ	op0	0xB218	0xCAE8	JNZ 0x1000:b218	reject:not-a-string
1000:b1f3	CMP	op0	0x3699	0x4F69	CMP byte ptr [0x3699],0x0	reject:not-a-string
1000:b1f8	JNZ	op0	0xB218	0xCAE8	JNZ 0x1000:b218	reject:not-a-string
1000:b1fa	MOV	op0	0x3699	0x4F69	MOV byte ptr [0x3699],0x1	reject:not-a-string
1000:b213	CALLF	op0	0xF092	0x10962	CALLF 0x1000:f092	reject:not-a-string
1000:b21c	CALLF	op0	0x08CB	0x1219B	CALLF 0x2000:08cb	reject:not-a-string
1000:b223	JNZ	op0	0xB24A	0xCB1A	JNZ 0x1000:b24a	reject:not-a-string
1000:b225	CMP	op0	0x369A	0x4F6A	CMP byte ptr [0x369a],0x0	reject:not-a-string
1000:b22a	JNZ	op0	0xB24A	0xCB1A	JNZ 0x1000:b24a	reject:not-a-string
1000:b22c	MOV	op0	0x369A	0x4F6A	MOV byte ptr [0x369a],0x1	reject:not-a-string
1000:b245	CALLF	op0	0xF092	0x10962	CALLF 0x1000:f092	reject:not-a-string
1000:b24a	CMP	op0	0x38C1	0x5191	CMP byte ptr [0x38c1],0x0	reject:not-a-string
1000:b24f	JZ	op0	0xB2CC	0xCB9C	JZ 0x1000:b2cc	reject:not-a-string
1000:b251	MOV	op1	0x38AC	0x517C	MOV AX,[0x38ac]	reject:not-a-string
1000:b254	CMP	op1	0x38AE	0x517E	CMP AX,word ptr [0x38ae]	reject:not-a-string
1000:b258	JGE	op0	0xB26E	0xCB3E	JGE 0x1000:b26e	reject:not-a-string
1000:b25a	ADD	op0	0x38AC	0x517C	ADD word ptr [0x38ac],0x3	reject:not-a-string
1000:b25f	MOV	op1	0x38AC	0x517C	MOV AX,[0x38ac]	reject:not-a-string
1000:b262	CMP	op1	0x38AE	0x517E	CMP AX,word ptr [0x38ae]	reject:not-a-string
1000:b266	JLE	op0	0xB26E	0xCB3E	JLE 0x1000:b26e	reject:not-a-string
1000:b268	MOV	op1	0x38AE	0x517E	MOV AX,[0x38ae]	reject:not-a-string
1000:b26b	MOV	op0	0x38AC	0x517C	MOV [0x38ac],AX	reject:not-a-string
1000:b272	CALLF	op0	0x08CB	0x1219B	CALLF 0x2000:08cb	reject:not-a-string
1000:b279	JA	op0	0xB2CC	0xCB9C	JA 0x1000:b2cc	reject:not-a-string
1000:b27b	CMP	op0	0x38B0	0x5180	CMP byte ptr [0x38b0],0x0	reject:not-a-string
1000:b280	JNZ	op0	0xB2A7	0xCB77	JNZ 0x1000:b2a7	reject:not-a-string
1000:b287	JZ	op0	0xB2A7	0xCB77	JZ 0x1000:b2a7	reject:not-a-string
1000:b2a2	CALLF	op0	0xF092	0x10962	CALLF 0x1000:f092	reject:not-a-string
1000:b2a7	CMP	op0	0x38B0	0x5180	CMP byte ptr [0x38b0],0x0	reject:not-a-string
1000:b2ac	JZ	op0	0xB2CC	0xCB9C	JZ 0x1000:b2cc	reject:not-a-string
1000:b2ae	MOV	op0	0x38B0	0x5180	MOV byte ptr [0x38b0],0x0	reject:not-a-string
1000:b2c7	CALLF	op0	0xF092	0x10962	CALLF 0x1000:f092	reject:not-a-string
1000:b2d2	JNZ	op0	0xB2E3	0xCBB3	JNZ 0x1000:b2e3	reject:not-a-string
1000:b2d4	MOV	op1	0x38AC	0x517C	MOV AX,[0x38ac]	reject:not-a-string
1000:b2d7	CMP	op1	0x38AE	0x517E	CMP AX,word ptr [0x38ae]	reject:not-a-string
1000:b2db	JGE	op0	0xB2E1	0xCBB1	JGE 0x1000:b2e1	reject:not-a-string
1000:b2dd	INC	op0	0x38AC	0x517C	INC word ptr [0x38ac]	reject:not-a-string
1000:b2e1	JMP	op0	0xB34D	0xCC1D	JMP 0x1000:b34d	reject:not-a-string
1000:b2e6	JNZ	op0	0xB2EA	0xCBBA	JNZ 0x1000:b2ea	reject:not-a-string
1000:b2e8	JMP	op0	0xB34D	0xCC1D	JMP 0x1000:b34d	reject:not-a-string
1000:b2ed	JNZ	op0	0xB34D	0xCC1D	JNZ 0x1000:b34d	reject:not-a-string
1000:b2ef	MOV	op1	0x3692	0x4F62	MOV AL,[0x3692]	reject:not-a-string
1000:b2fa	CALLF	op0	0x08CB	0x1219B	CALLF 0x2000:08cb	reject:not-a-string
1000:b305	MOV	op1	0x38A4	0x5174	MOV AX,[0x38a4]	reject:not-a-string
1000:b30b	JG	op0	0xB313	0xCBE3	JG 0x1000:b313	reject:not-a-string
1000:b30d	JL	op0	0xB34B	0xCC1B	JL 0x1000:b34b	reject:not-a-string
1000:b311	JC	op0	0xB34B	0xCC1B	JC 0x1000:b34b	reject:not-a-string
1000:b313	MOV	op1	0x3692	0x4F62	MOV AL,[0x3692]	reject:not-a-string
1000:b321	CALLF	op0	0x08CB	0x1219B	CALLF 0x2000:08cb	reject:not-a-string
1000:b327	MOV	op0	0x3B74	0x5444	MOV [0x3b74],AX	reject:not-a-string
1000:b32a	MOV	op1	0x3B74	0x5444	MOV AX,[0x3b74]	reject:not-a-string
1000:b32d	ADD	op0	0x38C7	0x5197	ADD word ptr [0x38c7],AX	reject:not-a-string
1000:b336	PUSH	op0	0x3B74	0x5444	PUSH word ptr [0x3b74]	reject:not-a-string
1000:b346	CALLF	op0	0xF092	0x10962	CALLF 0x1000:f092	reject:not-a-string
1000:b34b	JMP	op0	0xB34D	0xCC1D	JMP 0x1000:b34d	reject:not-a-string
1000:b353	CALLF	op0	0x08CB	0x1219B	CALLF 0x2000:08cb	reject:not-a-string
1000:b359	MOV	op0	0x3971	0x5241	MOV [0x3971],AL	reject:not-a-string
1000:b35c	CMP	op0	0x3971	0x5241	CMP byte ptr [0x3971],0xa	reject:not-a-string
1000:b361	JC	op0	0xB368	0xCC38	JC 0x1000:b368	reject:not-a-string
1000:b363	MOV	op0	0x3970	0x5240	MOV byte ptr [0x3970],0x4	reject:not-a-string
1000:b368	CMP	op0	0x3971	0x5241	CMP byte ptr [0x3971],0x9	reject:not-a-string
1000:b36d	JA	op0	0xB37B	0xCC4B	JA 0x1000:b37b	reject:not-a-string
1000:b36f	CMP	op0	0x3971	0x5241	CMP byte ptr [0x3971],0x5	reject:not-a-string
1000:b374	JC	op0	0xB37B	0xCC4B	JC 0x1000:b37b	reject:not-a-string
1000:b376	MOV	op0	0x3970	0x5240	MOV byte ptr [0x3970],0x3	reject:not-a-string
1000:b37b	CMP	op0	0x3971	0x5241	CMP byte ptr [0x3971],0x4	reject:not-a-string
1000:b380	JA	op0	0xB38E	0xCC5E	JA 0x1000:b38e	reject:not-a-string
1000:b382	CMP	op0	0x3971	0x5241	CMP byte ptr [0x3971],0x2	reject:not-a-string
1000:b387	JC	op0	0xB38E	0xCC5E	JC 0x1000:b38e	reject:not-a-string
1000:b389	MOV	op0	0x3970	0x5240	MOV byte ptr [0x3970],0x2	reject:not-a-string
1000:b38e	CMP	op0	0x3971	0x5241	CMP byte ptr [0x3971],0x1	reject:not-a-string
1000:b393	JNZ	op0	0xB39A	0xCC6A	JNZ 0x1000:b39a	reject:not-a-string
1000:b395	MOV	op0	0x3970	0x5240	MOV byte ptr [0x3970],0x1	reject:not-a-string
1000:b39e	CALLF	op0	0x08CB	0x1219B	CALLF 0x2000:08cb	reject:not-a-string
1000:b3a5	JNZ	op0	0xB3AA	0xCC7A	JNZ 0x1000:b3aa	reject:not-a-string
1000:b3a7	CALL	op0	0x7C67	0x9537	CALL 0x1000:7c67	reject:not-a-string
1000:b3ae	CALLF	op0	0x08CB	0x1219B	CALLF 0x2000:08cb	reject:not-a-string
1000:b3b5	JNZ	op0	0xB3BA	0xCC8A	JNZ 0x1000:b3ba	reject:not-a-string
1000:b3b7	CALL	op0	0x7538	0x8E08	CALL 0x1000:7538	reject:not-a-string
1000:b3ba	MOV	op1	0x3970	0x5240	MOV AL,[0x3970]	reject:not-a-string
1000:b3bf	JZ	op0	0xB3C4	0xCC94	JZ 0x1000:b3c4	reject:not-a-string
1000:b3c1	JMP	op0	0xB4E8	0xCDB8	JMP 0x1000:b4e8	reject:not-a-string
1000:b3c4	CMP	op0	0x3693	0x4F63	CMP byte ptr [0x3693],0x0	reject:not-a-string
1000:b3cb	JNZ	op0	0xB3CE	0xCC9E	JNZ 0x1000:b3ce	reject:not-a-string
1000:b3ce	MOV	op0	0x3693	0x4F63	MOV [0x3693],AL	reject:not-a-string
1000:b3d1	CMP	op0	0x3693	0x4F63	CMP byte ptr [0x3693],0x0	reject:not-a-string
1000:b3d6	JNZ	op0	0xB3DB	0xCCAB	JNZ 0x1000:b3db	reject:not-a-string
1000:b3d8	JMP	op0	0xB45B	0xCD2B	JMP 0x1000:b45b	reject:not-a-string
1000:b3db	CMP	op0	0x3692	0x4F62	CMP byte ptr [0x3692],0x1	reject:not-a-string
1000:b3e0	JNZ	op0	0xB3FB	0xCCCB	JNZ 0x1000:b3fb	reject:not-a-string
1000:b3f6	CALLF	op0	0xF092	0x10962	CALLF 0x1000:f092	reject:not-a-string
1000:b3fb	CMP	op0	0x3692	0x4F62	CMP byte ptr [0x3692],0x2	reject:not-a-string
1000:b400	JNZ	op0	0xB41B	0xCCEB	JNZ 0x1000:b41b	reject:not-a-string
1000:b416	CALLF	op0	0xF092	0x10962	CALLF 0x1000:f092	reject:not-a-string
1000:b41b	CMP	op0	0x3692	0x4F62	CMP byte ptr [0x3692],0x3	reject:not-a-string
1000:b420	JNZ	op0	0xB43B	0xCD0B	JNZ 0x1000:b43b	reject:not-a-string
1000:b436	CALLF	op0	0xF092	0x10962	CALLF 0x1000:f092	reject:not-a-string
1000:b43b	CMP	op0	0x3692	0x4F62	CMP byte ptr [0x3692],0x4	reject:not-a-string
1000:b440	JNZ	op0	0xB45B	0xCD2B	JNZ 0x1000:b45b	reject:not-a-string
1000:b456	CALLF	op0	0xF092	0x10962	CALLF 0x1000:f092	reject:not-a-string
1000:b45b	CMP	op0	0x3693	0x4F63	CMP byte ptr [0x3693],0x0	reject:not-a-string
1000:b460	JZ	op0	0xB465	0xCD35	JZ 0x1000:b465	reject:not-a-string
1000:b462	JMP	op0	0xB4E5	0xCDB5	JMP 0x1000:b4e5	reject:not-a-string
1000:b465	CMP	op0	0x3692	0x4F62	CMP byte ptr [0x3692],0x1	reject:not-a-string
1000:b46a	JNZ	op0	0xB485	0xCD55	JNZ 0x1000:b485	reject:not-a-string
1000:b480	CALLF	op0	0xF092	0x10962	CALLF 0x1000:f092	reject:not-a-string
1000:b485	CMP	op0	0x3692	0x4F62	CMP byte ptr [0x3692],0x2	reject:not-a-string
1000:b48a	JNZ	op0	0xB4A5	0xCD75	JNZ 0x1000:b4a5	reject:not-a-string
1000:b4a0	CALLF	op0	0xF092	0x10962	CALLF 0x1000:f092	reject:not-a-string
1000:b4a5	CMP	op0	0x3692	0x4F62	CMP byte ptr [0x3692],0x3	reject:not-a-string
1000:b4aa	JNZ	op0	0xB4C5	0xCD95	JNZ 0x1000:b4c5	reject:not-a-string
1000:b4c0	CALLF	op0	0xF092	0x10962	CALLF 0x1000:f092	reject:not-a-string
1000:b4c5	CMP	op0	0x3692	0x4F62	CMP byte ptr [0x3692],0x4	reject:not-a-string
1000:b4ca	JNZ	op0	0xB4E5	0xCDB5	JNZ 0x1000:b4e5	reject:not-a-string
1000:b4e0	CALLF	op0	0xF092	0x10962	CALLF 0x1000:f092	reject:not-a-string
1000:b4e5	JMP	op0	0xB940	0xD210	JMP 0x1000:b940	reject:not-a-string
1000:b4ea	JZ	op0	0xB4EF	0xCDBF	JZ 0x1000:b4ef	reject:not-a-string
1000:b4ec	JMP	op0	0xB5AE	0xCE7E	JMP 0x1000:b5ae	reject:not-a-string
1000:b4ef	CMP	op0	0x3697	0x4F67	CMP byte ptr [0x3697],0x0	reject:not-a-string
1000:b4f4	JZ	op0	0xB4F9	0xCDC9	JZ 0x1000:b4f9	reject:not-a-string
1000:b4f6	JMP	op0	0xB592	0xCE62	JMP 0x1000:b592	reject:not-a-string
1000:b50d	CALLF	op0	0xF092	0x10962	CALLF 0x1000:f092	reject:not-a-string
1000:b512	MOV	op1	0x3ECC	0x579C	MOV DI,0x3ecc	reject:not-a-string
1000:b517	MOV	op1	0x3A72	0x5342	MOV DI,0x3a72	reject:not-a-string
1000:b520	CALLF	op0	0xFE46	0x11716	CALLF 0x1000:fe46	reject:not-a-string
1000:b525	CALLF	op0	0xFD1D	0x115ED	CALLF 0x1000:fd1d	reject:not-a-string
1000:b52a	CALLF	op0	0xFA11	0x112E1	CALLF 0x1000:fa11	reject:not-a-string
1000:b52f	MOV	op1	0x3A72	0x5342	MOV DI,0x3a72	reject:not-a-string
1000:b534	CALLF	op0	0xF0E6	0x109B6	CALLF 0x1000:f0e6	reject:not-a-string
1000:b539	MOV	op1	0x3A72	0x5342	MOV DI,0x3a72	reject:not-a-string
1000:b53e	MOV	op1	0x8323	0x9BF3	MOV DI,0x8323	reject:not-a-string
1000:b543	CALLF	op0	0x0358	0x11C28	CALLF 0x2000:0358	reject:not-a-string
1000:b548	JNZ	op0	0xB590	0xCE60	JNZ 0x1000:b590	reject:not-a-string
1000:b54e	CALLF	op0	0x08CB	0x1219B	CALLF 0x2000:08cb	reject:not-a-string
1000:b555	JNZ	op0	0xB577	0xCE47	JNZ 0x1000:b577	reject:not-a-string
1000:b56b	CALLF	op0	0xF092	0x10962	CALLF 0x1000:f092	reject:not-a-string
1000:b570	MOV	op0	0x3697	0x4F67	MOV byte ptr [0x3697],0x1	reject:not-a-string
1000:b575	JMP	op0	0xB590	0xCE60	JMP 0x1000:b590	reject:not-a-string
1000:b58b	CALLF	op0	0xF092	0x10962	CALLF 0x1000:f092	reject:not-a-string
1000:b590	JMP	op0	0xB5AB	0xCE7B	JMP 0x1000:b5ab	reject:not-a-string
1000:b5a6	CALLF	op0	0xF092	0x10962	CALLF 0x1000:f092	reject:not-a-string
1000:b5ab	JMP	op0	0xB940	0xD210	JMP 0x1000:b940	reject:not-a-string
1000:b5b0	JZ	op0	0xB5B5	0xCE85	JZ 0x1000:b5b5	reject:not-a-string
1000:b5b2	JMP	op0	0xB82F	0xD0FF	JMP 0x1000:b82f	reject:not-a-string
1000:b5b8	CALL	op0	0x0D14	0x25E4	CALL 0x1000:0d14	reject:not-a-string
1000:b5bb	MOV	op0	0x3B72	0x5442	MOV byte ptr [0x3b72],0x0	reject:not-a-string
1000:b5c0	CMP	op0	0x3952	0x5222	CMP word ptr [0x3952],0x8	reject:not-a-string
1000:b5c5	JNZ	op0	0xB5CA	0xCE9A	JNZ 0x1000:b5ca	reject:not-a-string
1000:b5c7	JMP	op0	0xB76A	0xD03A	JMP 0x1000:b76a	reject:not-a-string
1000:b5ca	MOV	op1	0x3692	0x4F62	MOV AL,[0x3692]	reject:not-a-string
1000:b5d7	MOV	op0	0x3C7E	0x554E	MOV [0x3c7e],AX	reject:not-a-string
1000:b5df	JNZ	op0	0xB5ED	0xCEBD	JNZ 0x1000:b5ed	reject:not-a-string
1000:b5e1	MOV	op1	0x3C7E	0x554E	MOV AX,[0x3c7e]	reject:not-a-string
1000:b5ea	MOV	op0	0x3C7E	0x554E	MOV [0x3c7e],AX	reject:not-a-string
1000:b5ed	PUSH	op0	0x3C7E	0x554E	PUSH word ptr [0x3c7e]	reject:not-a-string
1000:b5f1	CALLF	op0	0x08CB	0x1219B	CALLF 0x2000:08cb	reject:not-a-string
1000:b5fc	MOV	op1	0x38A4	0x5174	MOV AX,[0x38a4]	reject:not-a-string
1000:b602	JG	op0	0xB614	0xCEE4	JG 0x1000:b614	reject:not-a-string
1000:b604	JL	op0	0xB60A	0xCEDA	JL 0x1000:b60a	reject:not-a-string
1000:b608	JNC	op0	0xB614	0xCEE4	JNC 0x1000:b614	reject:not-a-string
1000:b60a	CMP	op0	0x3952	0x5222	CMP word ptr [0x3952],0x3	reject:not-a-string
1000:b60f	JL	op0	0xB614	0xCEE4	JL 0x1000:b614	reject:not-a-string
1000:b611	JMP	op0	0xB6A0	0xCF70	JMP 0x1000:b6a0	reject:not-a-string
1000:b614	CMP	op0	0x3952	0x5222	CMP word ptr [0x3952],0x7	reject:not-a-string
1000:b619	JL	op0	0xB61E	0xCEEE	JL 0x1000:b61e	reject:not-a-string
1000:b61b	JMP	op0	0xB6A0	0xCF70	JMP 0x1000:b6a0	reject:not-a-string
1000:b61e	LEA	op1	0xFF00	0x117D0	LEA DI,[BP + 0xff00]	reject:not-a-string
1000:b629	CALLF	op0	0x0267	0x11B37	CALLF 0x2000:0267	reject:not-a-string
1000:b62e	MOV	op1	0x3952	0x5222	MOV DI,word ptr [0x3952]	reject:not-a-string
1000:b63c	CALLF	op0	0x02E6	0x11BB6	CALLF 0x2000:02e6	reject:not-a-string
1000:b646	CALLF	op0	0x02E6	0x11BB6	CALLF 0x2000:02e6	reject:not-a-string
1000:b64b	PUSH	op0	0x395C	0x522C	PUSH word ptr [0x395c]	reject:not-a-string
1000:b65b	CALLF	op0	0xF092	0x10962	CALLF 0x1000:f092	reject:not-a-string
1000:b660	MOV	op1	0x3ECC	0x579C	MOV DI,0x3ecc	reject:not-a-string
1000:b665	MOV	op1	0x3A72	0x5342	MOV DI,0x3a72	reject:not-a-string
1000:b66e	CALLF	op0	0xFE46	0x11716	CALLF 0x1000:fe46	reject:not-a-string
1000:b673	CALLF	op0	0xFD1D	0x115ED	CALLF 0x1000:fd1d	reject:not-a-string
1000:b678	CALLF	op0	0xFA11	0x112E1	CALLF 0x1000:fa11	reject:not-a-string
1000:b67d	MOV	op1	0x3A72	0x5342	MOV DI,0x3a72	reject:not-a-string
1000:b682	CALLF	op0	0xF0E6	0x109B6	CALLF 0x1000:f0e6	reject:not-a-string
1000:b687	MOV	op1	0x3A72	0x5342	MOV DI,0x3a72	reject:not-a-string
1000:b68c	MOV	op1	0x8323	0x9BF3	MOV DI,0x8323	reject:not-a-string
1000:b691	CALLF	op0	0x0358	0x11C28	CALLF 0x2000:0358	reject:not-a-string
1000:b696	JNZ	op0	0xB69D	0xCF6D	JNZ 0x1000:b69d	reject:not-a-string
1000:b698	MOV	op0	0x3B72	0x5442	MOV byte ptr [0x3b72],0x1	reject:not-a-string
1000:b69d	JMP	op0	0xB767	0xD037	JMP 0x1000:b767	reject:not-a-string
1000:b6a0	LEA	op1	0xFF00	0x117D0	LEA DI,[BP + 0xff00]	reject:not-a-string
1000:b6ab	CALLF	op0	0x0267	0x11B37	CALLF 0x2000:0267	reject:not-a-string
1000:b6b0	MOV	op1	0x3952	0x5222	MOV DI,word ptr [0x3952]	reject:not-a-string
1000:b6be	CALLF	op0	0x02E6	0x11BB6	CALLF 0x2000:02e6	reject:not-a-string
1000:b6c8	CALLF	op0	0x02E6	0x11BB6	CALLF 0x2000:02e6	reject:not-a-string
1000:b6cd	PUSH	op0	0x395C	0x522C	PUSH word ptr [0x395c]	reject:not-a-string
1000:b6dd	CALLF	op0	0xF092	0x10962	CALLF 0x1000:f092	reject:not-a-string
1000:b6e2	MOV	op1	0x3ECC	0x579C	MOV DI,0x3ecc	reject:not-a-string
1000:b6e7	MOV	op1	0x3A72	0x5342	MOV DI,0x3a72	reject:not-a-string
1000:b6f0	CALLF	op0	0xFE46	0x11716	CALLF 0x1000:fe46	reject:not-a-string
1000:b6f5	CALLF	op0	0xFD1D	0x115ED	CALLF 0x1000:fd1d	reject:not-a-string
1000:b6fa	CALLF	op0	0xFA11	0x112E1	CALLF 0x1000:fa11	reject:not-a-string
1000:b6ff	MOV	op1	0x3A72	0x5342	MOV DI,0x3a72	reject:not-a-string
1000:b704	CALLF	op0	0xF0E6	0x109B6	CALLF 0x1000:f0e6	reject:not-a-string
1000:b709	MOV	op1	0x3A72	0x5342	MOV DI,0x3a72	reject:not-a-string
1000:b70e	MOV	op1	0x8323	0x9BF3	MOV DI,0x8323	reject:not-a-string
1000:b713	CALLF	op0	0x0358	0x11C28	CALLF 0x2000:0358	reject:not-a-string
1000:b718	JNZ	op0	0xB721	0xCFF1	JNZ 0x1000:b721	reject:not-a-string
1000:b71a	MOV	op0	0x3B72	0x5442	MOV byte ptr [0x3b72],0x1	reject:not-a-string
1000:b71f	JMP	op0	0xB767	0xD037	JMP 0x1000:b767	reject:not-a-string
1000:b725	CALLF	op0	0x08CB	0x1219B	CALLF 0x2000:08cb	reject:not-a-string
1000:b72c	JNZ	op0	0xB74E	0xD01E	JNZ 0x1000:b74e	reject:not-a-string
1000:b742	CALLF	op0	0xF092	0x10962	CALLF 0x1000:f092	reject:not-a-string
1000:b747	MOV	op0	0x3B72	0x5442	MOV byte ptr [0x3b72],0x1	reject:not-a-string
1000:b74c	JMP	op0	0xB767	0xD037	JMP 0x1000:b767	reject:not-a-string
1000:b762	CALLF	op0	0xF092	0x10962	CALLF 0x1000:f092	reject:not-a-string
1000:b767	JMP	op0	0xB81F	0xD0EF	JMP 0x1000:b81f	reject:not-a-string
1000:b76f	PUSH	op0	0x395C	0x522C	PUSH word ptr [0x395c]	reject:not-a-string
1000:b77f	CALLF	op0	0xF092	0x10962	CALLF 0x1000:f092	reject:not-a-string
1000:b784	MOV	op1	0x3692	0x4F62	MOV AL,[0x3692]	reject:not-a-string
1000:b792	CALLF	op0	0x08CB	0x1219B	CALLF 0x2000:08cb	reject:not-a-string
1000:b79d	MOV	op1	0x38A4	0x5174	MOV AX,[0x38a4]	reject:not-a-string
1000:b7a3	JG	op0	0xB7AB	0xD07B	JG 0x1000:b7ab	reject:not-a-string
1000:b7a5	JL	op0	0xB7C6	0xD096	JL 0x1000:b7c6	reject:not-a-string
1000:b7a9	JC	op0	0xB7C6	0xD096	JC 0x1000:b7c6	reject:not-a-string
1000:b7bf	CALLF	op0	0xF092	0x10962	CALLF 0x1000:f092	reject:not-a-string
1000:b7c4	JMP	op0	0xB81F	0xD0EF	JMP 0x1000:b81f	reject:not-a-string
1000:b7c6	CMP	op0	0x38B3	0x5183	CMP byte ptr [0x38b3],0x1	reject:not-a-string
1000:b7cb	JNZ	op0	0xB801	0xD0D1	JNZ 0x1000:b801	reject:not-a-string
1000:b7e1	CALLF	op0	0xF092	0x10962	CALLF 0x1000:f092	reject:not-a-string
1000:b7fa	CALLF	op0	0xF092	0x10962	CALLF 0x1000:f092	reject:not-a-string
1000:b7ff	JMP	op0	0xB81F	0xD0EF	JMP 0x1000:b81f	reject:not-a-string
1000:b815	CALLF	op0	0xF092	0x10962	CALLF 0x1000:f092	reject:not-a-string
1000:b81a	MOV	op0	0x3B72	0x5442	MOV byte ptr [0x3b72],0x1	reject:not-a-string
1000:b81f	CMP	op0	0x3B72	0x5442	CMP byte ptr [0x3b72],0x0	reject:not-a-string
1000:b824	JZ	op0	0xB82C	0xD0FC	JZ 0x1000:b82c	reject:not-a-string
1000:b829	CALL	op0	0x3D11	0x55E1	CALL 0x1000:3d11	reject:not-a-string
1000:b82c	JMP	op0	0xB940	0xD210	JMP 0x1000:b940	reject:not-a-string
1000:b831	JZ	op0	0xB836	0xD106	JZ 0x1000:b836	reject:not-a-string
1000:b833	JMP	op0	0xB927	0xD1F7	JMP 0x1000:b927	reject:not-a-string
1000:b836	CMP	op0	0x38CD	0x519D	CMP byte ptr [0x38cd],0x0	reject:not-a-string
1000:b83b	JBE	op0	0xB863	0xD133	JBE 0x1000:b863	reject:not-a-string
1000:b841	CALLF	op0	0x08CB	0x1219B	CALLF 0x2000:08cb	reject:not-a-string
1000:b848	JNZ	op0	0xB863	0xD133	JNZ 0x1000:b863	reject:not-a-string
1000:b85e	CALLF	op0	0xF092	0x10962	CALLF 0x1000:f092	reject:not-a-string
1000:b863	CMP	op0	0x38CD	0x519D	CMP byte ptr [0x38cd],0x0	reject:not-a-string
1000:b868	JA	op0	0xB86D	0xD13D	JA 0x1000:b86d	reject:not-a-string
1000:b86a	JMP	op0	0xB90C	0xD1DC	JMP 0x1000:b90c	reject:not-a-string
1000:b871	CALLF	op0	0x08CB	0x1219B	CALLF 0x2000:08cb	reject:not-a-string
1000:b878	JZ	op0	0xB87D	0xD14D	JZ 0x1000:b87d	reject:not-a-string
1000:b87a	JMP	op0	0xB90C	0xD1DC	JMP 0x1000:b90c	reject:not-a-string
1000:b87d	LEA	op1	0xFF00	0x117D0	LEA DI,[BP + 0xff00]	reject:not-a-string
1000:b888	CALLF	op0	0x0267	0x11B37	CALLF 0x2000:0267	reject:not-a-string
1000:b891	CALLF	op0	0x08CB	0x1219B	CALLF 0x2000:08cb	reject:not-a-string
1000:b8a2	CALLF	op0	0x02E6	0x11BB6	CALLF 0x2000:02e6	reject:not-a-string
1000:b8ac	CALLF	op0	0x02E6	0x11BB6	CALLF 0x2000:02e6	reject:not-a-string
1000:b8b1	MOV	op1	0x3692	0x4F62	MOV AL,[0x3692]	reject:not-a-string
1000:b8bd	CALLF	op0	0x08CB	0x1219B	CALLF 0x2000:08cb	reject:not-a-string
1000:b8cf	CALLF	op0	0xF092	0x10962	CALLF 0x1000:f092	reject:not-a-string
1000:b8d4	MOV	op1	0x3ECC	0x579C	MOV DI,0x3ecc	reject:not-a-string
1000:b8d9	MOV	op1	0x3A72	0x5342	MOV DI,0x3a72	reject:not-a-string
1000:b8e2	CALLF	op0	0xFE46	0x11716	CALLF 0x1000:fe46	reject:not-a-string
1000:b8e7	CALLF	op0	0xFD1D	0x115ED	CALLF 0x1000:fd1d	reject:not-a-string
1000:b8ec	CALLF	op0	0xFA11	0x112E1	CALLF 0x1000:fa11	reject:not-a-string
1000:b905	CALLF	op0	0xF092	0x10962	CALLF 0x1000:f092	reject:not-a-string
1000:b90a	JMP	op0	0xB925	0xD1F5	JMP 0x1000:b925	reject:not-a-string
1000:b920	CALLF	op0	0xF092	0x10962	CALLF 0x1000:f092	reject:not-a-string
1000:b925	JMP	op0	0xB940	0xD210	JMP 0x1000:b940	reject:not-a-string
1000:b93b	CALLF	op0	0xF092	0x10962	CALLF 0x1000:f092	reject:not-a-string
1000:b940	MOV	op1	0x3972	0x5242	MOV DI,0x3972	reject:not-a-string
1000:b94a	CALLF	op0	0x0358	0x11C28	CALLF 0x2000:0358	reject:not-a-string
1000:b94f	JZ	op0	0xB954	0xD224	JZ 0x1000:b954	reject:not-a-string
1000:b951	JMP	op0	0xC4B4	0xDD84	JMP 0x1000:c4b4	reject:not-a-string
1000:b954	CMP	op0	0x3694	0x4F64	CMP byte ptr [0x3694],0x1	reject:not-a-string
1000:b959	JZ	op0	0xB95E	0xD22E	JZ 0x1000:b95e	reject:not-a-string
1000:b95b	JMP	op0	0xC49B	0xDD6B	JMP 0x1000:c49b	reject:not-a-string
1000:b95e	CMP	op0	0x3B76	0x5446	CMP byte ptr [0x3b76],0x0	reject:not-a-string
1000:b963	JZ	op0	0xB968	0xD238	JZ 0x1000:b968	reject:not-a-string
1000:b965	JMP	op0	0xC480	0xDD50	JMP 0x1000:c480	reject:not-a-string
1000:b97c	CALLF	op0	0xF092	0x10962	CALLF 0x1000:f092	reject:not-a-string
1000:b995	CALLF	op0	0xF092	0x10962	CALLF 0x1000:f092	reject:not-a-string
1000:b9ae	CALLF	op0	0xF092	0x10962	CALLF 0x1000:f092	reject:not-a-string
1000:b9b3	MOV	op1	0x0B2E	0x23FE	MOV AL,[0xb2e]	reject:not-a-string
1000:b9b8	CMP	op1	0x38C7	0x5197	CMP AX,word ptr [0x38c7]	reject:not-a-string
1000:b9bc	JLE	op0	0xB9C5	0xD295	JLE 0x1000:b9c5	reject:not-a-string
1000:b9be	MOV	op0	0x3B7A	0x544A	MOV byte ptr [0x3b7a],0x34	reject:not-a-string
1000:b9c3	JMP	op0	0xB9CA	0xD29A	JMP 0x1000:b9ca	reject:not-a-string
1000:b9c5	MOV	op0	0x3B7A	0x544A	MOV byte ptr [0x3b7a],0x30	reject:not-a-string
1000:b9ca	LEA	op1	0xFE00	0x116D0	LEA DI,[BP + 0xfe00]	reject:not-a-string
1000:b9d5	CALLF	op0	0x0267	0x11B37	CALLF 0x2000:0267	reject:not-a-string
1000:b9da	LEA	op1	0xFF00	0x117D0	LEA DI,[BP + 0xff00]	reject:not-a-string
1000:b9e0	MOV	op1	0x3B7A	0x544A	MOV AL,[0x3b7a]	reject:not-a-string
1000:b9e4	CALLF	op0	0x0383	0x11C53	CALLF 0x2000:0383	reject:not-a-string
1000:b9e9	CALLF	op0	0x02E6	0x11BB6	CALLF 0x2000:02e6	reject:not-a-string
1000:b9f3	CALLF	op0	0x02E6	0x11BB6	CALLF 0x2000:02e6	reject:not-a-string
1000:b9f8	MOV	op1	0x0B2E	0x23FE	MOV AL,[0xb2e]	reject:not-a-string
1000:ba0a	CALLF	op0	0xF092	0x10962	CALLF 0x1000:f092	reject:not-a-string
1000:ba0f	MOV	op1	0x0B2F	0x23FF	MOV AL,[0xb2f]	reject:not-a-string
1000:ba14	CMP	op1	0x38C7	0x5197	CMP AX,word ptr [0x38c7]	reject:not-a-string
1000:ba18	JLE	op0	0xBA21	0xD2F1	JLE 0x1000:ba21	reject:not-a-string
1000:ba1a	MOV	op0	0x3B7A	0x544A	MOV byte ptr [0x3b7a],0x34	reject:not-a-string
1000:ba1f	JMP	op0	0xBA26	0xD2F6	JMP 0x1000:ba26	reject:not-a-string
1000:ba21	MOV	op0	0x3B7A	0x544A	MOV byte ptr [0x3b7a],0x30	reject:not-a-string
1000:ba26	LEA	op1	0xFE00	0x116D0	LEA DI,[BP + 0xfe00]	reject:not-a-string
1000:ba31	CALLF	op0	0x0267	0x11B37	CALLF 0x2000:0267	reject:not-a-string
1000:ba36	LEA	op1	0xFF00	0x117D0	LEA DI,[BP + 0xff00]	reject:not-a-string
1000:ba3c	MOV	op1	0x3B7A	0x544A	MOV AL,[0x3b7a]	reject:not-a-string
1000:ba40	CALLF	op0	0x0383	0x11C53	CALLF 0x2000:0383	reject:not-a-string
1000:ba45	CALLF	op0	0x02E6	0x11BB6	CALLF 0x2000:02e6	reject:not-a-string
1000:ba4f	CALLF	op0	0x02E6	0x11BB6	CALLF 0x2000:02e6	reject:not-a-string
1000:ba54	MOV	op1	0x0B2F	0x23FF	MOV AL,[0xb2f]	reject:not-a-string
1000:ba67	CALLF	op0	0xF092	0x10962	CALLF 0x1000:f092	reject:not-a-string
1000:ba6c	MOV	op1	0x0B30	0x2400	MOV AL,[0xb30]	reject:not-a-string
1000:ba71	CMP	op1	0x38C7	0x5197	CMP AX,word ptr [0x38c7]	reject:not-a-string
1000:ba75	JLE	op0	0xBA7E	0xD34E	JLE 0x1000:ba7e	reject:not-a-string
1000:ba77	MOV	op0	0x3B7A	0x544A	MOV byte ptr [0x3b7a],0x34	reject:not-a-string
1000:ba7c	JMP	op0	0xBA83	0xD353	JMP 0x1000:ba83	reject:not-a-string
1000:ba7e	MOV	op0	0x3B7A	0x544A	MOV byte ptr [0x3b7a],0x30	reject:not-a-string
1000:ba83	LEA	op1	0xFE00	0x116D0	LEA DI,[BP + 0xfe00]	reject:not-a-string
1000:ba8e	CALLF	op0	0x0267	0x11B37	CALLF 0x2000:0267	reject:not-a-string
1000:ba93	LEA	op1	0xFF00	0x117D0	LEA DI,[BP + 0xff00]	reject:not-a-string
1000:ba99	MOV	op1	0x3B7A	0x544A	MOV AL,[0x3b7a]	reject:not-a-string
1000:ba9d	CALLF	op0	0x0383	0x11C53	CALLF 0x2000:0383	reject:not-a-string
1000:baa2	CALLF	op0	0x02E6	0x11BB6	CALLF 0x2000:02e6	reject:not-a-string
1000:baac	CALLF	op0	0x02E6	0x11BB6	CALLF 0x2000:02e6	reject:not-a-string
1000:bab1	MOV	op1	0x0B30	0x2400	MOV AL,[0xb30]	reject:not-a-string
1000:bac3	CALLF	op0	0xF092	0x10962	CALLF 0x1000:f092	reject:not-a-string
1000:bac8	MOV	op1	0x0B31	0x2401	MOV AL,[0xb31]	reject:not-a-string
1000:bacd	CMP	op1	0x38C7	0x5197	CMP AX,word ptr [0x38c7]	reject:not-a-string
1000:bad1	JLE	op0	0xBADA	0xD3AA	JLE 0x1000:bada	reject:not-a-string
1000:bad3	MOV	op0	0x3B7A	0x544A	MOV byte ptr [0x3b7a],0x34	reject:not-a-string
1000:bad8	JMP	op0	0xBADF	0xD3AF	JMP 0x1000:badf	reject:not-a-string
1000:bada	MOV	op0	0x3B7A	0x544A	MOV byte ptr [0x3b7a],0x30	reject:not-a-string
1000:badf	LEA	op1	0xFE00	0x116D0	LEA DI,[BP + 0xfe00]	reject:not-a-string
1000:baea	CALLF	op0	0x0267	0x11B37	CALLF 0x2000:0267	reject:not-a-string
1000:baef	LEA	op1	0xFF00	0x117D0	LEA DI,[BP + 0xff00]	reject:not-a-string
1000:baf5	MOV	op1	0x3B7A	0x544A	MOV AL,[0x3b7a]	reject:not-a-string
1000:baf9	CALLF	op0	0x0383	0x11C53	CALLF 0x2000:0383	reject:not-a-string
1000:bafe	CALLF	op0	0x02E6	0x11BB6	CALLF 0x2000:02e6	reject:not-a-string
1000:bb08	CALLF	op0	0x02E6	0x11BB6	CALLF 0x2000:02e6	reject:not-a-string
1000:bb0d	MOV	op1	0x0B31	0x2401	MOV AL,[0xb31]	reject:not-a-string
1000:bb1f	CALLF	op0	0xF092	0x10962	CALLF 0x1000:f092	reject:not-a-string
1000:bb24	MOV	op1	0x0B32	0x2402	MOV AL,[0xb32]	reject:not-a-string
1000:bb29	CMP	op1	0x38C7	0x5197	CMP AX,word ptr [0x38c7]	reject:not-a-string
1000:bb2d	JLE	op0	0xBB36	0xD406	JLE 0x1000:bb36	reject:not-a-string
1000:bb2f	MOV	op0	0x3B7A	0x544A	MOV byte ptr [0x3b7a],0x34	reject:not-a-string
1000:bb34	JMP	op0	0xBB3B	0xD40B	JMP 0x1000:bb3b	reject:not-a-string
1000:bb36	MOV	op0	0x3B7A	0x544A	MOV byte ptr [0x3b7a],0x30	reject:not-a-string
1000:bb3b	LEA	op1	0xFE00	0x116D0	LEA DI,[BP + 0xfe00]	reject:not-a-string
1000:bb46	CALLF	op0	0x0267	0x11B37	CALLF 0x2000:0267	reject:not-a-string
1000:bb4b	LEA	op1	0xFF00	0x117D0	LEA DI,[BP + 0xff00]	reject:not-a-string
1000:bb51	MOV	op1	0x3B7A	0x544A	MOV AL,[0x3b7a]	reject:not-a-string
1000:bb55	CALLF	op0	0x0383	0x11C53	CALLF 0x2000:0383	reject:not-a-string
1000:bb5a	CALLF	op0	0x02E6	0x11BB6	CALLF 0x2000:02e6	reject:not-a-string
1000:bb64	CALLF	op0	0x02E6	0x11BB6	CALLF 0x2000:02e6	reject:not-a-string
1000:bb69	MOV	op1	0x0B32	0x2402	MOV AL,[0xb32]	reject:not-a-string
1000:bb7b	CALLF	op0	0xF092	0x10962	CALLF 0x1000:f092	reject:not-a-string
1000:bb80	CMP	op0	0x3692	0x4F62	CMP byte ptr [0x3692],0x1	reject:not-a-string
1000:bb85	JA	op0	0xBB8A	0xD45A	JA 0x1000:bb8a	reject:not-a-string
1000:bb87	JMP	op0	0xBC42	0xD512	JMP 0x1000:bc42	reject:not-a-string
1000:bb8a	MOV	op1	0x0B33	0x2403	MOV AL,[0xb33]	reject:not-a-string
1000:bb8f	CMP	op1	0x38C7	0x5197	CMP AX,word ptr [0x38c7]	reject:not-a-string
1000:bb93	JLE	op0	0xBB9C	0xD46C	JLE 0x1000:bb9c	reject:not-a-string
1000:bb95	MOV	op0	0x3B7A	0x544A	MOV byte ptr [0x3b7a],0x34	reject:not-a-string
1000:bb9a	JMP	op0	0xBBA1	0xD471	JMP 0x1000:bba1	reject:not-a-string
1000:bb9c	MOV	op0	0x3B7A	0x544A	MOV byte ptr [0x3b7a],0x30	reject:not-a-string
1000:bba1	LEA	op1	0xFE00	0x116D0	LEA DI,[BP + 0xfe00]	reject:not-a-string
1000:bbac	CALLF	op0	0x0267	0x11B37	CALLF 0x2000:0267	reject:not-a-string
1000:bbb1	LEA	op1	0xFF00	0x117D0	LEA DI,[BP + 0xff00]	reject:not-a-string
1000:bbb7	MOV	op1	0x3B7A	0x544A	MOV AL,[0x3b7a]	reject:not-a-string
1000:bbbb	CALLF	op0	0x0383	0x11C53	CALLF 0x2000:0383	reject:not-a-string
1000:bbc0	CALLF	op0	0x02E6	0x11BB6	CALLF 0x2000:02e6	reject:not-a-string
1000:bbca	CALLF	op0	0x02E6	0x11BB6	CALLF 0x2000:02e6	reject:not-a-string
1000:bbcf	MOV	op1	0x0B33	0x2403	MOV AL,[0xb33]	reject:not-a-string
1000:bbe1	CALLF	op0	0xF092	0x10962	CALLF 0x1000:f092	reject:not-a-string
1000:bbe6	MOV	op1	0x0B34	0x2404	MOV AL,[0xb34]	reject:not-a-string
1000:bbeb	CMP	op1	0x38C7	0x5197	CMP AX,word ptr [0x38c7]	reject:not-a-string
1000:bbef	JLE	op0	0xBBF8	0xD4C8	JLE 0x1000:bbf8	reject:not-a-string
1000:bbf1	MOV	op0	0x3B7A	0x544A	MOV byte ptr [0x3b7a],0x34	reject:not-a-string
1000:bbf6	JMP	op0	0xBBFD	0xD4CD	JMP 0x1000:bbfd	reject:not-a-string
1000:bbf8	MOV	op0	0x3B7A	0x544A	MOV byte ptr [0x3b7a],0x30	reject:not-a-string
1000:bbfd	LEA	op1	0xFE00	0x116D0	LEA DI,[BP + 0xfe00]	reject:not-a-string
1000:bc08	CALLF	op0	0x0267	0x11B37	CALLF 0x2000:0267	reject:not-a-string
1000:bc0d	LEA	op1	0xFF00	0x117D0	LEA DI,[BP + 0xff00]	reject:not-a-string
1000:bc13	MOV	op1	0x3B7A	0x544A	MOV AL,[0x3b7a]	reject:not-a-string
1000:bc17	CALLF	op0	0x0383	0x11C53	CALLF 0x2000:0383	reject:not-a-string
1000:bc1c	CALLF	op0	0x02E6	0x11BB6	CALLF 0x2000:02e6	reject:not-a-string
1000:bc26	CALLF	op0	0x02E6	0x11BB6	CALLF 0x2000:02e6	reject:not-a-string
1000:bc2b	MOV	op1	0x0B34	0x2404	MOV AL,[0xb34]	reject:not-a-string
1000:bc3d	CALLF	op0	0xF092	0x10962	CALLF 0x1000:f092	reject:not-a-string
1000:bc42	CMP	op0	0x3692	0x4F62	CMP byte ptr [0x3692],0x2	reject:not-a-string
1000:bc47	JBE	op0	0xBCA5	0xD575	JBE 0x1000:bca5	reject:not-a-string
1000:bc49	MOV	op1	0x0B35	0x2405	MOV AL,[0xb35]	reject:not-a-string
1000:bc4e	CMP	op1	0x38C7	0x5197	CMP AX,word ptr [0x38c7]	reject:not-a-string
1000:bc52	JLE	op0	0xBC5B	0xD52B	JLE 0x1000:bc5b	reject:not-a-string
1000:bc54	MOV	op0	0x3B7A	0x544A	MOV byte ptr [0x3b7a],0x34	reject:not-a-string
1000:bc59	JMP	op0	0xBC60	0xD530	JMP 0x1000:bc60	reject:not-a-string
1000:bc5b	MOV	op0	0x3B7A	0x544A	MOV byte ptr [0x3b7a],0x30	reject:not-a-string
1000:bc60	LEA	op1	0xFE00	0x116D0	LEA DI,[BP + 0xfe00]	reject:not-a-string
1000:bc6b	CALLF	op0	0x0267	0x11B37	CALLF 0x2000:0267	reject:not-a-string
1000:bc70	LEA	op1	0xFF00	0x117D0	LEA DI,[BP + 0xff00]	reject:not-a-string
1000:bc76	MOV	op1	0x3B7A	0x544A	MOV AL,[0x3b7a]	reject:not-a-string
1000:bc7a	CALLF	op0	0x0383	0x11C53	CALLF 0x2000:0383	reject:not-a-string
1000:bc7f	CALLF	op0	0x02E6	0x11BB6	CALLF 0x2000:02e6	reject:not-a-string
1000:bc89	CALLF	op0	0x02E6	0x11BB6	CALLF 0x2000:02e6	reject:not-a-string
1000:bc8e	MOV	op1	0x0B35	0x2405	MOV AL,[0xb35]	reject:not-a-string
1000:bca0	CALLF	op0	0xF092	0x10962	CALLF 0x1000:f092	reject:not-a-string
1000:bca5	CMP	op0	0x3692	0x4F62	CMP byte ptr [0x3692],0x3	reject:not-a-string
1000:bcaa	JBE	op0	0xBD08	0xD5D8	JBE 0x1000:bd08	reject:not-a-string
1000:bcac	MOV	op1	0x0B36	0x2406	MOV AL,[0xb36]	reject:not-a-string
1000:bcb1	CMP	op1	0x38C7	0x5197	CMP AX,word ptr [0x38c7]	reject:not-a-string
1000:bcb5	JLE	op0	0xBCBE	0xD58E	JLE 0x1000:bcbe	reject:not-a-string
1000:bcb7	MOV	op0	0x3B7A	0x544A	MOV byte ptr [0x3b7a],0x34	reject:not-a-string
1000:bcbc	JMP	op0	0xBCC3	0xD593	JMP 0x1000:bcc3	reject:not-a-string
1000:bcbe	MOV	op0	0x3B7A	0x544A	MOV byte ptr [0x3b7a],0x30	reject:not-a-string
1000:bcc3	LEA	op1	0xFE00	0x116D0	LEA DI,[BP + 0xfe00]	reject:not-a-string
1000:bcce	CALLF	op0	0x0267	0x11B37	CALLF 0x2000:0267	reject:not-a-string
1000:bcd3	LEA	op1	0xFF00	0x117D0	LEA DI,[BP + 0xff00]	reject:not-a-string
1000:bcd9	MOV	op1	0x3B7A	0x544A	MOV AL,[0x3b7a]	reject:not-a-string
1000:bcdd	CALLF	op0	0x0383	0x11C53	CALLF 0x2000:0383	reject:not-a-string
1000:bce2	CALLF	op0	0x02E6	0x11BB6	CALLF 0x2000:02e6	reject:not-a-string
1000:bcec	CALLF	op0	0x02E6	0x11BB6	CALLF 0x2000:02e6	reject:not-a-string
1000:bcf1	MOV	op1	0x0B36	0x2406	MOV AL,[0xb36]	reject:not-a-string
1000:bd03	CALLF	op0	0xF092	0x10962	CALLF 0x1000:f092	reject:not-a-string
1000:bd1c	CALLF	op0	0xEED0	0x107A0	CALLF 0x1000:eed0	reject:not-a-string
1000:bd21	MOV	op1	0x3ECC	0x579C	MOV DI,0x3ecc	reject:not-a-string
1000:bd26	MOV	op1	0x3A72	0x5342	MOV DI,0x3a72	reject:not-a-string
1000:bd2f	CALLF	op0	0xFE46	0x11716	CALLF 0x1000:fe46	reject:not-a-string
1000:bd34	CALLF	op0	0xFD1D	0x115ED	CALLF 0x1000:fd1d	reject:not-a-string
1000:bd39	CALLF	op0	0xFA11	0x112E1	CALLF 0x1000:fa11	reject:not-a-string
1000:bd3e	MOV	op1	0x3A72	0x5342	MOV DI,0x3a72	reject:not-a-string
1000:bd43	CALLF	op0	0xF0E6	0x109B6	CALLF 0x1000:f0e6	reject:not-a-string
1000:bd48	MOV	op1	0x3A72	0x5342	MOV DI,0x3a72	reject:not-a-string
1000:bd4d	MOV	op1	0x8DCA	0xA69A	MOV DI,0x8dca	reject:not-a-string
1000:bd52	CALLF	op0	0x0358	0x11C28	CALLF 0x2000:0358	reject:not-a-string
1000:bd57	JZ	op0	0xBD5C	0xD62C	JZ 0x1000:bd5c	reject:not-a-string
1000:bd59	JMP	op0	0xBE0A	0xD6DA	JMP 0x1000:be0a	reject:not-a-string
1000:bd5c	CMP	op0	0x38B0	0x5180	CMP byte ptr [0x38b0],0x1	reject:not-a-string
1000:bd61	JNZ	op0	0xBD7F	0xD64F	JNZ 0x1000:bd7f	reject:not-a-string
1000:bd77	CALLF	op0	0xF092	0x10962	CALLF 0x1000:f092	reject:not-a-string
1000:bd7c	JMP	op0	0xBE0A	0xD6DA	JMP 0x1000:be0a	reject:not-a-string
1000:bd7f	MOV	op1	0x38AC	0x517C	MOV AX,[0x38ac]	reject:not-a-string
1000:bd82	CMP	op1	0x38AE	0x517E	CMP AX,word ptr [0x38ae]	reject:not-a-string
1000:bd86	JGE	op0	0xBDF1	0xD6C1	JGE 0x1000:bdf1	reject:not-a-string
1000:bd88	MOV	op1	0x0B2E	0x23FE	MOV AL,[0xb2e]	reject:not-a-string
1000:bd8d	CMP	op1	0x38C7	0x5197	CMP AX,word ptr [0x38c7]	reject:not-a-string
1000:bd91	JLE	op0	0xBDAE	0xD67E	JLE 0x1000:bdae	reject:not-a-string
1000:bda7	CALLF	op0	0xF092	0x10962	CALLF 0x1000:f092	reject:not-a-string
1000:bdac	JMP	op0	0xBDEF	0xD6BF	JMP 0x1000:bdef	reject:not-a-string
1000:bdae	MOV	op1	0x0B2E	0x23FE	MOV AL,[0xb2e]	reject:not-a-string
1000:bdb3	SUB	op0	0x38C7	0x5197	SUB word ptr [0x38c7],AX	reject:not-a-string
1000:bdbb	CALLF	op0	0x08CB	0x1219B	CALLF 0x2000:08cb	reject:not-a-string
1000:bdc3	ADD	op0	0x38AC	0x517C	ADD word ptr [0x38ac],AX	reject:not-a-string
1000:bdc7	MOV	op1	0x38AC	0x517C	MOV AX,[0x38ac]	reject:not-a-string
1000:bdca	CMP	op1	0x38AE	0x517E	CMP AX,word ptr [0x38ae]	reject:not-a-string
1000:bdce	JLE	op0	0xBDD6	0xD6A6	JLE 0x1000:bdd6	reject:not-a-string
1000:bdd0	MOV	op1	0x38AE	0x517E	MOV AX,[0x38ae]	reject:not-a-string
1000:bdd3	MOV	op0	0x38AC	0x517C	MOV [0x38ac],AX	reject:not-a-string
1000:bdea	CALLF	op0	0xF092	0x10962	CALLF 0x1000:f092	reject:not-a-string
1000:bdef	JMP	op0	0xBE0A	0xD6DA	JMP 0x1000:be0a	reject:not-a-string
1000:be05	CALLF	op0	0xF092	0x10962	CALLF 0x1000:f092	reject:not-a-string
1000:be0a	MOV	op1	0x3A72	0x5342	MOV DI,0x3a72	reject:not-a-string
1000:be0f	MOV	op1	0x8E4B	0xA71B	MOV DI,0x8e4b	reject:not-a-string
1000:be14	CALLF	op0	0x0358	0x11C28	CALLF 0x2000:0358	reject:not-a-string
1000:be19	JZ	op0	0xBE1E	0xD6EE	JZ 0x1000:be1e	reject:not-a-string
1000:be1b	JMP	op0	0xBEB8	0xD788	JMP 0x1000:beb8	reject:not-a-string
1000:be1e	MOV	op1	0x0B2F	0x23FF	MOV AL,[0xb2f]	reject:not-a-string
1000:be23	CMP	op1	0x38C7	0x5197	CMP AX,word ptr [0x38c7]	reject:not-a-string
1000:be27	JLE	op0	0xBE44	0xD714	JLE 0x1000:be44	reject:not-a-string
1000:be3d	CALLF	op0	0xF092	0x10962	CALLF 0x1000:f092	reject:not-a-string
1000:be42	JMP	op0	0xBEB8	0xD788	JMP 0x1000:beb8	reject:not-a-string
1000:be44	MOV	op1	0x0B2F	0x23FF	MOV AL,[0xb2f]	reject:not-a-string
1000:be49	SUB	op0	0x38C7	0x5197	SUB word ptr [0x38c7],AX	reject:not-a-string
1000:be51	CALLF	op0	0x08CB	0x1219B	CALLF 0x2000:08cb	reject:not-a-string
1000:be59	JNZ	op0	0xBE76	0xD746	JNZ 0x1000:be76	reject:not-a-string
1000:be6f	CALLF	op0	0xF092	0x10962	CALLF 0x1000:f092	reject:not-a-string
1000:be74	JMP	op0	0xBEB4	0xD784	JMP 0x1000:beb4	reject:not-a-string
1000:be79	JNZ	op0	0xBE96	0xD766	JNZ 0x1000:be96	reject:not-a-string
1000:be8f	CALLF	op0	0xF092	0x10962	CALLF 0x1000:f092	reject:not-a-string
1000:be94	JMP	op0	0xBEB4	0xD784	JMP 0x1000:beb4	reject:not-a-string
1000:be99	JNZ	op0	0xBEB4	0xD784	JNZ 0x1000:beb4	reject:not-a-string
1000:beaf	CALLF	op0	0xF092	0x10962	CALLF 0x1000:f092	reject:not-a-string
1000:beb4	INC	op0	0x38C3	0x5193	INC word ptr [0x38c3]	reject:not-a-string
1000:beb8	MOV	op1	0x3A72	0x5342	MOV DI,0x3a72	reject:not-a-string
1000:bebd	MOV	op1	0x8EA5	0xA775	MOV DI,0x8ea5	reject:not-a-string
1000:bec2	CALLF	op0	0x0358	0x11C28	CALLF 0x2000:0358	reject:not-a-string
1000:bec7	JNZ	op0	0xBF38	0xD808	JNZ 0x1000:bf38	reject:not-a-string
1000:bec9	CMP	op0	0x38B3	0x5183	CMP byte ptr [0x38b3],0x0	reject:not-a-string
1000:bece	JNZ	op0	0xBF1F	0xD7EF	JNZ 0x1000:bf1f	reject:not-a-string
1000:bed0	MOV	op1	0x0B30	0x2400	MOV AL,[0xb30]	reject:not-a-string
1000:bed5	CMP	op1	0x38C7	0x5197	CMP AX,word ptr [0x38c7]	reject:not-a-string
1000:bed9	JLE	op0	0xBEF6	0xD7C6	JLE 0x1000:bef6	reject:not-a-string
1000:beef	CALLF	op0	0xF092	0x10962	CALLF 0x1000:f092	reject:not-a-string
1000:bef4	JMP	op0	0xBF1D	0xD7ED	JMP 0x1000:bf1d	reject:not-a-string
1000:bef6	MOV	op0	0x38B3	0x5183	MOV byte ptr [0x38b3],0x1	reject:not-a-string
1000:befb	MOV	op1	0x0B30	0x2400	MOV AL,[0xb30]	reject:not-a-string
1000:bf00	SUB	op0	0x38C7	0x5197	SUB word ptr [0x38c7],AX	reject:not-a-string
1000:bf18	CALLF	op0	0xF092	0x10962	CALLF 0x1000:f092	reject:not-a-string
1000:bf1d	JMP	op0	0xBF38	0xD808	JMP 0x1000:bf38	reject:not-a-string
1000:bf33	CALLF	op0	0xF092	0x10962	CALLF 0x1000:f092	reject:not-a-string
1000:bf38	MOV	op1	0x3A72	0x5342	MOV DI,0x3a72	reject:not-a-string
1000:bf3d	MOV	op1	0x8EF7	0xA7C7	MOV DI,0x8ef7	reject:not-a-string
1000:bf42	CALLF	op0	0x0358	0x11C28	CALLF 0x2000:0358	reject:not-a-string
1000:bf47	JZ	op0	0xBF4C	0xD81C	JZ 0x1000:bf4c	reject:not-a-string
1000:bf49	JMP	op0	0xBFE1	0xD8B1	JMP 0x1000:bfe1	reject:not-a-string
1000:bf4c	CMP	op0	0x38B7	0x5187	CMP byte ptr [0x38b7],0x0	reject:not-a-string
1000:bf51	JNZ	op0	0xBFC8	0xD898	JNZ 0x1000:bfc8	reject:not-a-string
1000:bf53	CMP	op0	0x38B4	0x5184	CMP byte ptr [0x38b4],0x0	reject:not-a-string
1000:bf58	JNZ	op0	0xBFAD	0xD87D	JNZ 0x1000:bfad	reject:not-a-string
1000:bf5a	MOV	op1	0x0B31	0x2401	MOV AL,[0xb31]	reject:not-a-string
1000:bf5f	CMP	op1	0x38C7	0x5197	CMP AX,word ptr [0x38c7]	reject:not-a-string
1000:bf63	JLE	op0	0xBF80	0xD850	JLE 0x1000:bf80	reject:not-a-string
1000:bf79	CALLF	op0	0xF092	0x10962	CALLF 0x1000:f092	reject:not-a-string
1000:bf7e	JMP	op0	0xBFAB	0xD87B	JMP 0x1000:bfab	reject:not-a-string
1000:bf80	MOV	op0	0x38B4	0x5184	MOV byte ptr [0x38b4],0x1	reject:not-a-string
1000:bf85	MOV	op1	0x0B31	0x2401	MOV AL,[0xb31]	reject:not-a-string
1000:bf8a	SUB	op0	0x38C7	0x5197	SUB word ptr [0x38c7],AX	reject:not-a-string
1000:bfa2	CALLF	op0	0xF092	0x10962	CALLF 0x1000:f092	reject:not-a-string
1000:bfa7	INC	op0	0x38B2	0x5182	INC byte ptr [0x38b2]	reject:not-a-string
1000:bfab	JMP	op0	0xBFC6	0xD896	JMP 0x1000:bfc6	reject:not-a-string
1000:bfc1	CALLF	op0	0xF092	0x10962	CALLF 0x1000:f092	reject:not-a-string
1000:bfc6	JMP	op0	0xBFE1	0xD8B1	JMP 0x1000:bfe1	reject:not-a-string
1000:bfdc	CALLF	op0	0xF092	0x10962	CALLF 0x1000:f092	reject:not-a-string
1000:bfe1	MOV	op1	0x3A72	0x5342	MOV DI,0x3a72	reject:not-a-string
1000:bfe6	MOV	op1	0x8F6B	0xA83B	MOV DI,0x8f6b	reject:not-a-string
1000:bfeb	CALLF	op0	0x0358	0x11C28	CALLF 0x2000:0358	reject:not-a-string
1000:bff0	JZ	op0	0xBFF5	0xD8C5	JZ 0x1000:bff5	reject:not-a-string
1000:bff2	JMP	op0	0xC08E	0xD95E	JMP 0x1000:c08e	reject:not-a-string
1000:bff5	CMP	op0	0x38B8	0x5188	CMP byte ptr [0x38b8],0x0	reject:not-a-string
1000:bffa	JNZ	op0	0xC075	0xD945	JNZ 0x1000:c075	reject:not-a-string
1000:bffc	CMP	op0	0x38B5	0x5185	CMP byte ptr [0x38b5],0x0	reject:not-a-string
1000:c001	JNZ	op0	0xC05A	0xD92A	JNZ 0x1000:c05a	reject:not-a-string
1000:c003	MOV	op1	0x0B32	0x2402	MOV AL,[0xb32]	reject:not-a-string
1000:c008	CMP	op1	0x38C7	0x5197	CMP AX,word ptr [0x38c7]	reject:not-a-string
1000:c00c	JLE	op0	0xC029	0xD8F9	JLE 0x1000:c029	reject:not-a-string
1000:c022	CALLF	op0	0xF092	0x10962	CALLF 0x1000:f092	reject:not-a-string
1000:c027	JMP	op0	0xC058	0xD928	JMP 0x1000:c058	reject:not-a-string
1000:c029	MOV	op0	0x38B5	0x5185	MOV byte ptr [0x38b5],0x1	reject:not-a-string
1000:c02e	MOV	op1	0x0B32	0x2402	MOV AL,[0xb32]	reject:not-a-string
1000:c033	SUB	op0	0x38C7	0x5197	SUB word ptr [0x38c7],AX	reject:not-a-string
1000:c04b	CALLF	op0	0xF092	0x10962	CALLF 0x1000:f092	reject:not-a-string
1000:c050	INC	op0	0x38A8	0x5178	INC word ptr [0x38a8]	reject:not-a-string
1000:c054	INC	op0	0x38AA	0x517A	INC word ptr [0x38aa]	reject:not-a-string
1000:c058	JMP	op0	0xC073	0xD943	JMP 0x1000:c073	reject:not-a-string
1000:c06e	CALLF	op0	0xF092	0x10962	CALLF 0x1000:f092	reject:not-a-string
1000:c073	JMP	op0	0xC08E	0xD95E	JMP 0x1000:c08e	reject:not-a-string
1000:c089	CALLF	op0	0xF092	0x10962	CALLF 0x1000:f092	reject:not-a-string
1000:c08e	CMP	op0	0x3692	0x4F62	CMP byte ptr [0x3692],0x1	reject:not-a-string
1000:c093	JA	op0	0xC098	0xD968	JA 0x1000:c098	reject:not-a-string
1000:c095	JMP	op0	0xC142	0xDA12	JMP 0x1000:c142	reject:not-a-string
1000:c098	MOV	op1	0x3A72	0x5342	MOV DI,0x3a72	reject:not-a-string
1000:c09d	MOV	op1	0x8FC6	0xA896	MOV DI,0x8fc6	reject:not-a-string
1000:c0a2	CALLF	op0	0x0358	0x11C28	CALLF 0x2000:0358	reject:not-a-string
1000:c0a7	JZ	op0	0xC0AC	0xD97C	JZ 0x1000:c0ac	reject:not-a-string
1000:c0a9	JMP	op0	0xC142	0xDA12	JMP 0x1000:c142	reject:not-a-string
1000:c0ac	CMP	op0	0x38B9	0x5189	CMP byte ptr [0x38b9],0x0	reject:not-a-string
1000:c0b1	JNZ	op0	0xC129	0xD9F9	JNZ 0x1000:c129	reject:not-a-string
1000:c0b3	CMP	op0	0x38B6	0x5186	CMP byte ptr [0x38b6],0x0	reject:not-a-string
1000:c0b8	JNZ	op0	0xC10E	0xD9DE	JNZ 0x1000:c10e	reject:not-a-string
1000:c0ba	MOV	op1	0x0B33	0x2403	MOV AL,[0xb33]	reject:not-a-string
1000:c0bf	CMP	op1	0x38C7	0x5197	CMP AX,word ptr [0x38c7]	reject:not-a-string
1000:c0c3	JLE	op0	0xC0E0	0xD9B0	JLE 0x1000:c0e0	reject:not-a-string
1000:c0d9	CALLF	op0	0xF092	0x10962	CALLF 0x1000:f092	reject:not-a-string
1000:c0de	JMP	op0	0xC10C	0xD9DC	JMP 0x1000:c10c	reject:not-a-string
1000:c0e0	MOV	op0	0x38B6	0x5186	MOV byte ptr [0x38b6],0x1	reject:not-a-string
1000:c0e5	MOV	op1	0x0B33	0x2403	MOV AL,[0xb33]	reject:not-a-string
1000:c0ea	SUB	op0	0x38C7	0x5197	SUB word ptr [0x38c7],AX	reject:not-a-string
1000:c102	CALLF	op0	0xF092	0x10962	CALLF 0x1000:f092	reject:not-a-string
1000:c107	ADD	op0	0x38B2	0x5182	ADD byte ptr [0x38b2],0x2	reject:not-a-string
1000:c10c	JMP	op0	0xC127	0xD9F7	JMP 0x1000:c127	reject:not-a-string
1000:c122	CALLF	op0	0xF092	0x10962	CALLF 0x1000:f092	reject:not-a-string
1000:c127	JMP	op0	0xC142	0xDA12	JMP 0x1000:c142	reject:not-a-string
1000:c13d	CALLF	op0	0xF092	0x10962	CALLF 0x1000:f092	reject:not-a-string
1000:c142	MOV	op1	0x3A72	0x5342	MOV DI,0x3a72	reject:not-a-string
1000:c147	MOV	op1	0x9023	0xA8F3	MOV DI,0x9023	reject:not-a-string
1000:c14c	CALLF	op0	0x0358	0x11C28	CALLF 0x2000:0358	reject:not-a-string
1000:c151	JZ	op0	0xC156	0xDA26	JZ 0x1000:c156	reject:not-a-string
1000:c153	JMP	op0	0xC1D7	0xDAA7	JMP 0x1000:c1d7	reject:not-a-string
1000:c156	CMP	op0	0x38B7	0x5187	CMP byte ptr [0x38b7],0x0	reject:not-a-string
1000:c15b	JNZ	op0	0xC1BE	0xDA8E	JNZ 0x1000:c1be	reject:not-a-string
1000:c15d	MOV	op1	0x0B34	0x2404	MOV AL,[0xb34]	reject:not-a-string
1000:c162	CMP	op1	0x38C7	0x5197	CMP AX,word ptr [0x38c7]	reject:not-a-string
1000:c166	JLE	op0	0xC183	0xDA53	JLE 0x1000:c183	reject:not-a-string
1000:c17c	CALLF	op0	0xF092	0x10962	CALLF 0x1000:f092	reject:not-a-string
1000:c181	JMP	op0	0xC1BC	0xDA8C	JMP 0x1000:c1bc	reject:not-a-string
1000:c183	MOV	op0	0x38B7	0x5187	MOV byte ptr [0x38b7],0x1	reject:not-a-string
1000:c188	MOV	op1	0x0B34	0x2404	MOV AL,[0xb34]	reject:not-a-string
1000:c18d	SUB	op0	0x38C7	0x5197	SUB word ptr [0x38c7],AX	reject:not-a-string
1000:c1a5	CALLF	op0	0xF092	0x10962	CALLF 0x1000:f092	reject:not-a-string
1000:c1aa	CMP	op0	0x38B4	0x5184	CMP byte ptr [0x38b4],0x0	reject:not-a-string
1000:c1af	JZ	op0	0xC1B7	0xDA87	JZ 0x1000:c1b7	reject:not-a-string
1000:c1b1	INC	op0	0x38B2	0x5182	INC byte ptr [0x38b2]	reject:not-a-string
1000:c1b5	JMP	op0	0xC1BC	0xDA8C	JMP 0x1000:c1bc	reject:not-a-string
1000:c1b7	ADD	op0	0x38B2	0x5182	ADD byte ptr [0x38b2],0x2	reject:not-a-string
1000:c1bc	JMP	op0	0xC1D7	0xDAA7	JMP 0x1000:c1d7	reject:not-a-string
1000:c1d2	CALLF	op0	0xF092	0x10962	CALLF 0x1000:f092	reject:not-a-string
1000:c1d7	CMP	op0	0x3692	0x4F62	CMP byte ptr [0x3692],0x2	reject:not-a-string
1000:c1dc	JA	op0	0xC1E1	0xDAB1	JA 0x1000:c1e1	reject:not-a-string
1000:c1de	JMP	op0	0xC27F	0xDB4F	JMP 0x1000:c27f	reject:not-a-string
1000:c1e1	MOV	op1	0x3A72	0x5342	MOV DI,0x3a72	reject:not-a-string
1000:c1e6	MOV	op1	0x9055	0xA925	MOV DI,0x9055	reject:not-a-string
1000:c1eb	CALLF	op0	0x0358	0x11C28	CALLF 0x2000:0358	reject:not-a-string
1000:c1f0	JZ	op0	0xC1F5	0xDAC5	JZ 0x1000:c1f5	reject:not-a-string
1000:c1f2	JMP	op0	0xC27F	0xDB4F	JMP 0x1000:c27f	reject:not-a-string
1000:c1f5	CMP	op0	0x38B8	0x5188	CMP byte ptr [0x38b8],0x0	reject:not-a-string
1000:c1fa	JNZ	op0	0xC266	0xDB36	JNZ 0x1000:c266	reject:not-a-string
1000:c1fc	MOV	op1	0x0B35	0x2405	MOV AL,[0xb35]	reject:not-a-string
1000:c201	CMP	op1	0x38C7	0x5197	CMP AX,word ptr [0x38c7]	reject:not-a-string
1000:c205	JLE	op0	0xC222	0xDAF2	JLE 0x1000:c222	reject:not-a-string
1000:c21b	CALLF	op0	0xF092	0x10962	CALLF 0x1000:f092	reject:not-a-string
1000:c220	JMP	op0	0xC264	0xDB34	JMP 0x1000:c264	reject:not-a-string
1000:c222	MOV	op0	0x38B8	0x5188	MOV byte ptr [0x38b8],0x1	reject:not-a-string
1000:c227	MOV	op1	0x0B35	0x2405	MOV AL,[0xb35]	reject:not-a-string
1000:c22c	SUB	op0	0x38C7	0x5197	SUB word ptr [0x38c7],AX	reject:not-a-string
1000:c244	CALLF	op0	0xF092	0x10962	CALLF 0x1000:f092	reject:not-a-string
1000:c249	CMP	op0	0x38B5	0x5185	CMP byte ptr [0x38b5],0x0	reject:not-a-string
1000:c24e	JZ	op0	0xC25A	0xDB2A	JZ 0x1000:c25a	reject:not-a-string
1000:c250	INC	op0	0x38A8	0x5178	INC word ptr [0x38a8]	reject:not-a-string
1000:c254	INC	op0	0x38AA	0x517A	INC word ptr [0x38aa]	reject:not-a-string
1000:c258	JMP	op0	0xC264	0xDB34	JMP 0x1000:c264	reject:not-a-string
1000:c25a	ADD	op0	0x38A8	0x5178	ADD word ptr [0x38a8],0x2	reject:not-a-string
1000:c25f	ADD	op0	0x38AA	0x517A	ADD word ptr [0x38aa],0x2	reject:not-a-string
1000:c264	JMP	op0	0xC27F	0xDB4F	JMP 0x1000:c27f	reject:not-a-string
1000:c27a	CALLF	op0	0xF092	0x10962	CALLF 0x1000:f092	reject:not-a-string
1000:c27f	CMP	op0	0x3692	0x4F62	CMP byte ptr [0x3692],0x3	reject:not-a-string
1000:c284	JA	op0	0xC289	0xDB59	JA 0x1000:c289	reject:not-a-string
1000:c286	JMP	op0	0xC31F	0xDBEF	JMP 0x1000:c31f	reject:not-a-string
1000:c289	MOV	op1	0x3A72	0x5342	MOV DI,0x3a72	reject:not-a-string
1000:c28e	MOV	op1	0x906A	0xA93A	MOV DI,0x906a	reject:not-a-string
1000:c293	CALLF	op0	0x0358	0x11C28	CALLF 0x2000:0358	reject:not-a-string
1000:c298	JZ	op0	0xC29D	0xDB6D	JZ 0x1000:c29d	reject:not-a-string
1000:c29a	JMP	op0	0xC31F	0xDBEF	JMP 0x1000:c31f	reject:not-a-string
1000:c29d	CMP	op0	0x38B9	0x5189	CMP byte ptr [0x38b9],0x0	reject:not-a-string
1000:c2a2	JNZ	op0	0xC306	0xDBD6	JNZ 0x1000:c306	reject:not-a-string
1000:c2a4	MOV	op1	0x0B36	0x2406	MOV AL,[0xb36]	reject:not-a-string
1000:c2a9	CMP	op1	0x38C7	0x5197	CMP AX,word ptr [0x38c7]	reject:not-a-string
1000:c2ad	JLE	op0	0xC2CA	0xDB9A	JLE 0x1000:c2ca	reject:not-a-string
1000:c2c3	CALLF	op0	0xF092	0x10962	CALLF 0x1000:f092	reject:not-a-string
1000:c2c8	JMP	op0	0xC304	0xDBD4	JMP 0x1000:c304	reject:not-a-string
1000:c2ca	MOV	op0	0x38B9	0x5189	MOV byte ptr [0x38b9],0x1	reject:not-a-string
1000:c2cf	MOV	op1	0x0B36	0x2406	MOV AL,[0xb36]	reject:not-a-string
1000:c2d4	SUB	op0	0x38C7	0x5197	SUB word ptr [0x38c7],AX	reject:not-a-string
1000:c2ec	CALLF	op0	0xF092	0x10962	CALLF 0x1000:f092	reject:not-a-string
1000:c2f1	CMP	op0	0x38B6	0x5186	CMP byte ptr [0x38b6],0x0	reject:not-a-string
1000:c2f6	JZ	op0	0xC2FF	0xDBCF	JZ 0x1000:c2ff	reject:not-a-string
1000:c2f8	ADD	op0	0x38B2	0x5182	ADD byte ptr [0x38b2],0x2	reject:not-a-string
1000:c2fd	JMP	op0	0xC304	0xDBD4	JMP 0x1000:c304	reject:not-a-string
1000:c2ff	ADD	op0	0x38B2	0x5182	ADD byte ptr [0x38b2],0x4	reject:not-a-string
1000:c304	JMP	op0	0xC31F	0xDBEF	JMP 0x1000:c31f	reject:not-a-string
1000:c31a	CALLF	op0	0xF092	0x10962	CALLF 0x1000:f092	reject:not-a-string
1000:c31f	MOV	op1	0x3A72	0x5342	MOV DI,0x3a72	reject:not-a-string
1000:c324	MOV	op1	0x9089	0xA959	MOV DI,0x9089	reject:not-a-string
1000:c329	CALLF	op0	0x0358	0x11C28	CALLF 0x2000:0358	reject:not-a-string
1000:c32e	JZ	op0	0xC333	0xDC03	JZ 0x1000:c333	reject:not-a-string
1000:c330	JMP	op0	0xC46A	0xDD3A	JMP 0x1000:c46a	reject:not-a-string
1000:c333	MOV	op1	0x3692	0x4F62	MOV AL,[0x3692]	reject:not-a-string
1000:c344	CALLF	op0	0x08CB	0x1219B	CALLF 0x2000:08cb	reject:not-a-string
1000:c34f	MOV	op1	0x38A4	0x5174	MOV AX,[0x38a4]	reject:not-a-string
1000:c355	JG	op0	0xC35D	0xDC2D	JG 0x1000:c35d	reject:not-a-string
1000:c357	JL	op0	0xC3CD	0xDC9D	JL 0x1000:c3cd	reject:not-a-string
1000:c35b	JC	op0	0xC3CD	0xDC9D	JC 0x1000:c3cd	reject:not-a-string
1000:c361	CALLF	op0	0x08CB	0x1219B	CALLF 0x2000:08cb	reject:not-a-string
1000:c369	JNC	op0	0xC3CD	0xDC9D	JNC 0x1000:c3cd	reject:not-a-string
1000:c36b	MOV	op1	0x38A4	0x5174	MOV AX,[0x38a4]	reject:not-a-string
1000:c371	CALLF	op0	0x08CB	0x1219B	CALLF 0x2000:08cb	reject:not-a-string
1000:c377	MOV	op0	0x3B74	0x5444	MOV [0x3b74],AX	reject:not-a-string
1000:c37a	MOV	op1	0x3B74	0x5444	MOV AX,[0x3b74]	reject:not-a-string
1000:c37d	ADD	op0	0x38C7	0x5197	ADD word ptr [0x38c7],AX	reject:not-a-string
1000:c386	PUSH	op0	0x3B74	0x5444	PUSH word ptr [0x3b74]	reject:not-a-string
1000:c396	CALLF	op0	0xF092	0x10962	CALLF 0x1000:f092	reject:not-a-string
1000:c3a0	MOV	op1	0x3692	0x4F62	MOV AL,[0x3692]	reject:not-a-string
1000:c3b4	CALLF	op0	0xF092	0x10962	CALLF 0x1000:f092	reject:not-a-string
1000:c3b9	MOV	op1	0x3692	0x4F62	MOV AL,[0x3692]	reject:not-a-string
1000:c3c0	ADD	op0	0x38CE	0x519E	ADD word ptr [0x38ce],AX	reject:not-a-string
1000:c3c7	CALL	op0	0x2526	0x3DF6	CALL 0x1000:2526	reject:not-a-string
1000:c3ca	JMP	op0	0xC46A	0xDD3A	JMP 0x1000:c46a	reject:not-a-string
1000:c3d0	CALL	op0	0x0D14	0x25E4	CALL 0x1000:0d14	reject:not-a-string
1000:c3d3	MOV	op0	0x3B72	0x5442	MOV byte ptr [0x3b72],0x1	reject:not-a-string
1000:c3ec	CALLF	op0	0xF092	0x10962	CALLF 0x1000:f092	reject:not-a-string
1000:c3f1	LEA	op1	0xFF00	0x117D0	LEA DI,[BP + 0xff00]	reject:not-a-string
1000:c3fc	CALLF	op0	0x0267	0x11B37	CALLF 0x2000:0267	reject:not-a-string
1000:c401	MOV	op1	0x3952	0x5222	MOV DI,word ptr [0x3952]	reject:not-a-string
1000:c40f	CALLF	op0	0x02E6	0x11BB6	CALLF 0x2000:02e6	reject:not-a-string
1000:c419	CALLF	op0	0x02E6	0x11BB6	CALLF 0x2000:02e6	reject:not-a-string
1000:c41e	PUSH	op0	0x395C	0x522C	PUSH word ptr [0x395c]	reject:not-a-string
1000:c42e	CALLF	op0	0xF092	0x10962	CALLF 0x1000:f092	reject:not-a-string
1000:c436	CALL	op0	0x3D11	0x55E1	CALL 0x1000:3d11	reject:not-a-string
1000:c44d	CALLF	op0	0xF092	0x10962	CALLF 0x1000:f092	reject:not-a-string
1000:c452	MOV	op1	0x848E	0x9D5E	MOV DI,0x848e	reject:not-a-string
1000:c457	MOV	op1	0x3A72	0x5342	MOV DI,0x3a72	reject:not-a-string
1000:c460	CALLF	op0	0x0281	0x11B51	CALLF 0x2000:0281	reject:not-a-string
1000:c465	MOV	op0	0x3B76	0x5446	MOV byte ptr [0x3b76],0x5	reject:not-a-string
1000:c46a	MOV	op1	0x3A72	0x5342	MOV DI,0x3a72	reject:not-a-string
1000:c46f	MOV	op1	0x848E	0x9D5E	MOV DI,0x848e	reject:not-a-string
1000:c474	CALLF	op0	0x0358	0x11C28	CALLF 0x2000:0358	reject:not-a-string
1000:c479	JZ	op0	0xC47E	0xDD4E	JZ 0x1000:c47e	reject:not-a-string
1000:c47b	JMP	op0	0xBD08	0xD5D8	JMP 0x1000:bd08	reject:not-a-string
1000:c47e	JMP	op0	0xC499	0xDD69	JMP 0x1000:c499	reject:not-a-string
1000:c494	CALLF	op0	0xF092	0x10962	CALLF 0x1000:f092	reject:not-a-string
1000:c499	JMP	op0	0xC4B4	0xDD84	JMP 0x1000:c4b4	reject:not-a-string
1000:c4af	CALLF	op0	0xF092	0x10962	CALLF 0x1000:f092	reject:not-a-string
1000:c4b4	MOV	op1	0x3972	0x5242	MOV DI,0x3972	reject:not-a-string
1000:c4be	CALLF	op0	0x0358	0x11C28	CALLF 0x2000:0358	reject:not-a-string
1000:c4c3	JZ	op0	0xC4C8	0xDD98	JZ 0x1000:c4c8	reject:not-a-string
1000:c4c5	JMP	op0	0xD39C	0xEC6C	JMP 0x1000:d39c	reject:not-a-string
1000:c4c8	CMP	op0	0x3695	0x4F65	CMP byte ptr [0x3695],0x1	reject:not-a-string
1000:c4cd	JZ	op0	0xC4D2	0xDDA2	JZ 0x1000:c4d2	reject:not-a-string
1000:c4cf	JMP	op0	0xD383	0xEC53	JMP 0x1000:d383	reject:not-a-string
1000:c4e6	CALLF	op0	0xF092	0x10962	CALLF 0x1000:f092	reject:not-a-string
1000:c4ff	CALLF	op0	0xF092	0x10962	CALLF 0x1000:f092	reject:not-a-string
1000:c518	CALLF	op0	0xF092	0x10962	CALLF 0x1000:f092	reject:not-a-string
1000:c51d	MOV	op1	0x0B38	0x2408	MOV AL,[0xb38]	reject:not-a-string
1000:c522	CMP	op1	0x38C7	0x5197	CMP AX,word ptr [0x38c7]	reject:not-a-string
1000:c526	JLE	op0	0xC52F	0xDDFF	JLE 0x1000:c52f	reject:not-a-string
1000:c528	MOV	op0	0x3B7A	0x544A	MOV byte ptr [0x3b7a],0x34	reject:not-a-string
1000:c52d	JMP	op0	0xC534	0xDE04	JMP 0x1000:c534	reject:not-a-string
1000:c52f	MOV	op0	0x3B7A	0x544A	MOV byte ptr [0x3b7a],0x30	reject:not-a-string
1000:c534	LEA	op1	0xFE00	0x116D0	LEA DI,[BP + 0xfe00]	reject:not-a-string
1000:c53f	CALLF	op0	0x0267	0x11B37	CALLF 0x2000:0267	reject:not-a-string
1000:c544	LEA	op1	0xFF00	0x117D0	LEA DI,[BP + 0xff00]	reject:not-a-string
1000:c54a	MOV	op1	0x3B7A	0x544A	MOV AL,[0x3b7a]	reject:not-a-string
1000:c54e	CALLF	op0	0x0383	0x11C53	CALLF 0x2000:0383	reject:not-a-string
1000:c553	CALLF	op0	0x02E6	0x11BB6	CALLF 0x2000:02e6	reject:not-a-string
1000:c55d	CALLF	op0	0x02E6	0x11BB6	CALLF 0x2000:02e6	reject:not-a-string
1000:c562	MOV	op1	0x0B38	0x2408	MOV AL,[0xb38]	reject:not-a-string
1000:c574	CALLF	op0	0xF092	0x10962	CALLF 0x1000:f092	reject:not-a-string
1000:c579	MOV	op1	0x0B39	0x2409	MOV AL,[0xb39]	reject:not-a-string
1000:c57e	CMP	op1	0x38C7	0x5197	CMP AX,word ptr [0x38c7]	reject:not-a-string
1000:c582	JLE	op0	0xC58B	0xDE5B	JLE 0x1000:c58b	reject:not-a-string
1000:c584	MOV	op0	0x3B7A	0x544A	MOV byte ptr [0x3b7a],0x34	reject:not-a-string
1000:c589	JMP	op0	0xC590	0xDE60	JMP 0x1000:c590	reject:not-a-string
1000:c58b	MOV	op0	0x3B7A	0x544A	MOV byte ptr [0x3b7a],0x30	reject:not-a-string
1000:c590	LEA	op1	0xFE00	0x116D0	LEA DI,[BP + 0xfe00]	reject:not-a-string
1000:c59b	CALLF	op0	0x0267	0x11B37	CALLF 0x2000:0267	reject:not-a-string
1000:c5a0	LEA	op1	0xFF00	0x117D0	LEA DI,[BP + 0xff00]	reject:not-a-string
1000:c5a6	MOV	op1	0x3B7A	0x544A	MOV AL,[0x3b7a]	reject:not-a-string
1000:c5aa	CALLF	op0	0x0383	0x11C53	CALLF 0x2000:0383	reject:not-a-string
1000:c5af	CALLF	op0	0x02E6	0x11BB6	CALLF 0x2000:02e6	reject:not-a-string
1000:c5b9	CALLF	op0	0x02E6	0x11BB6	CALLF 0x2000:02e6	reject:not-a-string
1000:c5be	MOV	op1	0x0B39	0x2409	MOV AL,[0xb39]	reject:not-a-string
1000:c5d0	CALLF	op0	0xF092	0x10962	CALLF 0x1000:f092	reject:not-a-string
1000:c5d5	MOV	op1	0x0B3A	0x240A	MOV AL,[0xb3a]	reject:not-a-string
1000:c5da	CMP	op1	0x38C7	0x5197	CMP AX,word ptr [0x38c7]	reject:not-a-string
1000:c5de	JLE	op0	0xC5E7	0xDEB7	JLE 0x1000:c5e7	reject:not-a-string
1000:c5e0	MOV	op0	0x3B7A	0x544A	MOV byte ptr [0x3b7a],0x34	reject:not-a-string
1000:c5e5	JMP	op0	0xC5EC	0xDEBC	JMP 0x1000:c5ec	reject:not-a-string
1000:c5e7	MOV	op0	0x3B7A	0x544A	MOV byte ptr [0x3b7a],0x30	reject:not-a-string
1000:c5ec	LEA	op1	0xFE00	0x116D0	LEA DI,[BP + 0xfe00]	reject:not-a-string
1000:c5f7	CALLF	op0	0x0267	0x11B37	CALLF 0x2000:0267	reject:not-a-string
1000:c5fc	LEA	op1	0xFF00	0x117D0	LEA DI,[BP + 0xff00]	reject:not-a-string
1000:c602	MOV	op1	0x3B7A	0x544A	MOV AL,[0x3b7a]	reject:not-a-string
1000:c606	CALLF	op0	0x0383	0x11C53	CALLF 0x2000:0383	reject:not-a-string
1000:c60b	CALLF	op0	0x02E6	0x11BB6	CALLF 0x2000:02e6	reject:not-a-string
1000:c615	CALLF	op0	0x02E6	0x11BB6	CALLF 0x2000:02e6	reject:not-a-string
1000:c61a	MOV	op1	0x0B3A	0x240A	MOV AL,[0xb3a]	reject:not-a-string
1000:c62c	CALLF	op0	0xF092	0x10962	CALLF 0x1000:f092	reject:not-a-string
1000:c631	MOV	op1	0x0B3B	0x240B	MOV AL,[0xb3b]	reject:not-a-string
1000:c636	CMP	op1	0x38C7	0x5197	CMP AX,word ptr [0x38c7]	reject:not-a-string
1000:c63a	JLE	op0	0xC643	0xDF13	JLE 0x1000:c643	reject:not-a-string
1000:c63c	MOV	op0	0x3B7A	0x544A	MOV byte ptr [0x3b7a],0x34	reject:not-a-string
1000:c641	JMP	op0	0xC648	0xDF18	JMP 0x1000:c648	reject:not-a-string
1000:c643	MOV	op0	0x3B7A	0x544A	MOV byte ptr [0x3b7a],0x30	reject:not-a-string
1000:c648	LEA	op1	0xFE00	0x116D0	LEA DI,[BP + 0xfe00]	reject:not-a-string
1000:c653	CALLF	op0	0x0267	0x11B37	CALLF 0x2000:0267	reject:not-a-string
1000:c658	LEA	op1	0xFF00	0x117D0	LEA DI,[BP + 0xff00]	reject:not-a-string
1000:c65e	MOV	op1	0x3B7A	0x544A	MOV AL,[0x3b7a]	reject:not-a-string
1000:c662	CALLF	op0	0x0383	0x11C53	CALLF 0x2000:0383	reject:not-a-string
1000:c667	CALLF	op0	0x02E6	0x11BB6	CALLF 0x2000:02e6	reject:not-a-string
1000:c671	CALLF	op0	0x02E6	0x11BB6	CALLF 0x2000:02e6	reject:not-a-string
1000:c676	MOV	op1	0x0B3B	0x240B	MOV AL,[0xb3b]	reject:not-a-string
1000:c688	CALLF	op0	0xF092	0x10962	CALLF 0x1000:f092	reject:not-a-string
1000:c68d	CMP	op0	0x3692	0x4F62	CMP byte ptr [0x3692],0x1	reject:not-a-string
1000:c692	JBE	op0	0xC6F1	0xDFC1	JBE 0x1000:c6f1	reject:not-a-string
1000:c694	MOV	op1	0x0B3C	0x240C	MOV AL,[0xb3c]	reject:not-a-string
1000:c699	CMP	op1	0x38C7	0x5197	CMP AX,word ptr [0x38c7]	reject:not-a-string
1000:c69d	JLE	op0	0xC6A6	0xDF76	JLE 0x1000:c6a6	reject:not-a-string
1000:c69f	MOV	op0	0x3B7A	0x544A	MOV byte ptr [0x3b7a],0x34	reject:not-a-string
1000:c6a4	JMP	op0	0xC6AB	0xDF7B	JMP 0x1000:c6ab	reject:not-a-string
1000:c6a6	MOV	op0	0x3B7A	0x544A	MOV byte ptr [0x3b7a],0x30	reject:not-a-string
1000:c6ab	LEA	op1	0xFE00	0x116D0	LEA DI,[BP + 0xfe00]	reject:not-a-string
1000:c6b6	CALLF	op0	0x0267	0x11B37	CALLF 0x2000:0267	reject:not-a-string
1000:c6bb	LEA	op1	0xFF00	0x117D0	LEA DI,[BP + 0xff00]	reject:not-a-string
1000:c6c1	MOV	op1	0x3B7A	0x544A	MOV AL,[0x3b7a]	reject:not-a-string
1000:c6c5	CALLF	op0	0x0383	0x11C53	CALLF 0x2000:0383	reject:not-a-string
1000:c6ca	CALLF	op0	0x02E6	0x11BB6	CALLF 0x2000:02e6	reject:not-a-string
1000:c6d4	CALLF	op0	0x02E6	0x11BB6	CALLF 0x2000:02e6	reject:not-a-string
1000:c6d9	MOV	op1	0x0B3C	0x240C	MOV AL,[0xb3c]	reject:not-a-string
1000:c6ec	CALLF	op0	0xF092	0x10962	CALLF 0x1000:f092	reject:not-a-string
1000:c6f1	CMP	op0	0x3692	0x4F62	CMP byte ptr [0x3692],0x2	reject:not-a-string
1000:c6f6	JBE	op0	0xC755	0xE025	JBE 0x1000:c755	reject:not-a-string
1000:c6f8	MOV	op1	0x0B3D	0x240D	MOV AL,[0xb3d]	reject:not-a-string
1000:c6fd	CMP	op1	0x38C7	0x5197	CMP AX,word ptr [0x38c7]	reject:not-a-string
1000:c701	JLE	op0	0xC70A	0xDFDA	JLE 0x1000:c70a	reject:not-a-string
1000:c703	MOV	op0	0x3B7A	0x544A	MOV byte ptr [0x3b7a],0x34	reject:not-a-string
1000:c708	JMP	op0	0xC70F	0xDFDF	JMP 0x1000:c70f	reject:not-a-string
1000:c70a	MOV	op0	0x3B7A	0x544A	MOV byte ptr [0x3b7a],0x30	reject:not-a-string
1000:c70f	LEA	op1	0xFE00	0x116D0	LEA DI,[BP + 0xfe00]	reject:not-a-string
1000:c71a	CALLF	op0	0x0267	0x11B37	CALLF 0x2000:0267	reject:not-a-string
1000:c71f	LEA	op1	0xFF00	0x117D0	LEA DI,[BP + 0xff00]	reject:not-a-string
1000:c725	MOV	op1	0x3B7A	0x544A	MOV AL,[0x3b7a]	reject:not-a-string
1000:c729	CALLF	op0	0x0383	0x11C53	CALLF 0x2000:0383	reject:not-a-string
1000:c72e	CALLF	op0	0x02E6	0x11BB6	CALLF 0x2000:02e6	reject:not-a-string
1000:c738	CALLF	op0	0x02E6	0x11BB6	CALLF 0x2000:02e6	reject:not-a-string
1000:c73d	MOV	op1	0x0B3D	0x240D	MOV AL,[0xb3d]	reject:not-a-string
1000:c750	CALLF	op0	0xF092	0x10962	CALLF 0x1000:f092	reject:not-a-string
1000:c755	CMP	op0	0x3692	0x4F62	CMP byte ptr [0x3692],0x3	reject:not-a-string
1000:c75a	JBE	op0	0xC7BA	0xE08A	JBE 0x1000:c7ba	reject:not-a-string
1000:c75c	MOV	op1	0x0B3E	0x240E	MOV AL,[0xb3e]	reject:not-a-string
1000:c761	CMP	op1	0x38C7	0x5197	CMP AX,word ptr [0x38c7]	reject:not-a-string
1000:c765	JLE	op0	0xC76E	0xE03E	JLE 0x1000:c76e	reject:not-a-string
1000:c767	MOV	op0	0x3B7A	0x544A	MOV byte ptr [0x3b7a],0x34	reject:not-a-string
1000:c76c	JMP	op0	0xC773	0xE043	JMP 0x1000:c773	reject:not-a-string
1000:c76e	MOV	op0	0x3B7A	0x544A	MOV byte ptr [0x3b7a],0x30	reject:not-a-string
1000:c773	LEA	op1	0xFE00	0x116D0	LEA DI,[BP + 0xfe00]	reject:not-a-string
1000:c77e	CALLF	op0	0x0267	0x11B37	CALLF 0x2000:0267	reject:not-a-string
1000:c783	LEA	op1	0xFF00	0x117D0	LEA DI,[BP + 0xff00]	reject:not-a-string
1000:c789	MOV	op1	0x3B7A	0x544A	MOV AL,[0x3b7a]	reject:not-a-string
1000:c78d	CALLF	op0	0x0383	0x11C53	CALLF 0x2000:0383	reject:not-a-string
1000:c792	CALLF	op0	0x02E6	0x11BB6	CALLF 0x2000:02e6	reject:not-a-string
1000:c79c	CALLF	op0	0x02E6	0x11BB6	CALLF 0x2000:02e6	reject:not-a-string
1000:c7a1	MOV	op1	0x0B3E	0x240E	MOV AL,[0xb3e]	reject:not-a-string
1000:c7b5	CALLF	op0	0xF092	0x10962	CALLF 0x1000:f092	reject:not-a-string
1000:c7ba	CMP	op0	0x3692	0x4F62	CMP byte ptr [0x3692],0x3	reject:not-a-string
1000:c7bf	JBE	op0	0xC81D	0xE0ED	JBE 0x1000:c81d	reject:not-a-string
1000:c7c6	CMP	op1	0x38C7	0x5197	CMP AX,word ptr [0x38c7]	reject:not-a-string
1000:c7ca	JLE	op0	0xC7D3	0xE0A3	JLE 0x1000:c7d3	reject:not-a-string
1000:c7cc	MOV	op0	0x3B7A	0x544A	MOV byte ptr [0x3b7a],0x34	reject:not-a-string
1000:c7d1	JMP	op0	0xC7D8	0xE0A8	JMP 0x1000:c7d8	reject:not-a-string
1000:c7d3	MOV	op0	0x3B7A	0x544A	MOV byte ptr [0x3b7a],0x30	reject:not-a-string
1000:c7d8	LEA	op1	0xFE00	0x116D0	LEA DI,[BP + 0xfe00]	reject:not-a-string
1000:c7e3	CALLF	op0	0x0267	0x11B37	CALLF 0x2000:0267	reject:not-a-string
1000:c7e8	LEA	op1	0xFF00	0x117D0	LEA DI,[BP + 0xff00]	reject:not-a-string
1000:c7ee	MOV	op1	0x3B7A	0x544A	MOV AL,[0x3b7a]	reject:not-a-string
1000:c7f2	CALLF	op0	0x0383	0x11C53	CALLF 0x2000:0383	reject:not-a-string
1000:c7f7	CALLF	op0	0x02E6	0x11BB6	CALLF 0x2000:02e6	reject:not-a-string
1000:c801	CALLF	op0	0x02E6	0x11BB6	CALLF 0x2000:02e6	reject:not-a-string
1000:c818	CALLF	op0	0xF092	0x10962	CALLF 0x1000:f092	reject:not-a-string
1000:c81d	CMP	op0	0x3692	0x4F62	CMP byte ptr [0x3692],0x3	reject:not-a-string
1000:c822	JBE	op0	0xC88E	0xE15E	JBE 0x1000:c88e	reject:not-a-string
1000:c824	CMP	op0	0x394D	0x521D	CMP byte ptr [0x394d],0x0	reject:not-a-string
1000:c829	JZ	op0	0xC88E	0xE15E	JZ 0x1000:c88e	reject:not-a-string
1000:c82b	CMP	op0	0x3E32	0x5702	CMP byte ptr [0x3e32],0x19	reject:not-a-string
1000:c830	JNZ	op0	0xC88E	0xE15E	JNZ 0x1000:c88e	reject:not-a-string
1000:c832	MOV	op1	0x0B40	0x2410	MOV AL,[0xb40]	reject:not-a-string
1000:c837	CMP	op1	0x38C7	0x5197	CMP AX,word ptr [0x38c7]	reject:not-a-string
1000:c83b	JLE	op0	0xC844	0xE114	JLE 0x1000:c844	reject:not-a-string
1000:c83d	MOV	op0	0x3B7A	0x544A	MOV byte ptr [0x3b7a],0x34	reject:not-a-string
1000:c842	JMP	op0	0xC849	0xE119	JMP 0x1000:c849	reject:not-a-string
1000:c844	MOV	op0	0x3B7A	0x544A	MOV byte ptr [0x3b7a],0x30	reject:not-a-string
1000:c849	LEA	op1	0xFE00	0x116D0	LEA DI,[BP + 0xfe00]	reject:not-a-string
1000:c854	CALLF	op0	0x0267	0x11B37	CALLF 0x2000:0267	reject:not-a-string
1000:c859	LEA	op1	0xFF00	0x117D0	LEA DI,[BP + 0xff00]	reject:not-a-string
1000:c85f	MOV	op1	0x3B7A	0x544A	MOV AL,[0x3b7a]	reject:not-a-string
1000:c863	CALLF	op0	0x0383	0x11C53	CALLF 0x2000:0383	reject:not-a-string
1000:c868	CALLF	op0	0x02E6	0x11BB6	CALLF 0x2000:02e6	reject:not-a-string
1000:c872	CALLF	op0	0x02E6	0x11BB6	CALLF 0x2000:02e6	reject:not-a-string
1000:c889	CALLF	op0	0xF092	0x10962	CALLF 0x1000:f092	reject:not-a-string
1000:c8a2	CALLF	op0	0xEED0	0x107A0	CALLF 0x1000:eed0	reject:not-a-string
1000:c8a7	MOV	op1	0x3ECC	0x579C	MOV DI,0x3ecc	reject:not-a-string
1000:c8ac	MOV	op1	0x3A72	0x5342	MOV DI,0x3a72	reject:not-a-string
1000:c8b5	CALLF	op0	0xFE46	0x11716	CALLF 0x1000:fe46	reject:not-a-string
1000:c8ba	CALLF	op0	0xFD1D	0x115ED	CALLF 0x1000:fd1d	reject:not-a-string
1000:c8bf	CALLF	op0	0xFA11	0x112E1	CALLF 0x1000:fa11	reject:not-a-string
1000:c8c4	MOV	op1	0x3A72	0x5342	MOV DI,0x3a72	reject:not-a-string
1000:c8c9	CALLF	op0	0xF0E6	0x109B6	CALLF 0x1000:f0e6	reject:not-a-string
1000:c8ce	MOV	op1	0x3A72	0x5342	MOV DI,0x3a72	reject:not-a-string
1000:c8d3	MOV	op1	0x8DCA	0xA69A	MOV DI,0x8dca	reject:not-a-string
1000:c8d8	CALLF	op0	0x0358	0x11C28	CALLF 0x2000:0358	reject:not-a-string
1000:c8dd	JNZ	op0	0xC92B	0xE1FB	JNZ 0x1000:c92b	reject:not-a-string
1000:c8df	MOV	op1	0x0B38	0x2408	MOV AL,[0xb38]	reject:not-a-string
1000:c8e4	CMP	op1	0x38C7	0x5197	CMP AX,word ptr [0x38c7]	reject:not-a-string
1000:c8e8	JLE	op0	0xC905	0xE1D5	JLE 0x1000:c905	reject:not-a-string
1000:c8fe	CALLF	op0	0xF092	0x10962	CALLF 0x1000:f092	reject:not-a-string
1000:c903	JMP	op0	0xC92B	0xE1FB	JMP 0x1000:c92b	reject:not-a-string
1000:c905	MOV	op1	0x0B38	0x2408	MOV AL,[0xb38]	reject:not-a-string
1000:c90a	SUB	op0	0x38C7	0x5197	SUB word ptr [0x38c7],AX	reject:not-a-string
1000:c926	CALLF	op0	0xF092	0x10962	CALLF 0x1000:f092	reject:not-a-string
1000:c92b	MOV	op1	0x3A72	0x5342	MOV DI,0x3a72	reject:not-a-string
1000:c930	MOV	op1	0x8E4B	0xA71B	MOV DI,0x8e4b	reject:not-a-string
1000:c935	CALLF	op0	0x0358	0x11C28	CALLF 0x2000:0358	reject:not-a-string
1000:c93a	JNZ	op0	0xC9AB	0xE27B	JNZ 0x1000:c9ab	reject:not-a-string
1000:c93c	CMP	op0	0x38BB	0x518B	CMP byte ptr [0x38bb],0x0	reject:not-a-string
1000:c941	JNZ	op0	0xC992	0xE262	JNZ 0x1000:c992	reject:not-a-string
1000:c943	MOV	op1	0x0B39	0x2409	MOV AL,[0xb39]	reject:not-a-string
1000:c948	CMP	op1	0x38C7	0x5197	CMP AX,word ptr [0x38c7]	reject:not-a-string
1000:c94c	JLE	op0	0xC969	0xE239	JLE 0x1000:c969	reject:not-a-string
1000:c962	CALLF	op0	0xF092	0x10962	CALLF 0x1000:f092	reject:not-a-string
1000:c967	JMP	op0	0xC990	0xE260	JMP 0x1000:c990	reject:not-a-string
1000:c969	MOV	op0	0x38BB	0x518B	MOV byte ptr [0x38bb],0x1	reject:not-a-string
1000:c96e	MOV	op1	0x0B39	0x2409	MOV AL,[0xb39]	reject:not-a-string
1000:c973	SUB	op0	0x38C7	0x5197	SUB word ptr [0x38c7],AX	reject:not-a-string
1000:c98b	CALLF	op0	0xF092	0x10962	CALLF 0x1000:f092	reject:not-a-string
1000:c990	JMP	op0	0xC9AB	0xE27B	JMP 0x1000:c9ab	reject:not-a-string
1000:c9a6	CALLF	op0	0xF092	0x10962	CALLF 0x1000:f092	reject:not-a-string
1000:c9ab	MOV	op1	0x3A72	0x5342	MOV DI,0x3a72	reject:not-a-string
1000:c9b0	MOV	op1	0x8EA5	0xA775	MOV DI,0x8ea5	reject:not-a-string
1000:c9b5	CALLF	op0	0x0358	0x11C28	CALLF 0x2000:0358	reject:not-a-string
1000:c9ba	JZ	op0	0xC9BF	0xE28F	JZ 0x1000:c9bf	reject:not-a-string
1000:c9bc	JMP	op0	0xCAC7	0xE397	JMP 0x1000:cac7	reject:not-a-string
1000:c9bf	MOV	op1	0x0B3A	0x240A	MOV AL,[0xb3a]	reject:not-a-string
1000:c9c4	CMP	op1	0x38C7	0x5197	CMP AX,word ptr [0x38c7]	reject:not-a-string
1000:c9c8	JLE	op0	0xC9E6	0xE2B6	JLE 0x1000:c9e6	reject:not-a-string
1000:c9de	CALLF	op0	0xF092	0x10962	CALLF 0x1000:f092	reject:not-a-string
1000:c9e3	JMP	op0	0xCAC7	0xE397	JMP 0x1000:cac7	reject:not-a-string
1000:c9e6	MOV	op1	0x0B3A	0x240A	MOV AL,[0xb3a]	reject:not-a-string
1000:c9eb	SUB	op0	0x38C7	0x5197	SUB word ptr [0x38c7],AX	reject:not-a-string
1000:ca03	CALLF	op0	0xF092	0x10962	CALLF 0x1000:f092	reject:not-a-string
1000:ca0c	CALLF	op0	0x08CB	0x1219B	CALLF 0x2000:08cb	reject:not-a-string
1000:ca14	JNZ	op0	0xCA53	0xE323	JNZ 0x1000:ca53	reject:not-a-string
1000:ca16	INC	op0	0x389E	0x516E	INC word ptr [0x389e]	reject:not-a-string
1000:ca2e	CALLF	op0	0xF092	0x10962	CALLF 0x1000:f092	reject:not-a-string
1000:ca33	INC	op0	0x38AA	0x517A	INC word ptr [0x38aa]	reject:not-a-string
1000:ca37	MOV	op1	0x389E	0x516E	MOV AX,[0x389e]	reject:not-a-string
1000:ca43	JNZ	op0	0xCA49	0xE319	JNZ 0x1000:ca49	reject:not-a-string
1000:ca45	INC	op0	0x38A8	0x5178	INC word ptr [0x38a8]	reject:not-a-string
1000:ca49	INC	op0	0x38AE	0x517E	INC word ptr [0x38ae]	reject:not-a-string
1000:ca4d	INC	op0	0x38AC	0x517C	INC word ptr [0x38ac]	reject:not-a-string
1000:ca51	JMP	op0	0xCAC7	0xE397	JMP 0x1000:cac7	reject:not-a-string
1000:ca56	JNZ	op0	0xCA77	0xE347	JNZ 0x1000:ca77	reject:not-a-string
1000:ca58	INC	op0	0x38A0	0x5170	INC word ptr [0x38a0]	reject:not-a-string
1000:ca70	CALLF	op0	0xF092	0x10962	CALLF 0x1000:f092	reject:not-a-string
1000:ca75	JMP	op0	0xCAC7	0xE397	JMP 0x1000:cac7	reject:not-a-string
1000:ca7a	JNZ	op0	0xCAA5	0xE375	JNZ 0x1000:caa5	reject:not-a-string
1000:ca7c	INC	op0	0x38A2	0x5172	INC word ptr [0x38a2]	reject:not-a-string
1000:ca94	CALLF	op0	0xF092	0x10962	CALLF 0x1000:f092	reject:not-a-string
1000:ca99	ADD	op0	0x38AE	0x517E	ADD word ptr [0x38ae],0x5	reject:not-a-string
1000:ca9e	ADD	op0	0x38AC	0x517C	ADD word ptr [0x38ac],0x5	reject:not-a-string
1000:caa3	JMP	op0	0xCAC7	0xE397	JMP 0x1000:cac7	reject:not-a-string
1000:caa8	JNZ	op0	0xCAC7	0xE397	JNZ 0x1000:cac7	reject:not-a-string
1000:caaa	INC	op0	0x38A4	0x5174	INC word ptr [0x38a4]	reject:not-a-string
1000:cac2	CALLF	op0	0xF092	0x10962	CALLF 0x1000:f092	reject:not-a-string
1000:cac7	MOV	op1	0x3A72	0x5342	MOV DI,0x3a72	reject:not-a-string
1000:cacc	MOV	op1	0x8EF7	0xA7C7	MOV DI,0x8ef7	reject:not-a-string
1000:cad1	CALLF	op0	0x0358	0x11C28	CALLF 0x2000:0358	reject:not-a-string
1000:cad6	JNZ	op0	0xCB47	0xE417	JNZ 0x1000:cb47	reject:not-a-string
1000:cadd	JNZ	op0	0xCB2E	0xE3FE	JNZ 0x1000:cb2e	reject:not-a-string
1000:cadf	MOV	op1	0x0B3B	0x240B	MOV AL,[0xb3b]	reject:not-a-string
1000:cae4	CMP	op1	0x38C7	0x5197	CMP AX,word ptr [0x38c7]	reject:not-a-string
1000:cae8	JLE	op0	0xCB05	0xE3D5	JLE 0x1000:cb05	reject:not-a-string
1000:cafe	CALLF	op0	0xF092	0x10962	CALLF 0x1000:f092	reject:not-a-string
1000:cb03	JMP	op0	0xCB2C	0xE3FC	JMP 0x1000:cb2c	reject:not-a-string
1000:cb0a	MOV	op1	0x0B3B	0x240B	MOV AL,[0xb3b]	reject:not-a-string
1000:cb0f	SUB	op0	0x38C7	0x5197	SUB word ptr [0x38c7],AX	reject:not-a-string
1000:cb27	CALLF	op0	0xF092	0x10962	CALLF 0x1000:f092	reject:not-a-string
1000:cb2c	JMP	op0	0xCB47	0xE417	JMP 0x1000:cb47	reject:not-a-string
1000:cb42	CALLF	op0	0xF092	0x10962	CALLF 0x1000:f092	reject:not-a-string
1000:cb47	MOV	op1	0x3A72	0x5342	MOV DI,0x3a72	reject:not-a-string
1000:cb4c	MOV	op1	0x8F6B	0xA83B	MOV DI,0x8f6b	reject:not-a-string
1000:cb51	CALLF	op0	0x0358	0x11C28	CALLF 0x2000:0358	reject:not-a-string
1000:cb56	JZ	op0	0xCB5B	0xE42B	JZ 0x1000:cb5b	reject:not-a-string
1000:cb58	JMP	op0	0xCC04	0xE4D4	JMP 0x1000:cc04	reject:not-a-string
1000:cb5b	CMP	op0	0x394B	0x521B	CMP byte ptr [0x394b],0x0	reject:not-a-string
1000:cb60	JZ	op0	0xCB70	0xE440	JZ 0x1000:cb70	reject:not-a-string
1000:cb62	CMP	op0	0x38C2	0x5192	CMP byte ptr [0x38c2],0x0	reject:not-a-string
1000:cb67	JZ	op0	0xCB70	0xE440	JZ 0x1000:cb70	reject:not-a-string
1000:cb69	CMP	op0	0x394C	0x521C	CMP byte ptr [0x394c],0x0	reject:not-a-string
1000:cb6e	JNZ	op0	0xCBEB	0xE4BB	JNZ 0x1000:cbeb	reject:not-a-string
1000:cb70	CMP	op0	0x38BA	0x518A	CMP byte ptr [0x38ba],0x0	reject:not-a-string
1000:cb75	JNZ	op0	0xCBD0	0xE4A0	JNZ 0x1000:cbd0	reject:not-a-string
1000:cb77	MOV	op1	0x0B3C	0x240C	MOV AL,[0xb3c]	reject:not-a-string
1000:cb7c	CMP	op1	0x38C7	0x5197	CMP AX,word ptr [0x38c7]	reject:not-a-string
1000:cb80	JLE	op0	0xCB9D	0xE46D	JLE 0x1000:cb9d	reject:not-a-string
1000:cb96	CALLF	op0	0xF092	0x10962	CALLF 0x1000:f092	reject:not-a-string
1000:cb9b	JMP	op0	0xCBCE	0xE49E	JMP 0x1000:cbce	reject:not-a-string
1000:cb9d	MOV	op0	0x38BA	0x518A	MOV byte ptr [0x38ba],0x1	reject:not-a-string
1000:cba2	MOV	op1	0x0B3C	0x240C	MOV AL,[0xb3c]	reject:not-a-string
1000:cba7	SUB	op0	0x38C7	0x5197	SUB word ptr [0x38c7],AX	reject:not-a-string
1000:cbab	ADD	op0	0x38A8	0x5178	ADD word ptr [0x38a8],0x2	reject:not-a-string
1000:cbb0	ADD	op0	0x38AA	0x517A	ADD word ptr [0x38aa],0x2	reject:not-a-string
1000:cbc9	CALLF	op0	0xF092	0x10962	CALLF 0x1000:f092	reject:not-a-string
1000:cbce	JMP	op0	0xCBE9	0xE4B9	JMP 0x1000:cbe9	reject:not-a-string
1000:cbe4	CALLF	op0	0xF092	0x10962	CALLF 0x1000:f092	reject:not-a-string
1000:cbe9	JMP	op0	0xCC04	0xE4D4	JMP 0x1000:cc04	reject:not-a-string
1000:cbff	CALLF	op0	0xF092	0x10962	CALLF 0x1000:f092	reject:not-a-string
1000:cc04	MOV	op1	0x3A72	0x5342	MOV DI,0x3a72	reject:not-a-string
1000:cc09	MOV	op1	0x8FC6	0xA896	MOV DI,0x8fc6	reject:not-a-string
1000:cc0e	CALLF	op0	0x0358	0x11C28	CALLF 0x2000:0358	reject:not-a-string
1000:cc13	JZ	op0	0xCC18	0xE4E8	JZ 0x1000:cc18	reject:not-a-string
1000:cc15	JMP	op0	0xCCC4	0xE594	JMP 0x1000:ccc4	reject:not-a-string
1000:cc18	CMP	op0	0x38C2	0x5192	CMP byte ptr [0x38c2],0x0	reject:not-a-string
1000:cc1d	JZ	op0	0xCC29	0xE4F9	JZ 0x1000:cc29	reject:not-a-string
1000:cc1f	CMP	op0	0x394C	0x521C	CMP byte ptr [0x394c],0x0	reject:not-a-string
1000:cc24	JZ	op0	0xCC29	0xE4F9	JZ 0x1000:cc29	reject:not-a-string
1000:cc26	JMP	op0	0xCCAB	0xE57B	JMP 0x1000:ccab	reject:not-a-string
1000:cc29	CMP	op0	0x394B	0x521B	CMP byte ptr [0x394b],0x0	reject:not-a-string
1000:cc2e	JNZ	op0	0xCC90	0xE560	JNZ 0x1000:cc90	reject:not-a-string
1000:cc30	MOV	op1	0x0B3D	0x240D	MOV AL,[0xb3d]	reject:not-a-string
1000:cc35	CMP	op1	0x38C7	0x5197	CMP AX,word ptr [0x38c7]	reject:not-a-string
1000:cc39	JLE	op0	0xCC56	0xE526	JLE 0x1000:cc56	reject:not-a-string
1000:cc4f	CALLF	op0	0xF092	0x10962	CALLF 0x1000:f092	reject:not-a-string
1000:cc54	JMP	op0	0xCC8E	0xE55E	JMP 0x1000:cc8e	reject:not-a-string
1000:cc56	MOV	op0	0x394B	0x521B	MOV byte ptr [0x394b],0x1	reject:not-a-string
1000:cc5b	MOV	op1	0x0B3D	0x240D	MOV AL,[0xb3d]	reject:not-a-string
1000:cc60	SUB	op0	0x38C7	0x5197	SUB word ptr [0x38c7],AX	reject:not-a-string
1000:cc64	CMP	op0	0x38BA	0x518A	CMP byte ptr [0x38ba],0x0	reject:not-a-string
1000:cc69	JZ	op0	0xCC75	0xE545	JZ 0x1000:cc75	reject:not-a-string
1000:cc6b	ADD	op0	0x38A8	0x5178	ADD word ptr [0x38a8],0x2	reject:not-a-string
1000:cc70	ADD	op0	0x38AA	0x517A	ADD word ptr [0x38aa],0x2	reject:not-a-string
1000:cc89	CALLF	op0	0xF092	0x10962	CALLF 0x1000:f092	reject:not-a-string
1000:cc8e	JMP	op0	0xCCA9	0xE579	JMP 0x1000:cca9	reject:not-a-string
1000:cca4	CALLF	op0	0xF092	0x10962	CALLF 0x1000:f092	reject:not-a-string
1000:cca9	JMP	op0	0xCCC4	0xE594	JMP 0x1000:ccc4	reject:not-a-string
1000:ccbf	CALLF	op0	0xF092	0x10962	CALLF 0x1000:f092	reject:not-a-string
1000:ccc4	MOV	op1	0x3A72	0x5342	MOV DI,0x3a72	reject:not-a-string
1000:ccc9	MOV	op1	0x9023	0xA8F3	MOV DI,0x9023	reject:not-a-string
1000:ccce	CALLF	op0	0x0358	0x11C28	CALLF 0x2000:0358	reject:not-a-string
1000:ccd3	JZ	op0	0xCCD8	0xE5A8	JZ 0x1000:ccd8	reject:not-a-string
1000:ccd5	JMP	op0	0xCD65	0xE635	JMP 0x1000:cd65	reject:not-a-string
1000:ccd8	CMP	op0	0x394D	0x521D	CMP byte ptr [0x394d],0x0	reject:not-a-string
1000:ccdd	JNZ	op0	0xCD4C	0xE61C	JNZ 0x1000:cd4c	reject:not-a-string
1000:ccdf	MOV	op1	0x0B3E	0x240E	MOV AL,[0xb3e]	reject:not-a-string
1000:cce4	CMP	op1	0x38C7	0x5197	CMP AX,word ptr [0x38c7]	reject:not-a-string
1000:cce8	JLE	op0	0xCD05	0xE5D5	JLE 0x1000:cd05	reject:not-a-string
1000:ccfe	CALLF	op0	0xF092	0x10962	CALLF 0x1000:f092	reject:not-a-string
1000:cd03	JMP	op0	0xCD4A	0xE61A	JMP 0x1000:cd4a	reject:not-a-string
1000:cd05	MOV	op0	0x394D	0x521D	MOV byte ptr [0x394d],0x1	reject:not-a-string
1000:cd0a	ADD	op0	0x394F	0x521F	ADD word ptr [0x394f],0x3	reject:not-a-string
1000:cd0f	MOV	op1	0x0B3E	0x240E	MOV AL,[0xb3e]	reject:not-a-string
1000:cd14	SUB	op0	0x38C7	0x5197	SUB word ptr [0x38c7],AX	reject:not-a-string
1000:cd2c	CALLF	op0	0xF092	0x10962	CALLF 0x1000:f092	reject:not-a-string
1000:cd45	CALLF	op0	0xF092	0x10962	CALLF 0x1000:f092	reject:not-a-string
1000:cd4a	JMP	op0	0xCD65	0xE635	JMP 0x1000:cd65	reject:not-a-string
1000:cd60	CALLF	op0	0xF092	0x10962	CALLF 0x1000:f092	reject:not-a-string
1000:cd65	MOV	op1	0x3A72	0x5342	MOV DI,0x3a72	reject:not-a-string
1000:cd6a	MOV	op1	0x9055	0xA925	MOV DI,0x9055	reject:not-a-string
1000:cd6f	CALLF	op0	0x0358	0x11C28	CALLF 0x2000:0358	reject:not-a-string
1000:cd74	JNZ	op0	0xCDE5	0xE6B5	JNZ 0x1000:cde5	reject:not-a-string
1000:cd76	CMP	op0	0x394D	0x521D	CMP byte ptr [0x394d],0x0	reject:not-a-string
1000:cd7b	JZ	op0	0xCDCC	0xE69C	JZ 0x1000:cdcc	reject:not-a-string
1000:cd82	CMP	op1	0x38C7	0x5197	CMP AX,word ptr [0x38c7]	reject:not-a-string
1000:cd86	JLE	op0	0xCDA3	0xE673	JLE 0x1000:cda3	reject:not-a-string
1000:cd9c	CALLF	op0	0xF092	0x10962	CALLF 0x1000:f092	reject:not-a-string
1000:cda1	JMP	op0	0xCDCA	0xE69A	JMP 0x1000:cdca	reject:not-a-string
1000:cda3	ADD	op0	0x394F	0x521F	ADD word ptr [0x394f],0x5	reject:not-a-string
1000:cdad	SUB	op0	0x38C7	0x5197	SUB word ptr [0x38c7],AX	reject:not-a-string
1000:cdc5	CALLF	op0	0xF092	0x10962	CALLF 0x1000:f092	reject:not-a-string
1000:cdca	JMP	op0	0xCDE5	0xE6B5	JMP 0x1000:cde5	reject:not-a-string
1000:cde0	CALLF	op0	0xF092	0x10962	CALLF 0x1000:f092	reject:not-a-string
1000:cde5	MOV	op1	0x3A72	0x5342	MOV DI,0x3a72	reject:not-a-string
1000:cdea	MOV	op1	0x906A	0xA93A	MOV DI,0x906a	reject:not-a-string
1000:cdef	CALLF	op0	0x0358	0x11C28	CALLF 0x2000:0358	reject:not-a-string
1000:cdf4	JZ	op0	0xCDF9	0xE6C9	JZ 0x1000:cdf9	reject:not-a-string
1000:cdf6	JMP	op0	0xCE76	0xE746	JMP 0x1000:ce76	reject:not-a-string
1000:cdf9	CMP	op0	0x394D	0x521D	CMP byte ptr [0x394d],0x0	reject:not-a-string
1000:cdfe	JZ	op0	0xCE76	0xE746	JZ 0x1000:ce76	reject:not-a-string
1000:ce00	CMP	op0	0x3E32	0x5702	CMP byte ptr [0x3e32],0x19	reject:not-a-string
1000:ce05	JNZ	op0	0xCE76	0xE746	JNZ 0x1000:ce76	reject:not-a-string
1000:ce07	CMP	op0	0x394E	0x521E	CMP byte ptr [0x394e],0x0	reject:not-a-string
1000:ce0c	JNZ	op0	0xCE5D	0xE72D	JNZ 0x1000:ce5d	reject:not-a-string
1000:ce0e	MOV	op1	0x0B40	0x2410	MOV AL,[0xb40]	reject:not-a-string
1000:ce13	CMP	op1	0x38C7	0x5197	CMP AX,word ptr [0x38c7]	reject:not-a-string
1000:ce17	JLE	op0	0xCE34	0xE704	JLE 0x1000:ce34	reject:not-a-string
1000:ce2d	CALLF	op0	0xF092	0x10962	CALLF 0x1000:f092	reject:not-a-string
1000:ce32	JMP	op0	0xCE5B	0xE72B	JMP 0x1000:ce5b	reject:not-a-string
1000:ce34	MOV	op0	0x394E	0x521E	MOV byte ptr [0x394e],0x1	reject:not-a-string
1000:ce39	MOV	op1	0x0B40	0x2410	MOV AL,[0xb40]	reject:not-a-string
1000:ce3e	SUB	op0	0x38C7	0x5197	SUB word ptr [0x38c7],AX	reject:not-a-string
1000:ce56	CALLF	op0	0xF092	0x10962	CALLF 0x1000:f092	reject:not-a-string
1000:ce5b	JMP	op0	0xCE76	0xE746	JMP 0x1000:ce76	reject:not-a-string
1000:ce71	CALLF	op0	0xF092	0x10962	CALLF 0x1000:f092	reject:not-a-string
1000:ce76	MOV	op1	0x3A72	0x5342	MOV DI,0x3a72	reject:not-a-string
1000:ce7b	MOV	op1	0x96CE	0xAF9E	MOV DI,0x96ce	reject:not-a-string
1000:ce80	CALLF	op0	0x0358	0x11C28	CALLF 0x2000:0358	reject:not-a-string
1000:ce85	JNZ	op0	0xCECE	0xE79E	JNZ 0x1000:cece	reject:not-a-string
1000:ce87	CMP	op0	0x38C9	0x5199	CMP word ptr [0x38c9],0x0	reject:not-a-string
1000:ce8c	JLE	op0	0xCEB5	0xE785	JLE 0x1000:ceb5	reject:not-a-string
1000:ce8e	MOV	op1	0x38C9	0x5199	MOV AX,[0x38c9]	reject:not-a-string
1000:ce91	ADD	op0	0x38C7	0x5197	ADD word ptr [0x38c7],AX	reject:not-a-string
1000:ce97	MOV	op0	0x38C9	0x5199	MOV [0x38c9],AX	reject:not-a-string
1000:ceae	CALLF	op0	0xF092	0x10962	CALLF 0x1000:f092	reject:not-a-string
1000:ceb3	JMP	op0	0xCECE	0xE79E	JMP 0x1000:cece	reject:not-a-string
1000:cec9	CALLF	op0	0xF092	0x10962	CALLF 0x1000:f092	reject:not-a-string
1000:cece	MOV	op1	0x3A72	0x5342	MOV DI,0x3a72	reject:not-a-string
1000:ced8	CALLF	op0	0x0358	0x11C28	CALLF 0x2000:0358	reject:not-a-string
1000:cedd	JZ	op0	0xCEE2	0xE7B2	JZ 0x1000:cee2	reject:not-a-string
1000:cedf	JMP	op0	0xD36D	0xEC3D	JMP 0x1000:d36d	reject:not-a-string
1000:cee2	MOV	op0	0x3E33	0x5703	MOV byte ptr [0x3e33],0xff	reject:not-a-string
1000:cee7	CMP	op0	0x38B4	0x5184	CMP byte ptr [0x38b4],0x0	reject:not-a-string
1000:ceec	JNZ	op0	0xCEF1	0xE7C1	JNZ 0x1000:cef1	reject:not-a-string
1000:ceee	JMP	op0	0xCF9C	0xE86C	JMP 0x1000:cf9c	reject:not-a-string
1000:cef1	CMP	op0	0x38B7	0x5187	CMP byte ptr [0x38b7],0x0	reject:not-a-string
1000:cef6	JNZ	op0	0xCEFB	0xE7CB	JNZ 0x1000:cefb	reject:not-a-string
1000:cef8	JMP	op0	0xCF9C	0xE86C	JMP 0x1000:cf9c	reject:not-a-string
1000:cf0f	CALLF	op0	0xF092	0x10962	CALLF 0x1000:f092	reject:not-a-string
1000:cf28	CALLF	op0	0xEED0	0x107A0	CALLF 0x1000:eed0	reject:not-a-string
1000:cf2d	MOV	op1	0x3ECC	0x579C	MOV DI,0x3ecc	reject:not-a-string
1000:cf32	MOV	op1	0x3A72	0x5342	MOV DI,0x3a72	reject:not-a-string
1000:cf3b	CALLF	op0	0xFE46	0x11716	CALLF 0x1000:fe46	reject:not-a-string
1000:cf40	CALLF	op0	0xFD1D	0x115ED	CALLF 0x1000:fd1d	reject:not-a-string
1000:cf45	CALLF	op0	0xFA11	0x112E1	CALLF 0x1000:fa11	reject:not-a-string
1000:cf4a	MOV	op1	0x3A72	0x5342	MOV DI,0x3a72	reject:not-a-string
1000:cf4f	CALLF	op0	0xF0E6	0x109B6	CALLF 0x1000:f0e6	reject:not-a-string
1000:cf58	CALLF	op0	0x08CB	0x1219B	CALLF 0x2000:08cb	reject:not-a-string
1000:cf60	MOV	op0	0x3E33	0x5703	MOV [0x3e33],AL	reject:not-a-string
1000:cf63	MOV	op1	0x3A72	0x5342	MOV DI,0x3a72	reject:not-a-string
1000:cf68	MOV	op1	0x8323	0x9BF3	MOV DI,0x8323	reject:not-a-string
1000:cf6d	CALLF	op0	0x0358	0x11C28	CALLF 0x2000:0358	reject:not-a-string
1000:cf72	JNZ	op0	0xCF9C	0xE86C	JNZ 0x1000:cf9c	reject:not-a-string
1000:cf74	MOV	op0	0x38B4	0x5184	MOV byte ptr [0x38b4],0x0	reject:not-a-string
1000:cf79	MOV	op1	0x3E33	0x5703	MOV AL,[0x3e33]	reject:not-a-string
1000:cf7d	ADD	op0	0x38C7	0x5197	ADD word ptr [0x38c7],AX	reject:not-a-string
1000:cf86	MOV	op1	0x3E33	0x5703	MOV AL,[0x3e33]	reject:not-a-string
1000:cf97	CALLF	op0	0xF092	0x10962	CALLF 0x1000:f092	reject:not-a-string
1000:cf9c	CMP	op0	0x38B5	0x5185	CMP byte ptr [0x38b5],0x0	reject:not-a-string
1000:cfa1	JNZ	op0	0xCFA6	0xE876	JNZ 0x1000:cfa6	reject:not-a-string
1000:cfa3	JMP	op0	0xD051	0xE921	JMP 0x1000:d051	reject:not-a-string
1000:cfa6	CMP	op0	0x38B8	0x5188	CMP byte ptr [0x38b8],0x0	reject:not-a-string
1000:cfab	JNZ	op0	0xCFB0	0xE880	JNZ 0x1000:cfb0	reject:not-a-string
1000:cfad	JMP	op0	0xD051	0xE921	JMP 0x1000:d051	reject:not-a-string
1000:cfc4	CALLF	op0	0xF092	0x10962	CALLF 0x1000:f092	reject:not-a-string
1000:cfdd	CALLF	op0	0xEED0	0x107A0	CALLF 0x1000:eed0	reject:not-a-string
1000:cfe2	MOV	op1	0x3ECC	0x579C	MOV DI,0x3ecc	reject:not-a-string
1000:cfe7	MOV	op1	0x3A72	0x5342	MOV DI,0x3a72	reject:not-a-string
1000:cff0	CALLF	op0	0xFE46	0x11716	CALLF 0x1000:fe46	reject:not-a-string
1000:cff5	CALLF	op0	0xFD1D	0x115ED	CALLF 0x1000:fd1d	reject:not-a-string
1000:cffa	CALLF	op0	0xFA11	0x112E1	CALLF 0x1000:fa11	reject:not-a-string
1000:cfff	MOV	op1	0x3A72	0x5342	MOV DI,0x3a72	reject:not-a-string
1000:d004	CALLF	op0	0xF0E6	0x109B6	CALLF 0x1000:f0e6	reject:not-a-string
1000:d00d	CALLF	op0	0x08CB	0x1219B	CALLF 0x2000:08cb	reject:not-a-string
1000:d015	MOV	op0	0x3E33	0x5703	MOV [0x3e33],AL	reject:not-a-string
1000:d018	MOV	op1	0x3A72	0x5342	MOV DI,0x3a72	reject:not-a-string
1000:d01d	MOV	op1	0x8323	0x9BF3	MOV DI,0x8323	reject:not-a-string
1000:d022	CALLF	op0	0x0358	0x11C28	CALLF 0x2000:0358	reject:not-a-string
1000:d027	JNZ	op0	0xD051	0xE921	JNZ 0x1000:d051	reject:not-a-string
1000:d029	MOV	op0	0x38B5	0x5185	MOV byte ptr [0x38b5],0x0	reject:not-a-string
1000:d02e	MOV	op1	0x3E33	0x5703	MOV AL,[0x3e33]	reject:not-a-string
1000:d032	ADD	op0	0x38C7	0x5197	ADD word ptr [0x38c7],AX	reject:not-a-string
1000:d03b	MOV	op1	0x3E33	0x5703	MOV AL,[0x3e33]	reject:not-a-string
1000:d04c	CALLF	op0	0xF092	0x10962	CALLF 0x1000:f092	reject:not-a-string
1000:d051	CMP	op0	0x38B6	0x5186	CMP byte ptr [0x38b6],0x0	reject:not-a-string
1000:d056	JNZ	op0	0xD05B	0xE92B	JNZ 0x1000:d05b	reject:not-a-string
1000:d058	JMP	op0	0xD106	0xE9D6	JMP 0x1000:d106	reject:not-a-string
1000:d05b	CMP	op0	0x38B9	0x5189	CMP byte ptr [0x38b9],0x0	reject:not-a-string
1000:d060	JNZ	op0	0xD065	0xE935	JNZ 0x1000:d065	reject:not-a-string
1000:d062	JMP	op0	0xD106	0xE9D6	JMP 0x1000:d106	reject:not-a-string
1000:d079	CALLF	op0	0xF092	0x10962	CALLF 0x1000:f092	reject:not-a-string
1000:d092	CALLF	op0	0xEED0	0x107A0	CALLF 0x1000:eed0	reject:not-a-string
1000:d097	MOV	op1	0x3ECC	0x579C	MOV DI,0x3ecc	reject:not-a-string
1000:d09c	MOV	op1	0x3A72	0x5342	MOV DI,0x3a72	reject:not-a-string
1000:d0a5	CALLF	op0	0xFE46	0x11716	CALLF 0x1000:fe46	reject:not-a-string
1000:d0aa	CALLF	op0	0xFD1D	0x115ED	CALLF 0x1000:fd1d	reject:not-a-string
1000:d0af	CALLF	op0	0xFA11	0x112E1	CALLF 0x1000:fa11	reject:not-a-string
1000:d0b4	MOV	op1	0x3A72	0x5342	MOV DI,0x3a72	reject:not-a-string
1000:d0b9	CALLF	op0	0xF0E6	0x109B6	CALLF 0x1000:f0e6	reject:not-a-string
1000:d0c2	CALLF	op0	0x08CB	0x1219B	CALLF 0x2000:08cb	reject:not-a-string
1000:d0ca	MOV	op0	0x3E33	0x5703	MOV [0x3e33],AL	reject:not-a-string
1000:d0cd	MOV	op1	0x3A72	0x5342	MOV DI,0x3a72	reject:not-a-string
1000:d0d2	MOV	op1	0x8323	0x9BF3	MOV DI,0x8323	reject:not-a-string
1000:d0d7	CALLF	op0	0x0358	0x11C28	CALLF 0x2000:0358	reject:not-a-string
1000:d0dc	JNZ	op0	0xD106	0xE9D6	JNZ 0x1000:d106	reject:not-a-string
1000:d0de	MOV	op0	0x38B6	0x5186	MOV byte ptr [0x38b6],0x0	reject:not-a-string
1000:d0e3	MOV	op1	0x3E33	0x5703	MOV AL,[0x3e33]	reject:not-a-string
1000:d0e7	ADD	op0	0x38C7	0x5197	ADD word ptr [0x38c7],AX	reject:not-a-string
1000:d0f0	MOV	op1	0x3E33	0x5703	MOV AL,[0x3e33]	reject:not-a-string
1000:d101	CALLF	op0	0xF092	0x10962	CALLF 0x1000:f092	reject:not-a-string
1000:d106	CMP	op0	0x38BA	0x518A	CMP byte ptr [0x38ba],0x0	reject:not-a-string
1000:d10b	JNZ	op0	0xD110	0xE9E0	JNZ 0x1000:d110	reject:not-a-string
1000:d10d	JMP	op0	0xD1C9	0xEA99	JMP 0x1000:d1c9	reject:not-a-string
1000:d110	CMP	op0	0x394B	0x521B	CMP byte ptr [0x394b],0x0	reject:not-a-string
1000:d115	JNZ	op0	0xD128	0xE9F8	JNZ 0x1000:d128	reject:not-a-string
1000:d117	CMP	op0	0x38C2	0x5192	CMP byte ptr [0x38c2],0x0	reject:not-a-string
1000:d11c	JNZ	op0	0xD128	0xE9F8	JNZ 0x1000:d128	reject:not-a-string
1000:d11e	CMP	op0	0x394C	0x521C	CMP byte ptr [0x394c],0x0	reject:not-a-string
1000:d123	JNZ	op0	0xD128	0xE9F8	JNZ 0x1000:d128	reject:not-a-string
1000:d125	JMP	op0	0xD1C9	0xEA99	JMP 0x1000:d1c9	reject:not-a-string
1000:d13c	CALLF	op0	0xF092	0x10962	CALLF 0x1000:f092	reject:not-a-string
1000:d155	CALLF	op0	0xEED0	0x107A0	CALLF 0x1000:eed0	reject:not-a-string
1000:d15a	MOV	op1	0x3ECC	0x579C	MOV DI,0x3ecc	reject:not-a-string
1000:d15f	MOV	op1	0x3A72	0x5342	MOV DI,0x3a72	reject:not-a-string
1000:d168	CALLF	op0	0xFE46	0x11716	CALLF 0x1000:fe46	reject:not-a-string
1000:d16d	CALLF	op0	0xFD1D	0x115ED	CALLF 0x1000:fd1d	reject:not-a-string
1000:d172	CALLF	op0	0xFA11	0x112E1	CALLF 0x1000:fa11	reject:not-a-string
1000:d177	MOV	op1	0x3A72	0x5342	MOV DI,0x3a72	reject:not-a-string
1000:d17c	CALLF	op0	0xF0E6	0x109B6	CALLF 0x1000:f0e6	reject:not-a-string
1000:d185	CALLF	op0	0x08CB	0x1219B	CALLF 0x2000:08cb	reject:not-a-string
1000:d18d	MOV	op0	0x3E33	0x5703	MOV [0x3e33],AL	reject:not-a-string
1000:d190	MOV	op1	0x3A72	0x5342	MOV DI,0x3a72	reject:not-a-string
1000:d195	MOV	op1	0x8323	0x9BF3	MOV DI,0x8323	reject:not-a-string
1000:d19a	CALLF	op0	0x0358	0x11C28	CALLF 0x2000:0358	reject:not-a-string
1000:d19f	JNZ	op0	0xD1C9	0xEA99	JNZ 0x1000:d1c9	reject:not-a-string
1000:d1a1	MOV	op0	0x38BA	0x518A	MOV byte ptr [0x38ba],0x0	reject:not-a-string
1000:d1a6	MOV	op1	0x3E33	0x5703	MOV AL,[0x3e33]	reject:not-a-string
1000:d1aa	ADD	op0	0x38C7	0x5197	ADD word ptr [0x38c7],AX	reject:not-a-string
1000:d1b3	MOV	op1	0x3E33	0x5703	MOV AL,[0x3e33]	reject:not-a-string
1000:d1c4	CALLF	op0	0xF092	0x10962	CALLF 0x1000:f092	reject:not-a-string
1000:d1c9	CMP	op0	0x394B	0x521B	CMP byte ptr [0x394b],0x0	reject:not-a-string
1000:d1ce	JNZ	op0	0xD1D3	0xEAA3	JNZ 0x1000:d1d3	reject:not-a-string
1000:d1d0	JMP	op0	0xD285	0xEB55	JMP 0x1000:d285	reject:not-a-string
1000:d1d3	CMP	op0	0x38C2	0x5192	CMP byte ptr [0x38c2],0x0	reject:not-a-string
1000:d1d8	JNZ	op0	0xD1E4	0xEAB4	JNZ 0x1000:d1e4	reject:not-a-string
1000:d1da	CMP	op0	0x394C	0x521C	CMP byte ptr [0x394c],0x0	reject:not-a-string
1000:d1df	JNZ	op0	0xD1E4	0xEAB4	JNZ 0x1000:d1e4	reject:not-a-string
1000:d1e1	JMP	op0	0xD285	0xEB55	JMP 0x1000:d285	reject:not-a-string
1000:d1f8	CALLF	op0	0xF092	0x10962	CALLF 0x1000:f092	reject:not-a-string
1000:d211	CALLF	op0	0xEED0	0x107A0	CALLF 0x1000:eed0	reject:not-a-string
1000:d216	MOV	op1	0x3ECC	0x579C	MOV DI,0x3ecc	reject:not-a-string
1000:d21b	MOV	op1	0x3A72	0x5342	MOV DI,0x3a72	reject:not-a-string
1000:d224	CALLF	op0	0xFE46	0x11716	CALLF 0x1000:fe46	reject:not-a-string
1000:d229	CALLF	op0	0xFD1D	0x115ED	CALLF 0x1000:fd1d	reject:not-a-string
1000:d22e	CALLF	op0	0xFA11	0x112E1	CALLF 0x1000:fa11	reject:not-a-string
1000:d233	MOV	op1	0x3A72	0x5342	MOV DI,0x3a72	reject:not-a-string
1000:d238	CALLF	op0	0xF0E6	0x109B6	CALLF 0x1000:f0e6	reject:not-a-string
1000:d241	CALLF	op0	0x08CB	0x1219B	CALLF 0x2000:08cb	reject:not-a-string
1000:d249	MOV	op0	0x3E33	0x5703	MOV [0x3e33],AL	reject:not-a-string
1000:d24c	MOV	op1	0x3A72	0x5342	MOV DI,0x3a72	reject:not-a-string
1000:d251	MOV	op1	0x8323	0x9BF3	MOV DI,0x8323	reject:not-a-string
1000:d256	CALLF	op0	0x0358	0x11C28	CALLF 0x2000:0358	reject:not-a-string
1000:d25b	JNZ	op0	0xD285	0xEB55	JNZ 0x1000:d285	reject:not-a-string
1000:d25d	MOV	op0	0x394B	0x521B	MOV byte ptr [0x394b],0x0	reject:not-a-string
1000:d262	MOV	op1	0x3E33	0x5703	MOV AL,[0x3e33]	reject:not-a-string
1000:d266	ADD	op0	0x38C7	0x5197	ADD word ptr [0x38c7],AX	reject:not-a-string
1000:d26f	MOV	op1	0x3E33	0x5703	MOV AL,[0x3e33]	reject:not-a-string
1000:d280	CALLF	op0	0xF092	0x10962	CALLF 0x1000:f092	reject:not-a-string
1000:d285	CMP	op0	0x38C2	0x5192	CMP byte ptr [0x38c2],0x0	reject:not-a-string
1000:d28a	JNZ	op0	0xD28F	0xEB5F	JNZ 0x1000:d28f	reject:not-a-string
1000:d28c	JMP	op0	0xD33A	0xEC0A	JMP 0x1000:d33a	reject:not-a-string
1000:d28f	CMP	op0	0x394C	0x521C	CMP byte ptr [0x394c],0x0	reject:not-a-string
1000:d294	JNZ	op0	0xD299	0xEB69	JNZ 0x1000:d299	reject:not-a-string
1000:d296	JMP	op0	0xD33A	0xEC0A	JMP 0x1000:d33a	reject:not-a-string
1000:d2ad	CALLF	op0	0xF092	0x10962	CALLF 0x1000:f092	reject:not-a-string
1000:d2c6	CALLF	op0	0xEED0	0x107A0	CALLF 0x1000:eed0	reject:not-a-string
1000:d2cb	MOV	op1	0x3ECC	0x579C	MOV DI,0x3ecc	reject:not-a-string
1000:d2d0	MOV	op1	0x3A72	0x5342	MOV DI,0x3a72	reject:not-a-string
1000:d2d9	CALLF	op0	0xFE46	0x11716	CALLF 0x1000:fe46	reject:not-a-string
1000:d2de	CALLF	op0	0xFD1D	0x115ED	CALLF 0x1000:fd1d	reject:not-a-string
1000:d2e3	CALLF	op0	0xFA11	0x112E1	CALLF 0x1000:fa11	reject:not-a-string
1000:d2e8	MOV	op1	0x3A72	0x5342	MOV DI,0x3a72	reject:not-a-string
1000:d2ed	CALLF	op0	0xF0E6	0x109B6	CALLF 0x1000:f0e6	reject:not-a-string
1000:d2f6	CALLF	op0	0x08CB	0x1219B	CALLF 0x2000:08cb	reject:not-a-string
1000:d2fe	MOV	op0	0x3E33	0x5703	MOV [0x3e33],AL	reject:not-a-string
1000:d301	MOV	op1	0x3A72	0x5342	MOV DI,0x3a72	reject:not-a-string
1000:d306	MOV	op1	0x8323	0x9BF3	MOV DI,0x8323	reject:not-a-string
1000:d30b	CALLF	op0	0x0358	0x11C28	CALLF 0x2000:0358	reject:not-a-string
1000:d310	JNZ	op0	0xD33A	0xEC0A	JNZ 0x1000:d33a	reject:not-a-string
1000:d312	MOV	op0	0x38C2	0x5192	MOV byte ptr [0x38c2],0x0	reject:not-a-string
1000:d317	MOV	op1	0x3E33	0x5703	MOV AL,[0x3e33]	reject:not-a-string
1000:d31b	ADD	op0	0x38C7	0x5197	ADD word ptr [0x38c7],AX	reject:not-a-string
1000:d324	MOV	op1	0x3E33	0x5703	MOV AL,[0x3e33]	reject:not-a-string
1000:d335	CALLF	op0	0xF092	0x10962	CALLF 0x1000:f092	reject:not-a-string
1000:d33a	CMP	op0	0x3E33	0x5703	CMP byte ptr [0x3e33],0xff	reject:not-a-string
1000:d33f	JNZ	op0	0xD35A	0xEC2A	JNZ 0x1000:d35a	reject:not-a-string
1000:d355	CALLF	op0	0xF092	0x10962	CALLF 0x1000:f092	reject:not-a-string
1000:d35a	MOV	op1	0x98FA	0xB1CA	MOV DI,0x98fa	reject:not-a-string
1000:d35f	MOV	op1	0x3A72	0x5342	MOV DI,0x3a72	reject:not-a-string
1000:d368	CALLF	op0	0x0281	0x11B51	CALLF 0x2000:0281	reject:not-a-string
1000:d36d	MOV	op1	0x3A72	0x5342	MOV DI,0x3a72	reject:not-a-string
1000:d372	MOV	op1	0x848E	0x9D5E	MOV DI,0x848e	reject:not-a-string
1000:d377	CALLF	op0	0x0358	0x11C28	CALLF 0x2000:0358	reject:not-a-string
1000:d37c	JZ	op0	0xD381	0xEC51	JZ 0x1000:d381	reject:not-a-string
1000:d37e	JMP	op0	0xC88E	0xE15E	JMP 0x1000:c88e	reject:not-a-string
1000:d381	JMP	op0	0xD39C	0xEC6C	JMP 0x1000:d39c	reject:not-a-string
1000:d397	CALLF	op0	0xF092	0x10962	CALLF 0x1000:f092	reject:not-a-string
1000:d39c	MOV	op1	0x3972	0x5242	MOV DI,0x3972	reject:not-a-string
1000:d3a6	CALLF	op0	0x0358	0x11C28	CALLF 0x2000:0358	reject:not-a-string
1000:d3ab	JZ	op0	0xD3B0	0xEC80	JZ 0x1000:d3b0	reject:not-a-string
1000:d3ad	JMP	op0	0xD6E3	0xEFB3	JMP 0x1000:d6e3	reject:not-a-string
1000:d3b0	CMP	op0	0x3698	0x4F68	CMP byte ptr [0x3698],0x1	reject:not-a-string
1000:d3b5	JZ	op0	0xD3BA	0xEC8A	JZ 0x1000:d3ba	reject:not-a-string
1000:d3b7	JMP	op0	0xD6CA	0xEF9A	JMP 0x1000:d6ca	reject:not-a-string
1000:d3ce	CALLF	op0	0xF092	0x10962	CALLF 0x1000:f092	reject:not-a-string
1000:d3d3	MOV	op1	0x38AC	0x517C	MOV AX,[0x38ac]	reject:not-a-string
1000:d3d6	CMP	op1	0x38AE	0x517E	CMP AX,word ptr [0x38ae]	reject:not-a-string
1000:d3da	JL	op0	0xD3EA	0xECBA	JL 0x1000:d3ea	reject:not-a-string
1000:d3dc	CMP	op0	0x38B0	0x5180	CMP byte ptr [0x38b0],0x0	reject:not-a-string
1000:d3e1	JNZ	op0	0xD3EA	0xECBA	JNZ 0x1000:d3ea	reject:not-a-string
1000:d3e8	JZ	op0	0xD3EE	0xECBE	JZ 0x1000:d3ee	reject:not-a-string
1000:d3ec	JMP	op0	0xD3F0	0xECC0	JMP 0x1000:d3f0	reject:not-a-string
1000:d3f2	JZ	op0	0xD3F7	0xECC7	JZ 0x1000:d3f7	reject:not-a-string
1000:d3f4	JMP	op0	0xD4BA	0xED8A	JMP 0x1000:d4ba	reject:not-a-string
1000:d40b	CALLF	op0	0xF092	0x10962	CALLF 0x1000:f092	reject:not-a-string
1000:d410	CMP	op0	0x38C7	0x5197	CMP word ptr [0x38c7],0x3	reject:not-a-string
1000:d415	JGE	op0	0xD41E	0xECEE	JGE 0x1000:d41e	reject:not-a-string
1000:d417	MOV	op0	0x3B7A	0x544A	MOV byte ptr [0x3b7a],0x34	reject:not-a-string
1000:d41c	JMP	op0	0xD423	0xECF3	JMP 0x1000:d423	reject:not-a-string
1000:d41e	MOV	op0	0x3B7A	0x544A	MOV byte ptr [0x3b7a],0x30	reject:not-a-string
1000:d423	LEA	op1	0xFE00	0x116D0	LEA DI,[BP + 0xfe00]	reject:not-a-string
1000:d42e	CALLF	op0	0x0267	0x11B37	CALLF 0x2000:0267	reject:not-a-string
1000:d433	LEA	op1	0xFF00	0x117D0	LEA DI,[BP + 0xff00]	reject:not-a-string
1000:d439	MOV	op1	0x3B7A	0x544A	MOV AL,[0x3b7a]	reject:not-a-string
1000:d43d	CALLF	op0	0x0383	0x11C53	CALLF 0x2000:0383	reject:not-a-string
1000:d442	CALLF	op0	0x02E6	0x11BB6	CALLF 0x2000:02e6	reject:not-a-string
1000:d44c	CALLF	op0	0x02E6	0x11BB6	CALLF 0x2000:02e6	reject:not-a-string
1000:d460	CALLF	op0	0xF092	0x10962	CALLF 0x1000:f092	reject:not-a-string
1000:d465	CMP	op0	0x38C7	0x5197	CMP word ptr [0x38c7],0x7	reject:not-a-string
1000:d46a	JGE	op0	0xD473	0xED43	JGE 0x1000:d473	reject:not-a-string
1000:d46c	MOV	op0	0x3B7A	0x544A	MOV byte ptr [0x3b7a],0x34	reject:not-a-string
1000:d471	JMP	op0	0xD478	0xED48	JMP 0x1000:d478	reject:not-a-string
1000:d473	MOV	op0	0x3B7A	0x544A	MOV byte ptr [0x3b7a],0x30	reject:not-a-string
1000:d478	LEA	op1	0xFE00	0x116D0	LEA DI,[BP + 0xfe00]	reject:not-a-string
1000:d483	CALLF	op0	0x0267	0x11B37	CALLF 0x2000:0267	reject:not-a-string
1000:d488	LEA	op1	0xFF00	0x117D0	LEA DI,[BP + 0xff00]	reject:not-a-string
1000:d48e	MOV	op1	0x3B7A	0x544A	MOV AL,[0x3b7a]	reject:not-a-string
1000:d492	CALLF	op0	0x0383	0x11C53	CALLF 0x2000:0383	reject:not-a-string
1000:d497	CALLF	op0	0x02E6	0x11BB6	CALLF 0x2000:02e6	reject:not-a-string
1000:d4a1	CALLF	op0	0x02E6	0x11BB6	CALLF 0x2000:02e6	reject:not-a-string
1000:d4b5	CALLF	op0	0xF092	0x10962	CALLF 0x1000:f092	reject:not-a-string
1000:d4ba	MOV	op1	0x38AC	0x517C	MOV AX,[0x38ac]	reject:not-a-string
1000:d4bd	CMP	op1	0x38AE	0x517E	CMP AX,word ptr [0x38ae]	reject:not-a-string
1000:d4c1	JL	op0	0xD4ED	0xEDBD	JL 0x1000:d4ed	reject:not-a-string
1000:d4c3	CMP	op0	0x38B0	0x5180	CMP byte ptr [0x38b0],0x0	reject:not-a-string
1000:d4c8	JNZ	op0	0xD4ED	0xEDBD	JNZ 0x1000:d4ed	reject:not-a-string
1000:d4cf	JNZ	op0	0xD4ED	0xEDBD	JNZ 0x1000:d4ed	reject:not-a-string
1000:d4e5	CALLF	op0	0xF092	0x10962	CALLF 0x1000:f092	reject:not-a-string
1000:d4ea	JMP	op0	0xD6C8	0xEF98	JMP 0x1000:d6c8	reject:not-a-string
1000:d501	CALLF	op0	0xEED0	0x107A0	CALLF 0x1000:eed0	reject:not-a-string
1000:d506	MOV	op1	0x3ECC	0x579C	MOV DI,0x3ecc	reject:not-a-string
1000:d50b	MOV	op1	0x3A72	0x5342	MOV DI,0x3a72	reject:not-a-string
1000:d514	CALLF	op0	0xFE46	0x11716	CALLF 0x1000:fe46	reject:not-a-string
1000:d519	CALLF	op0	0xFD1D	0x115ED	CALLF 0x1000:fd1d	reject:not-a-string
1000:d51e	CALLF	op0	0xFA11	0x112E1	CALLF 0x1000:fa11	reject:not-a-string
1000:d523	MOV	op1	0x3A72	0x5342	MOV DI,0x3a72	reject:not-a-string
1000:d528	CALLF	op0	0xF0E6	0x109B6	CALLF 0x1000:f0e6	reject:not-a-string
1000:d52d	MOV	op1	0x3A72	0x5342	MOV DI,0x3a72	reject:not-a-string
1000:d532	MOV	op1	0x9A50	0xB320	MOV DI,0x9a50	reject:not-a-string
1000:d537	CALLF	op0	0x0358	0x11C28	CALLF 0x2000:0358	reject:not-a-string
1000:d53c	JNZ	op0	0xD5AF	0xEE7F	JNZ 0x1000:d5af	reject:not-a-string
1000:d53e	CMP	op0	0x38B0	0x5180	CMP byte ptr [0x38b0],0x1	reject:not-a-string
1000:d543	JZ	op0	0xD54C	0xEE1C	JZ 0x1000:d54c	reject:not-a-string
1000:d54a	JNZ	op0	0xD5AF	0xEE7F	JNZ 0x1000:d5af	reject:not-a-string
1000:d54c	CMP	op0	0x38C7	0x5197	CMP word ptr [0x38c7],0x7	reject:not-a-string
1000:d551	JL	op0	0xD596	0xEE66	JL 0x1000:d596	reject:not-a-string
1000:d553	SUB	op0	0x38C7	0x5197	SUB word ptr [0x38c7],0x7	reject:not-a-string
1000:d558	MOV	op0	0x38B0	0x5180	MOV byte ptr [0x38b0],0x0	reject:not-a-string
1000:d576	CALLF	op0	0xF092	0x10962	CALLF 0x1000:f092	reject:not-a-string
1000:d58f	CALLF	op0	0xF092	0x10962	CALLF 0x1000:f092	reject:not-a-string
1000:d594	JMP	op0	0xD5AF	0xEE7F	JMP 0x1000:d5af	reject:not-a-string
1000:d5aa	CALLF	op0	0xF092	0x10962	CALLF 0x1000:f092	reject:not-a-string
1000:d5af	MOV	op1	0x3A72	0x5342	MOV DI,0x3a72	reject:not-a-string
1000:d5b4	MOV	op1	0x9AC2	0xB392	MOV DI,0x9ac2	reject:not-a-string
1000:d5b9	CALLF	op0	0x0358	0x11C28	CALLF 0x2000:0358	reject:not-a-string
1000:d5be	JZ	op0	0xD5C3	0xEE93	JZ 0x1000:d5c3	reject:not-a-string
1000:d5c0	JMP	op0	0xD6A3	0xEF73	JMP 0x1000:d6a3	reject:not-a-string
1000:d5c3	MOV	op1	0x38AC	0x517C	MOV AX,[0x38ac]	reject:not-a-string
1000:d5c6	CMP	op1	0x38AE	0x517E	CMP AX,word ptr [0x38ae]	reject:not-a-string
1000:d5ca	JL	op0	0xD5CF	0xEE9F	JL 0x1000:d5cf	reject:not-a-string
1000:d5cc	JMP	op0	0xD6A3	0xEF73	JMP 0x1000:d6a3	reject:not-a-string
1000:d5cf	CMP	op0	0x38C7	0x5197	CMP word ptr [0x38c7],0x3	reject:not-a-string
1000:d5d4	JGE	op0	0xD5D9	0xEEA9	JGE 0x1000:d5d9	reject:not-a-string
1000:d5d6	JMP	op0	0xD68A	0xEF5A	JMP 0x1000:d68a	reject:not-a-string
1000:d5d9	SUB	op0	0x38C7	0x5197	SUB word ptr [0x38c7],0x3	reject:not-a-string
1000:d5de	ADD	op0	0x38AC	0x517C	ADD word ptr [0x38ac],0x5	reject:not-a-string
1000:d5e3	MOV	op1	0x38AC	0x517C	MOV AX,[0x38ac]	reject:not-a-string
1000:d5e6	CMP	op1	0x38AE	0x517E	CMP AX,word ptr [0x38ae]	reject:not-a-string
1000:d5ea	JLE	op0	0xD5F2	0xEEC2	JLE 0x1000:d5f2	reject:not-a-string
1000:d5ec	MOV	op1	0x38AE	0x517E	MOV AX,[0x38ae]	reject:not-a-string
1000:d5ef	MOV	op0	0x38AC	0x517C	MOV [0x38ac],AX	reject:not-a-string
1000:d5f6	CALLF	op0	0x08CB	0x1219B	CALLF 0x2000:08cb	reject:not-a-string
1000:d5fe	JNZ	op0	0xD61B	0xEEEB	JNZ 0x1000:d61b	reject:not-a-string
1000:d614	CALLF	op0	0xF092	0x10962	CALLF 0x1000:f092	reject:not-a-string
1000:d619	JMP	op0	0xD66D	0xEF3D	JMP 0x1000:d66d	reject:not-a-string
1000:d61e	JNZ	op0	0xD63B	0xEF0B	JNZ 0x1000:d63b	reject:not-a-string
1000:d634	CALLF	op0	0xF092	0x10962	CALLF 0x1000:f092	reject:not-a-string
1000:d639	JMP	op0	0xD66D	0xEF3D	JMP 0x1000:d66d	reject:not-a-string
1000:d64f	CALLF	op0	0xF092	0x10962	CALLF 0x1000:f092	reject:not-a-string
1000:d668	CALLF	op0	0xF092	0x10962	CALLF 0x1000:f092	reject:not-a-string
1000:d672	PUSH	op0	0x38AC	0x517C	PUSH word ptr [0x38ac]	reject:not-a-string
1000:d676	PUSH	op0	0x38AE	0x517E	PUSH word ptr [0x38ae]	reject:not-a-string
1000:d683	CALLF	op0	0xF092	0x10962	CALLF 0x1000:f092	reject:not-a-string
1000:d688	JMP	op0	0xD6A3	0xEF73	JMP 0x1000:d6a3	reject:not-a-string
1000:d69e	CALLF	op0	0xF092	0x10962	CALLF 0x1000:f092	reject:not-a-string
1000:d6a3	MOV	op1	0x3A72	0x5342	MOV DI,0x3a72	reject:not-a-string
1000:d6a8	MOV	op1	0x848E	0x9D5E	MOV DI,0x848e	reject:not-a-string
1000:d6ad	CALLF	op0	0x0358	0x11C28	CALLF 0x2000:0358	reject:not-a-string
1000:d6b2	JZ	op0	0xD6C8	0xEF98	JZ 0x1000:d6c8	reject:not-a-string
1000:d6b4	MOV	op1	0x3A72	0x5342	MOV DI,0x3a72	reject:not-a-string
1000:d6b9	MOV	op1	0x9B6E	0xB43E	MOV DI,0x9b6e	reject:not-a-string
1000:d6be	CALLF	op0	0x0358	0x11C28	CALLF 0x2000:0358	reject:not-a-string
1000:d6c3	JZ	op0	0xD6C8	0xEF98	JZ 0x1000:d6c8	reject:not-a-string
1000:d6c5	JMP	op0	0xD4BA	0xED8A	JMP 0x1000:d4ba	reject:not-a-string
1000:d6c8	JMP	op0	0xD6E3	0xEFB3	JMP 0x1000:d6e3	reject:not-a-string
1000:d6de	CALLF	op0	0xF092	0x10962	CALLF 0x1000:f092	reject:not-a-string
1000:d6e3	MOV	op1	0x3972	0x5242	MOV DI,0x3972	reject:not-a-string
1000:d6ed	CALLF	op0	0x0358	0x11C28	CALLF 0x2000:0358	reject:not-a-string
1000:d6f2	JZ	op0	0xD6F7	0xEFC7	JZ 0x1000:d6f7	reject:not-a-string
1000:d6f4	JMP	op0	0xD7CE	0xF09E	JMP 0x1000:d7ce	reject:not-a-string
1000:d6f7	CMP	op0	0x3697	0x4F67	CMP byte ptr [0x3697],0x1	reject:not-a-string
1000:d6fc	JZ	op0	0xD701	0xEFD1	JZ 0x1000:d701	reject:not-a-string
1000:d6fe	JMP	op0	0xD7B5	0xF085	JMP 0x1000:d7b5	reject:not-a-string
1000:d701	CMP	op0	0x38C7	0x5197	CMP word ptr [0x38c7],0xc	reject:not-a-string
1000:d706	JGE	op0	0xD70B	0xEFDB	JGE 0x1000:d70b	reject:not-a-string
1000:d708	JMP	op0	0xD79A	0xF06A	JMP 0x1000:d79a	reject:not-a-string
1000:d71f	CALLF	op0	0xF092	0x10962	CALLF 0x1000:f092	reject:not-a-string
1000:d728	CALLF	op0	0x08CB	0x1219B	CALLF 0x2000:08cb	reject:not-a-string
1000:d72f	JNZ	op0	0xD756	0xF026	JNZ 0x1000:d756	reject:not-a-string
1000:d731	CMP	op0	0x3699	0x4F69	CMP byte ptr [0x3699],0x0	reject:not-a-string
1000:d736	JNZ	op0	0xD756	0xF026	JNZ 0x1000:d756	reject:not-a-string
1000:d74c	CALLF	op0	0xF092	0x10962	CALLF 0x1000:f092	reject:not-a-string
1000:d751	MOV	op0	0x3699	0x4F69	MOV byte ptr [0x3699],0x1	reject:not-a-string
1000:d76a	CALLF	op0	0xF092	0x10962	CALLF 0x1000:f092	reject:not-a-string
1000:d783	CALLF	op0	0xF092	0x10962	CALLF 0x1000:f092	reject:not-a-string
1000:d788	MOV	op1	0x38AE	0x517E	MOV AX,[0x38ae]	reject:not-a-string
1000:d78b	MOV	op0	0x38AC	0x517C	MOV [0x38ac],AX	reject:not-a-string
1000:d78e	SUB	op0	0x38C7	0x5197	SUB word ptr [0x38c7],0xc	reject:not-a-string
1000:d793	MOV	op0	0x3B76	0x5446	MOV byte ptr [0x3b76],0x0	reject:not-a-string
1000:d798	JMP	op0	0xD7B3	0xF083	JMP 0x1000:d7b3	reject:not-a-string
1000:d7ae	CALLF	op0	0xF092	0x10962	CALLF 0x1000:f092	reject:not-a-string
1000:d7b3	JMP	op0	0xD7CE	0xF09E	JMP 0x1000:d7ce	reject:not-a-string
1000:d7c9	CALLF	op0	0xF092	0x10962	CALLF 0x1000:f092	reject:not-a-string
1000:d7ce	MOV	op1	0x3972	0x5242	MOV DI,0x3972	reject:not-a-string
1000:d7d8	CALLF	op0	0x0358	0x11C28	CALLF 0x2000:0358	reject:not-a-string
1000:d7dd	JNZ	op0	0xD7F8	0xF0C8	JNZ 0x1000:d7f8	reject:not-a-string
1000:d7f3	CALLF	op0	0xF092	0x10962	CALLF 0x1000:f092	reject:not-a-string
1000:d7f8	MOV	op1	0x3972	0x5242	MOV DI,0x3972	reject:not-a-string
1000:d7fd	MOV	op1	0x9CED	0xB5BD	MOV DI,0x9ced	reject:not-a-string
1000:d802	CALLF	op0	0x0358	0x11C28	CALLF 0x2000:0358	reject:not-a-string
1000:d807	JZ	op0	0xD80C	0xF0DC	JZ 0x1000:d80c	reject:not-a-string
1000:d809	JMP	op0	0xDEFC	0xF7CC	JMP 0x1000:defc	reject:not-a-string
1000:d80c	CMP	op0	0x3696	0x4F66	CMP byte ptr [0x3696],0x1	reject:not-a-string
1000:d811	JZ	op0	0xD816	0xF0E6	JZ 0x1000:d816	reject:not-a-string
1000:d813	JMP	op0	0xDEE3	0xF7B3	JMP 0x1000:dee3	reject:not-a-string
1000:d82a	CALLF	op0	0xEED0	0x107A0	CALLF 0x1000:eed0	reject:not-a-string
1000:d82f	CMP	op0	0x3692	0x4F62	CMP byte ptr [0x3692],0x1	reject:not-a-string
1000:d834	JNZ	op0	0xD859	0xF129	JNZ 0x1000:d859	reject:not-a-string
1000:d836	MOV	op1	0x9D06	0xB5D6	MOV DI,0x9d06	reject:not-a-string
1000:d83f	CALLF	op0	0x08CB	0x1219B	CALLF 0x2000:08cb	reject:not-a-string
1000:d854	CALLF	op0	0xF092	0x10962	CALLF 0x1000:f092	reject:not-a-string
1000:d859	CMP	op0	0x3692	0x4F62	CMP byte ptr [0x3692],0x2	reject:not-a-string
1000:d85e	JNZ	op0	0xD879	0xF149	JNZ 0x1000:d879	reject:not-a-string
1000:d874	CALLF	op0	0xF092	0x10962	CALLF 0x1000:f092	reject:not-a-string
1000:d879	CMP	op0	0x3692	0x4F62	CMP byte ptr [0x3692],0x3	reject:not-a-string
1000:d87e	JNZ	op0	0xD899	0xF169	JNZ 0x1000:d899	reject:not-a-string
1000:d894	CALLF	op0	0xF092	0x10962	CALLF 0x1000:f092	reject:not-a-string
1000:d899	CMP	op0	0x3692	0x4F62	CMP byte ptr [0x3692],0x4	reject:not-a-string
1000:d89e	JNZ	op0	0xD8B9	0xF189	JNZ 0x1000:d8b9	reject:not-a-string
1000:d8b4	CALLF	op0	0xF092	0x10962	CALLF 0x1000:f092	reject:not-a-string
1000:d8b9	MOV	op1	0x3FCC	0x589C	MOV DI,0x3fcc	reject:not-a-string
1000:d8be	CALLF	op0	0xFD5D	0x1162D	CALLF 0x1000:fd5d	reject:not-a-string
1000:d8c3	CALLF	op0	0xFA11	0x112E1	CALLF 0x1000:fa11	reject:not-a-string
1000:d8c8	CMP	op0	0x3B78	0x5448	CMP byte ptr [0x3b78],0x1	reject:not-a-string
1000:d8cd	JNZ	op0	0xD8E8	0xF1B8	JNZ 0x1000:d8e8	reject:not-a-string
1000:d8e3	CALLF	op0	0xF092	0x10962	CALLF 0x1000:f092	reject:not-a-string
1000:d8e8	CMP	op0	0x3B79	0x5449	CMP byte ptr [0x3b79],0x0	reject:not-a-string
1000:d8ed	JZ	op0	0xD90F	0xF1DF	JZ 0x1000:d90f	reject:not-a-string
1000:d8f4	JL	op0	0xD90F	0xF1DF	JL 0x1000:d90f	reject:not-a-string
1000:d90a	CALLF	op0	0xF092	0x10962	CALLF 0x1000:f092	reject:not-a-string
1000:d90f	CMP	op0	0x3695	0x4F65	CMP byte ptr [0x3695],0x0	reject:not-a-string
1000:d914	JZ	op0	0xD91D	0xF1ED	JZ 0x1000:d91d	reject:not-a-string
1000:d916	CMP	op0	0x369A	0x4F6A	CMP byte ptr [0x369a],0x0	reject:not-a-string
1000:d91b	JNZ	op0	0xD95C	0xF22C	JNZ 0x1000:d95c	reject:not-a-string
1000:d91d	MOV	op1	0x3692	0x4F62	MOV AL,[0x3692]	reject:not-a-string
1000:d92a	MOV	op1	0x38A6	0x5176	MOV AX,[0x38a6]	reject:not-a-string
1000:d941	JL	op0	0xD95C	0xF22C	JL 0x1000:d95c	reject:not-a-string
1000:d957	CALLF	op0	0xF092	0x10962	CALLF 0x1000:f092	reject:not-a-string
1000:d95c	MOV	op1	0x3FCC	0x589C	MOV DI,0x3fcc	reject:not-a-string
1000:d961	CALLF	op0	0xFD5D	0x1162D	CALLF 0x1000:fd5d	reject:not-a-string
1000:d966	CALLF	op0	0xFA11	0x112E1	CALLF 0x1000:fa11	reject:not-a-string
1000:d97f	CALLF	op0	0xF092	0x10962	CALLF 0x1000:f092	reject:not-a-string
1000:d984	CMP	op0	0x38C3	0x5193	CMP word ptr [0x38c3],0x0	reject:not-a-string
1000:d989	JNZ	op0	0xD992	0xF262	JNZ 0x1000:d992	reject:not-a-string
1000:d98b	MOV	op0	0x3B7A	0x544A	MOV byte ptr [0x3b7a],0x34	reject:not-a-string
1000:d990	JMP	op0	0xD997	0xF267	JMP 0x1000:d997	reject:not-a-string
1000:d992	MOV	op0	0x3B7A	0x544A	MOV byte ptr [0x3b7a],0x30	reject:not-a-string
1000:d997	LEA	op1	0xFE00	0x116D0	LEA DI,[BP + 0xfe00]	reject:not-a-string
1000:d9a2	CALLF	op0	0x0267	0x11B37	CALLF 0x2000:0267	reject:not-a-string
1000:d9a7	LEA	op1	0xFF00	0x117D0	LEA DI,[BP + 0xff00]	reject:not-a-string
1000:d9ad	MOV	op1	0x3B7A	0x544A	MOV AL,[0x3b7a]	reject:not-a-string
1000:d9b1	CALLF	op0	0x0383	0x11C53	CALLF 0x2000:0383	reject:not-a-string
1000:d9b6	CALLF	op0	0x02E6	0x11BB6	CALLF 0x2000:02e6	reject:not-a-string
1000:d9c0	CALLF	op0	0x02E6	0x11BB6	CALLF 0x2000:02e6	reject:not-a-string
1000:d9d4	CALLF	op0	0xF092	0x10962	CALLF 0x1000:f092	reject:not-a-string
1000:d9de	JGE	op0	0xD9E7	0xF2B7	JGE 0x1000:d9e7	reject:not-a-string
1000:d9e0	MOV	op0	0x3B7A	0x544A	MOV byte ptr [0x3b7a],0x34	reject:not-a-string
1000:d9e5	JMP	op0	0xD9EC	0xF2BC	JMP 0x1000:d9ec	reject:not-a-string
1000:d9e7	MOV	op0	0x3B7A	0x544A	MOV byte ptr [0x3b7a],0x30	reject:not-a-string
1000:d9ec	CMP	op0	0x3E35	0x5705	CMP byte ptr [0x3e35],0x0	reject:not-a-string
1000:d9f1	JBE	op0	0xDA35	0xF305	JBE 0x1000:da35	reject:not-a-string
1000:d9f3	LEA	op1	0xFE00	0x116D0	LEA DI,[BP + 0xfe00]	reject:not-a-string
1000:d9fe	CALLF	op0	0x0267	0x11B37	CALLF 0x2000:0267	reject:not-a-string
1000:da03	LEA	op1	0xFF00	0x117D0	LEA DI,[BP + 0xff00]	reject:not-a-string
1000:da09	MOV	op1	0x3B7A	0x544A	MOV AL,[0x3b7a]	reject:not-a-string
1000:da0d	CALLF	op0	0x0383	0x11C53	CALLF 0x2000:0383	reject:not-a-string
1000:da12	CALLF	op0	0x02E6	0x11BB6	CALLF 0x2000:02e6	reject:not-a-string
1000:da1c	CALLF	op0	0x02E6	0x11BB6	CALLF 0x2000:02e6	reject:not-a-string
1000:da30	CALLF	op0	0xF092	0x10962	CALLF 0x1000:f092	reject:not-a-string
1000:da35	CMP	op0	0x3B78	0x5448	CMP byte ptr [0x3b78],0x1	reject:not-a-string
1000:da3a	JNZ	op0	0xDA55	0xF325	JNZ 0x1000:da55	reject:not-a-string
1000:da50	CALLF	op0	0xF092	0x10962	CALLF 0x1000:f092	reject:not-a-string
1000:da69	CALLF	op0	0xF092	0x10962	CALLF 0x1000:f092	reject:not-a-string
1000:da6e	CMP	op0	0x3695	0x4F65	CMP byte ptr [0x3695],0x0	reject:not-a-string
1000:da73	JZ	op0	0xDA7C	0xF34C	JZ 0x1000:da7c	reject:not-a-string
1000:da75	CMP	op0	0x369A	0x4F6A	CMP byte ptr [0x369a],0x0	reject:not-a-string
1000:da7a	JNZ	op0	0xDABB	0xF38B	JNZ 0x1000:dabb	reject:not-a-string
1000:da7c	MOV	op1	0x3692	0x4F62	MOV AL,[0x3692]	reject:not-a-string
1000:da89	MOV	op1	0x38A6	0x5176	MOV AX,[0x38a6]	reject:not-a-string
1000:daa0	JL	op0	0xDABB	0xF38B	JL 0x1000:dabb	reject:not-a-string
1000:dab6	CALLF	op0	0xF092	0x10962	CALLF 0x1000:f092	reject:not-a-string
1000:dac0	JL	op0	0xDAE2	0xF3B2	JL 0x1000:dae2	reject:not-a-string
1000:dac2	CMP	op0	0x3B79	0x5449	CMP byte ptr [0x3b79],0x0	reject:not-a-string
1000:dac7	JZ	op0	0xDAE2	0xF3B2	JZ 0x1000:dae2	reject:not-a-string
1000:dadd	CALLF	op0	0xF092	0x10962	CALLF 0x1000:f092	reject:not-a-string
1000:daf6	CALLF	op0	0xEED0	0x107A0	CALLF 0x1000:eed0	reject:not-a-string
1000:dafb	MOV	op1	0x3ECC	0x579C	MOV DI,0x3ecc	reject:not-a-string
1000:db00	MOV	op1	0x3A72	0x5342	MOV DI,0x3a72	reject:not-a-string
1000:db09	CALLF	op0	0xFE46	0x11716	CALLF 0x1000:fe46	reject:not-a-string
1000:db0e	CALLF	op0	0xFD1D	0x115ED	CALLF 0x1000:fd1d	reject:not-a-string
1000:db13	CALLF	op0	0xFA11	0x112E1	CALLF 0x1000:fa11	reject:not-a-string
1000:db18	MOV	op1	0x3A72	0x5342	MOV DI,0x3a72	reject:not-a-string
1000:db1d	CALLF	op0	0xF0E6	0x109B6	CALLF 0x1000:f0e6	reject:not-a-string
1000:db22	MOV	op1	0x3A72	0x5342	MOV DI,0x3a72	reject:not-a-string
1000:db27	MOV	op1	0x9EC1	0xB791	MOV DI,0x9ec1	reject:not-a-string
1000:db2c	CALLF	op0	0x0358	0x11C28	CALLF 0x2000:0358	reject:not-a-string
1000:db31	JNZ	op0	0xDB77	0xF447	JNZ 0x1000:db77	reject:not-a-string
1000:db33	CMP	op0	0x38C3	0x5193	CMP word ptr [0x38c3],0x0	reject:not-a-string
1000:db38	JLE	op0	0xDB5E	0xF42E	JLE 0x1000:db5e	reject:not-a-string
1000:db3a	DEC	op0	0x38C3	0x5193	DEC word ptr [0x38c3]	reject:not-a-string
1000:db57	CALLF	op0	0xF092	0x10962	CALLF 0x1000:f092	reject:not-a-string
1000:db5c	JMP	op0	0xDB77	0xF447	JMP 0x1000:db77	reject:not-a-string
1000:db72	CALLF	op0	0xF092	0x10962	CALLF 0x1000:f092	reject:not-a-string
1000:db77	MOV	op1	0x3A72	0x5342	MOV DI,0x3a72	reject:not-a-string
1000:db7c	MOV	op1	0x9A50	0xB320	MOV DI,0x9a50	reject:not-a-string
1000:db81	CALLF	op0	0x0358	0x11C28	CALLF 0x2000:0358	reject:not-a-string
1000:db86	JNZ	op0	0xDBF3	0xF4C3	JNZ 0x1000:dbf3	reject:not-a-string
1000:db88	CMP	op0	0x3E35	0x5705	CMP byte ptr [0x3e35],0x0	reject:not-a-string
1000:db8d	JBE	op0	0xDBDA	0xF4AA	JBE 0x1000:dbda	reject:not-a-string
1000:db94	JLE	op0	0xDBBF	0xF48F	JLE 0x1000:dbbf	reject:not-a-string
1000:db96	ADD	op0	0x38C7	0x5197	ADD word ptr [0x38c7],0x2	reject:not-a-string
1000:dba0	DEC	op0	0x3E35	0x5705	DEC byte ptr [0x3e35]	reject:not-a-string
1000:dbb8	CALLF	op0	0xF092	0x10962	CALLF 0x1000:f092	reject:not-a-string
1000:dbbd	JMP	op0	0xDBD8	0xF4A8	JMP 0x1000:dbd8	reject:not-a-string
1000:dbd3	CALLF	op0	0xF092	0x10962	CALLF 0x1000:f092	reject:not-a-string
1000:dbd8	JMP	op0	0xDBF3	0xF4C3	JMP 0x1000:dbf3	reject:not-a-string
1000:dbee	CALLF	op0	0xF092	0x10962	CALLF 0x1000:f092	reject:not-a-string
1000:dbf3	CMP	op0	0x3B78	0x5448	CMP byte ptr [0x3b78],0x1	reject:not-a-string
1000:dbf8	JNZ	op0	0xDC63	0xF533	JNZ 0x1000:dc63	reject:not-a-string
1000:dbfa	MOV	op1	0x3A72	0x5342	MOV DI,0x3a72	reject:not-a-string
1000:dbff	MOV	op1	0x9F82	0xB852	MOV DI,0x9f82	reject:not-a-string
1000:dc04	CALLF	op0	0x0358	0x11C28	CALLF 0x2000:0358	reject:not-a-string
1000:dc09	JNZ	op0	0xDC63	0xF533	JNZ 0x1000:dc63	reject:not-a-string
1000:dc0e	CALL	op0	0x0D14	0x25E4	CALL 0x1000:0d14	reject:not-a-string
1000:dc11	MOV	op0	0x3B72	0x5442	MOV byte ptr [0x3b72],0x1	reject:not-a-string
1000:dc16	LEA	op1	0xFF00	0x117D0	LEA DI,[BP + 0xff00]	reject:not-a-string
1000:dc21	CALLF	op0	0x0267	0x11B37	CALLF 0x2000:0267	reject:not-a-string
1000:dc26	MOV	op1	0x3952	0x5222	MOV DI,word ptr [0x3952]	reject:not-a-string
1000:dc34	CALLF	op0	0x02E6	0x11BB6	CALLF 0x2000:02e6	reject:not-a-string
1000:dc3e	CALLF	op0	0x02E6	0x11BB6	CALLF 0x2000:02e6	reject:not-a-string
1000:dc43	PUSH	op0	0x395C	0x522C	PUSH word ptr [0x395c]	reject:not-a-string
1000:dc53	CALLF	op0	0xF092	0x10962	CALLF 0x1000:f092	reject:not-a-string
1000:dc5b	CALL	op0	0x3D11	0x55E1	CALL 0x1000:3d11	reject:not-a-string
1000:dc5e	MOV	op0	0x3B78	0x5448	MOV byte ptr [0x3b78],0x0	reject:not-a-string
1000:dc63	MOV	op1	0x3A72	0x5342	MOV DI,0x3a72	reject:not-a-string
1000:dc68	MOV	op1	0x9F85	0xB855	MOV DI,0x9f85	reject:not-a-string
1000:dc6d	CALLF	op0	0x0358	0x11C28	CALLF 0x2000:0358	reject:not-a-string
1000:dc72	JNZ	op0	0xDCBA	0xF58A	JNZ 0x1000:dcba	reject:not-a-string
1000:dc89	CALLF	op0	0xF092	0x10962	CALLF 0x1000:f092	reject:not-a-string
1000:dc8e	MOV	op1	0x3692	0x4F62	MOV AL,[0x3692]	reject:not-a-string
1000:dc9f	JG	op0	0xDCBA	0xF58A	JG 0x1000:dcba	reject:not-a-string
1000:dcb5	CALLF	op0	0xF092	0x10962	CALLF 0x1000:f092	reject:not-a-string
1000:dcba	CMP	op0	0x3695	0x4F65	CMP byte ptr [0x3695],0x0	reject:not-a-string
1000:dcbf	JZ	op0	0xDCC8	0xF598	JZ 0x1000:dcc8	reject:not-a-string
1000:dcc1	CMP	op0	0x369A	0x4F6A	CMP byte ptr [0x369a],0x0	reject:not-a-string
1000:dcc6	JNZ	op0	0xDD32	0xF602	JNZ 0x1000:dd32	reject:not-a-string
1000:dcc8	MOV	op1	0x3692	0x4F62	MOV AL,[0x3692]	reject:not-a-string
1000:dcd5	MOV	op1	0x38A6	0x5176	MOV AX,[0x38a6]	reject:not-a-string
1000:dce3	JL	op0	0xDD32	0xF602	JL 0x1000:dd32	reject:not-a-string
1000:dce5	MOV	op1	0x3A72	0x5342	MOV DI,0x3a72	reject:not-a-string
1000:dcea	MOV	op1	0x9FC9	0xB899	MOV DI,0x9fc9	reject:not-a-string
1000:dcef	CALLF	op0	0x0358	0x11C28	CALLF 0x2000:0358	reject:not-a-string
1000:dcf4	JNZ	op0	0xDD32	0xF602	JNZ 0x1000:dd32	reject:not-a-string
1000:dcf6	MOV	op0	0x3695	0x4F65	MOV byte ptr [0x3695],0x1	reject:not-a-string
1000:dcfb	MOV	op0	0x369A	0x4F6A	MOV byte ptr [0x369a],0x1	reject:not-a-string
1000:dd14	CALLF	op0	0xF092	0x10962	CALLF 0x1000:f092	reject:not-a-string
1000:dd2d	CALLF	op0	0xF092	0x10962	CALLF 0x1000:f092	reject:not-a-string
1000:dd32	MOV	op1	0x3A72	0x5342	MOV DI,0x3a72	reject:not-a-string
1000:dd37	MOV	op1	0xA036	0xB906	MOV DI,0xa036	reject:not-a-string
1000:dd3c	CALLF	op0	0x0358	0x11C28	CALLF 0x2000:0358	reject:not-a-string
1000:dd41	JZ	op0	0xDD46	0xF616	JZ 0x1000:dd46	reject:not-a-string
1000:dd43	JMP	op0	0xDECD	0xF79D	JMP 0x1000:decd	reject:not-a-string
1000:dd4b	JGE	op0	0xDD50	0xF620	JGE 0x1000:dd50	reject:not-a-string
1000:dd4d	JMP	op0	0xDECD	0xF79D	JMP 0x1000:decd	reject:not-a-string
1000:dd50	CMP	op0	0x3B79	0x5449	CMP byte ptr [0x3b79],0x0	reject:not-a-string
1000:dd55	JNZ	op0	0xDD5A	0xF62A	JNZ 0x1000:dd5a	reject:not-a-string
1000:dd57	JMP	op0	0xDECD	0xF79D	JMP 0x1000:decd	reject:not-a-string
1000:dd6e	CALLF	op0	0xF092	0x10962	CALLF 0x1000:f092	reject:not-a-string
1000:dd87	CALLF	op0	0xF092	0x10962	CALLF 0x1000:f092	reject:not-a-string
1000:dd8c	MOV	op1	0x3692	0x4F62	MOV AL,[0x3692]	reject:not-a-string
1000:dd97	CALLF	op0	0x08CB	0x1219B	CALLF 0x2000:08cb	reject:not-a-string
1000:dda2	MOV	op1	0x38A4	0x5174	MOV AX,[0x38a4]	reject:not-a-string
1000:dda8	JL	op0	0xDDB6	0xF686	JL 0x1000:ddb6	reject:not-a-string
1000:ddaa	JLE	op0	0xDDAF	0xF67F	JLE 0x1000:ddaf	reject:not-a-string
1000:ddac	JMP	op0	0xDE36	0xF706	JMP 0x1000:de36	reject:not-a-string
1000:ddb1	JC	op0	0xDDB6	0xF686	JC 0x1000:ddb6	reject:not-a-string
1000:ddb3	JMP	op0	0xDE36	0xF706	JMP 0x1000:de36	reject:not-a-string
1000:ddca	CALLF	op0	0xF092	0x10962	CALLF 0x1000:f092	reject:not-a-string
1000:ddcf	MOV	op1	0x3692	0x4F62	MOV AL,[0x3692]	reject:not-a-string
1000:ddda	CALLF	op0	0x08CB	0x1219B	CALLF 0x2000:08cb	reject:not-a-string
1000:dde5	MOV	op1	0x38A4	0x5174	MOV AX,[0x38a4]	reject:not-a-string
1000:ddeb	JL	op0	0xDDF3	0xF6C3	JL 0x1000:ddf3	reject:not-a-string
1000:dded	JG	op0	0xDE1A	0xF6EA	JG 0x1000:de1a	reject:not-a-string
1000:ddf1	JNC	op0	0xDE1A	0xF6EA	JNC 0x1000:de1a	reject:not-a-string
1000:ddf6	CALL	op0	0x0D14	0x25E4	CALL 0x1000:0d14	reject:not-a-string
1000:ddfc	CALL	op0	0x3D11	0x55E1	CALL 0x1000:3d11	reject:not-a-string
1000:de13	CALLF	op0	0xF092	0x10962	CALLF 0x1000:f092	reject:not-a-string
1000:de18	JMP	op0	0xDE33	0xF703	JMP 0x1000:de33	reject:not-a-string
1000:de2e	CALLF	op0	0xF092	0x10962	CALLF 0x1000:f092	reject:not-a-string
1000:de33	JMP	op0	0xDEC8	0xF798	JMP 0x1000:dec8	reject:not-a-string
1000:de4a	CALLF	op0	0xF092	0x10962	CALLF 0x1000:f092	reject:not-a-string
1000:de4f	MOV	op1	0x3692	0x4F62	MOV AL,[0x3692]	reject:not-a-string
1000:de5a	CALLF	op0	0x08CB	0x1219B	CALLF 0x2000:08cb	reject:not-a-string
1000:de61	MOV	op1	0x3692	0x4F62	MOV AL,[0x3692]	reject:not-a-string
1000:de6d	ADD	op0	0x38C7	0x5197	ADD word ptr [0x38c7],AX	reject:not-a-string
1000:de71	MOV	op1	0x3692	0x4F62	MOV AL,[0x3692]	reject:not-a-string
1000:de7c	CALLF	op0	0x08CB	0x1219B	CALLF 0x2000:08cb	reject:not-a-string
1000:de83	MOV	op1	0x3692	0x4F62	MOV AL,[0x3692]	reject:not-a-string
1000:de8f	ADD	op0	0x38C9	0x5199	ADD word ptr [0x38c9],AX	reject:not-a-string
1000:de98	MOV	op1	0x3692	0x4F62	MOV AL,[0x3692]	reject:not-a-string
1000:deaf	CALLF	op0	0xF092	0x10962	CALLF 0x1000:f092	reject:not-a-string
1000:deb4	MOV	op1	0x3692	0x4F62	MOV AL,[0x3692]	reject:not-a-string
1000:debe	ADD	op0	0x38CE	0x519E	ADD word ptr [0x38ce],AX	reject:not-a-string
1000:dec5	CALL	op0	0x2526	0x3DF6	CALL 0x1000:2526	reject:not-a-string
1000:dec8	MOV	op0	0x3B79	0x5449	MOV byte ptr [0x3b79],0x0	reject:not-a-string
1000:decd	MOV	op1	0x3A72	0x5342	MOV DI,0x3a72	reject:not-a-string
1000:ded2	MOV	op1	0x848E	0x9D5E	MOV DI,0x848e	reject:not-a-string
1000:ded7	CALLF	op0	0x0358	0x11C28	CALLF 0x2000:0358	reject:not-a-string
1000:dedc	JZ	op0	0xDEE1	0xF7B1	JZ 0x1000:dee1	reject:not-a-string
1000:dede	JMP	op0	0xDAE2	0xF3B2	JMP 0x1000:dae2	reject:not-a-string
1000:dee1	JMP	op0	0xDEFC	0xF7CC	JMP 0x1000:defc	reject:not-a-string
1000:def7	CALLF	op0	0xF092	0x10962	CALLF 0x1000:f092	reject:not-a-string
1000:defc	MOV	op1	0x3972	0x5242	MOV DI,0x3972	reject:not-a-string
1000:df01	MOV	op1	0xA0EA	0xB9BA	MOV DI,0xa0ea	reject:not-a-string
1000:df06	CALLF	op0	0x0358	0x11C28	CALLF 0x2000:0358	reject:not-a-string
1000:df0b	JZ	op0	0xDF10	0xF7E0	JZ 0x1000:df10	reject:not-a-string
1000:df0d	JMP	op0	0xE386	0xFC56	JMP 0x1000:e386	reject:not-a-string
1000:df10	CMP	op0	0x3699	0x4F69	CMP byte ptr [0x3699],0x1	reject:not-a-string
1000:df15	JZ	op0	0xDF1A	0xF7EA	JZ 0x1000:df1a	reject:not-a-string
1000:df17	JMP	op0	0xE36D	0xFC3D	JMP 0x1000:e36d	reject:not-a-string
1000:df1a	CMP	op0	0x3B77	0x5447	CMP byte ptr [0x3b77],0x0	reject:not-a-string
1000:df1f	JBE	op0	0xDF3D	0xF80D	JBE 0x1000:df3d	reject:not-a-string
1000:df35	CALLF	op0	0xF092	0x10962	CALLF 0x1000:f092	reject:not-a-string
1000:df3a	JMP	op0	0xE36B	0xFC3B	JMP 0x1000:e36b	reject:not-a-string
1000:df51	CALLF	op0	0xF092	0x10962	CALLF 0x1000:f092	reject:not-a-string
1000:df6a	CALLF	op0	0xF092	0x10962	CALLF 0x1000:f092	reject:not-a-string
1000:df6f	CMP	op0	0x38C7	0x5197	CMP word ptr [0x38c7],0xf	reject:not-a-string
1000:df74	JL	op0	0xDF7D	0xF84D	JL 0x1000:df7d	reject:not-a-string
1000:df76	MOV	op0	0x3B7A	0x544A	MOV byte ptr [0x3b7a],0x30	reject:not-a-string
1000:df7b	JMP	op0	0xDF82	0xF852	JMP 0x1000:df82	reject:not-a-string
1000:df7d	MOV	op0	0x3B7A	0x544A	MOV byte ptr [0x3b7a],0x34	reject:not-a-string
1000:df82	LEA	op1	0xFE00	0x116D0	LEA DI,[BP + 0xfe00]	reject:not-a-string
1000:df8d	CALLF	op0	0x0267	0x11B37	CALLF 0x2000:0267	reject:not-a-string
1000:df92	LEA	op1	0xFF00	0x117D0	LEA DI,[BP + 0xff00]	reject:not-a-string
1000:df98	MOV	op1	0x3B7A	0x544A	MOV AL,[0x3b7a]	reject:not-a-string
1000:df9c	CALLF	op0	0x0383	0x11C53	CALLF 0x2000:0383	reject:not-a-string
1000:dfa1	CALLF	op0	0x02E6	0x11BB6	CALLF 0x2000:02e6	reject:not-a-string
1000:dfab	CALLF	op0	0x02E6	0x11BB6	CALLF 0x2000:02e6	reject:not-a-string
1000:dfbf	CALLF	op0	0xF092	0x10962	CALLF 0x1000:f092	reject:not-a-string
1000:dfc4	CMP	op0	0x3692	0x4F62	CMP byte ptr [0x3692],0x1	reject:not-a-string
1000:dfc9	JBE	op0	0xE020	0xF8F0	JBE 0x1000:e020	reject:not-a-string
1000:dfcb	CMP	op0	0x38C7	0x5197	CMP word ptr [0x38c7],0x16	reject:not-a-string
1000:dfd0	JL	op0	0xDFD9	0xF8A9	JL 0x1000:dfd9	reject:not-a-string
1000:dfd2	MOV	op0	0x3B7A	0x544A	MOV byte ptr [0x3b7a],0x30	reject:not-a-string
1000:dfd7	JMP	op0	0xDFDE	0xF8AE	JMP 0x1000:dfde	reject:not-a-string
1000:dfd9	MOV	op0	0x3B7A	0x544A	MOV byte ptr [0x3b7a],0x34	reject:not-a-string
1000:dfde	LEA	op1	0xFE00	0x116D0	LEA DI,[BP + 0xfe00]	reject:not-a-string
1000:dfe9	CALLF	op0	0x0267	0x11B37	CALLF 0x2000:0267	reject:not-a-string
1000:dfee	LEA	op1	0xFF00	0x117D0	LEA DI,[BP + 0xff00]	reject:not-a-string
1000:dff4	MOV	op1	0x3B7A	0x544A	MOV AL,[0x3b7a]	reject:not-a-string
1000:dff8	CALLF	op0	0x0383	0x11C53	CALLF 0x2000:0383	reject:not-a-string
1000:dffd	CALLF	op0	0x02E6	0x11BB6	CALLF 0x2000:02e6	reject:not-a-string
1000:e007	CALLF	op0	0x02E6	0x11BB6	CALLF 0x2000:02e6	reject:not-a-string
1000:e01b	CALLF	op0	0xF092	0x10962	CALLF 0x1000:f092	reject:not-a-string
1000:e039	CALLF	op0	0xEED0	0x107A0	CALLF 0x1000:eed0	reject:not-a-string
1000:e03e	MOV	op1	0x3ECC	0x579C	MOV DI,0x3ecc	reject:not-a-string
1000:e043	MOV	op1	0x3A72	0x5342	MOV DI,0x3a72	reject:not-a-string
1000:e04c	CALLF	op0	0xFE46	0x11716	CALLF 0x1000:fe46	reject:not-a-string
1000:e051	CALLF	op0	0xFD1D	0x115ED	CALLF 0x1000:fd1d	reject:not-a-string
1000:e056	CALLF	op0	0xFA11	0x112E1	CALLF 0x1000:fa11	reject:not-a-string
1000:e05b	MOV	op1	0x3A72	0x5342	MOV DI,0x3a72	reject:not-a-string
1000:e060	CALLF	op0	0xF0E6	0x109B6	CALLF 0x1000:f0e6	reject:not-a-string
1000:e065	MOV	op1	0x3A72	0x5342	MOV DI,0x3a72	reject:not-a-string
1000:e06a	MOV	op1	0x9EC1	0xB791	MOV DI,0x9ec1	reject:not-a-string
1000:e06f	CALLF	op0	0x0358	0x11C28	CALLF 0x2000:0358	reject:not-a-string
1000:e074	JZ	op0	0xE079	0xF949	JZ 0x1000:e079	reject:not-a-string
1000:e076	JMP	op0	0xE274	0xFB44	JMP 0x1000:e274	reject:not-a-string
1000:e07e	CMP	op1	0x38C7	0x5197	CMP AX,word ptr [0x38c7]	reject:not-a-string
1000:e082	JLE	op0	0xE087	0xF957	JLE 0x1000:e087	reject:not-a-string
1000:e084	JMP	op0	0xE258	0xFB28	JMP 0x1000:e258	reject:not-a-string
1000:e09e	CALLF	op0	0xF092	0x10962	CALLF 0x1000:f092	reject:not-a-string
1000:e0a8	SUB	op0	0x38C7	0x5197	SUB word ptr [0x38c7],AX	reject:not-a-string
1000:e0ac	MOV	op1	0x3692	0x4F62	MOV AL,[0x3692]	reject:not-a-string
1000:e0b7	CALLF	op0	0x08CB	0x1219B	CALLF 0x2000:08cb	reject:not-a-string
1000:e0c2	MOV	op1	0x38A4	0x5174	MOV AX,[0x38a4]	reject:not-a-string
1000:e0c8	JG	op0	0xE0D0	0xF9A0	JG 0x1000:e0d0	reject:not-a-string
1000:e0ca	JL	op0	0xE129	0xF9F9	JL 0x1000:e129	reject:not-a-string
1000:e0ce	JC	op0	0xE129	0xF9F9	JC 0x1000:e129	reject:not-a-string
1000:e0d7	ADD	op0	0x38C7	0x5197	ADD word ptr [0x38c7],AX	reject:not-a-string
1000:e0f2	CALLF	op0	0xF092	0x10962	CALLF 0x1000:f092	reject:not-a-string
1000:e101	MOV	op1	0x3692	0x4F62	MOV AL,[0x3692]	reject:not-a-string
1000:e113	CALLF	op0	0xF092	0x10962	CALLF 0x1000:f092	reject:not-a-string
1000:e118	MOV	op1	0x3692	0x4F62	MOV AL,[0x3692]	reject:not-a-string
1000:e11d	ADD	op0	0x38CE	0x519E	ADD word ptr [0x38ce],AX	reject:not-a-string
1000:e124	CALL	op0	0x2526	0x3DF6	CALL 0x1000:2526	reject:not-a-string
1000:e127	JMP	op0	0xE14A	0xFA1A	JMP 0x1000:e14a	reject:not-a-string
1000:e140	CALLF	op0	0xF092	0x10962	CALLF 0x1000:f092	reject:not-a-string
1000:e14f	JNC	op0	0xE174	0xFA44	JNC 0x1000:e174	reject:not-a-string
1000:e156	JBE	op0	0xE174	0xFA44	JBE 0x1000:e174	reject:not-a-string
1000:e16f	CALLF	op0	0xF092	0x10962	CALLF 0x1000:f092	reject:not-a-string
1000:e179	JNC	op0	0xE17E	0xFA4E	JNC 0x1000:e17e	reject:not-a-string
1000:e17b	JMP	op0	0xE256	0xFB26	JMP 0x1000:e256	reject:not-a-string
1000:e181	CALL	op0	0x0D14	0x25E4	CALL 0x1000:0d14	reject:not-a-string
1000:e184	MOV	op0	0x3B72	0x5442	MOV byte ptr [0x3b72],0x1	reject:not-a-string
1000:e19d	CALLF	op0	0xF092	0x10962	CALLF 0x1000:f092	reject:not-a-string
1000:e1a2	LEA	op1	0xFF00	0x117D0	LEA DI,[BP + 0xff00]	reject:not-a-string
1000:e1ad	CALLF	op0	0x0267	0x11B37	CALLF 0x2000:0267	reject:not-a-string
1000:e1b2	MOV	op1	0x3952	0x5222	MOV DI,word ptr [0x3952]	reject:not-a-string
1000:e1c0	CALLF	op0	0x02E6	0x11BB6	CALLF 0x2000:02e6	reject:not-a-string
1000:e1ca	CALLF	op0	0x02E6	0x11BB6	CALLF 0x2000:02e6	reject:not-a-string
1000:e1cf	PUSH	op0	0x395C	0x522C	PUSH word ptr [0x395c]	reject:not-a-string
1000:e1df	CALLF	op0	0xF092	0x10962	CALLF 0x1000:f092	reject:not-a-string
1000:e1e9	MOV	op1	0x3692	0x4F62	MOV AL,[0x3692]	reject:not-a-string
1000:e203	CALLF	op0	0xF092	0x10962	CALLF 0x1000:f092	reject:not-a-string
1000:e208	MOV	op1	0x3692	0x4F62	MOV AL,[0x3692]	reject:not-a-string
1000:e215	ADD	op0	0x38CE	0x519E	ADD word ptr [0x38ce],AX	reject:not-a-string
1000:e21c	CALL	op0	0x2526	0x3DF6	CALL 0x1000:2526	reject:not-a-string
1000:e222	CALL	op0	0x3D11	0x55E1	CALL 0x1000:3d11	reject:not-a-string
1000:e239	CALLF	op0	0xF092	0x10962	CALLF 0x1000:f092	reject:not-a-string
1000:e23e	MOV	op0	0x3B77	0x5447	MOV byte ptr [0x3b77],0x5	reject:not-a-string
1000:e243	MOV	op1	0x848E	0x9D5E	MOV DI,0x848e	reject:not-a-string
1000:e248	MOV	op1	0x3A72	0x5342	MOV DI,0x3a72	reject:not-a-string
1000:e251	CALLF	op0	0x0281	0x11B51	CALLF 0x2000:0281	reject:not-a-string
1000:e256	JMP	op0	0xE274	0xFB44	JMP 0x1000:e274	reject:not-a-string
1000:e26f	CALLF	op0	0xF092	0x10962	CALLF 0x1000:f092	reject:not-a-string
1000:e274	MOV	op1	0x3A72	0x5342	MOV DI,0x3a72	reject:not-a-string
1000:e279	MOV	op1	0x8DCA	0xA69A	MOV DI,0x8dca	reject:not-a-string
1000:e27e	CALLF	op0	0x0358	0x11C28	CALLF 0x2000:0358	reject:not-a-string
1000:e283	JNZ	op0	0xE2E2	0xFBB2	JNZ 0x1000:e2e2	reject:not-a-string
1000:e285	CMP	op0	0x38C7	0x5197	CMP word ptr [0x38c7],0xf	reject:not-a-string
1000:e28a	JGE	op0	0xE2A7	0xFB77	JGE 0x1000:e2a7	reject:not-a-string
1000:e2a0	CALLF	op0	0xF092	0x10962	CALLF 0x1000:f092	reject:not-a-string
1000:e2a5	JMP	op0	0xE2E2	0xFBB2	JMP 0x1000:e2e2	reject:not-a-string
1000:e2a7	SUB	op0	0x38C7	0x5197	SUB word ptr [0x38c7],0xf	reject:not-a-string
1000:e2c0	CALLF	op0	0xF092	0x10962	CALLF 0x1000:f092	reject:not-a-string
1000:e2c5	INC	op0	0x38A0	0x5170	INC word ptr [0x38a0]	reject:not-a-string
1000:e2dd	CALLF	op0	0xF092	0x10962	CALLF 0x1000:f092	reject:not-a-string
1000:e2e2	CMP	op0	0x3692	0x4F62	CMP byte ptr [0x3692],0x1	reject:not-a-string
1000:e2e7	JBE	op0	0xE357	0xFC27	JBE 0x1000:e357	reject:not-a-string
1000:e2e9	MOV	op1	0x3A72	0x5342	MOV DI,0x3a72	reject:not-a-string
1000:e2ee	MOV	op1	0x8E4B	0xA71B	MOV DI,0x8e4b	reject:not-a-string
1000:e2f3	CALLF	op0	0x0358	0x11C28	CALLF 0x2000:0358	reject:not-a-string
1000:e2f8	JNZ	op0	0xE357	0xFC27	JNZ 0x1000:e357	reject:not-a-string
1000:e2fa	CMP	op0	0x38C7	0x5197	CMP word ptr [0x38c7],0x16	reject:not-a-string
1000:e2ff	JGE	op0	0xE31C	0xFBEC	JGE 0x1000:e31c	reject:not-a-string
1000:e315	CALLF	op0	0xF092	0x10962	CALLF 0x1000:f092	reject:not-a-string
1000:e31a	JMP	op0	0xE357	0xFC27	JMP 0x1000:e357	reject:not-a-string
1000:e31c	SUB	op0	0x38C7	0x5197	SUB word ptr [0x38c7],0x16	reject:not-a-string
1000:e335	CALLF	op0	0xF092	0x10962	CALLF 0x1000:f092	reject:not-a-string
1000:e33a	INC	op0	0x38A4	0x5174	INC word ptr [0x38a4]	reject:not-a-string
1000:e352	CALLF	op0	0xF092	0x10962	CALLF 0x1000:f092	reject:not-a-string
1000:e357	MOV	op1	0x3A72	0x5342	MOV DI,0x3a72	reject:not-a-string
1000:e35c	MOV	op1	0x848E	0x9D5E	MOV DI,0x848e	reject:not-a-string
1000:e361	CALLF	op0	0x0358	0x11C28	CALLF 0x2000:0358	reject:not-a-string
1000:e366	JZ	op0	0xE36B	0xFC3B	JZ 0x1000:e36b	reject:not-a-string
1000:e368	JMP	op0	0xE025	0xF8F5	JMP 0x1000:e025	reject:not-a-string
1000:e36b	JMP	op0	0xE386	0xFC56	JMP 0x1000:e386	reject:not-a-string
1000:e381	CALLF	op0	0xF092	0x10962	CALLF 0x1000:f092	reject:not-a-string
1000:e386	MOV	op1	0x3972	0x5242	MOV DI,0x3972	reject:not-a-string
1000:e390	CALLF	op0	0x0358	0x11C28	CALLF 0x2000:0358	reject:not-a-string
1000:e395	JZ	op0	0xE39A	0xFC6A	JZ 0x1000:e39a	reject:not-a-string
1000:e397	JMP	op0	0xE961	0x10231	JMP 0x1000:e961	reject:not-a-string
1000:e39a	CMP	op0	0x369A	0x4F6A	CMP byte ptr [0x369a],0x1	reject:not-a-string
1000:e39f	JZ	op0	0xE3A4	0xFC74	JZ 0x1000:e3a4	reject:not-a-string
1000:e3a1	JMP	op0	0xE948	0x10218	JMP 0x1000:e948	reject:not-a-string
1000:e3a4	MOV	op1	0x38B2	0x5182	MOV AL,[0x38b2]	reject:not-a-string
1000:e3a7	MOV	op0	0x3E34	0x5704	MOV [0x3e34],AL	reject:not-a-string
1000:e3aa	CMP	op0	0x38B4	0x5184	CMP byte ptr [0x38b4],0x0	reject:not-a-string
1000:e3af	JZ	op0	0xE3BC	0xFC8C	JZ 0x1000:e3bc	reject:not-a-string
1000:e3b1	CMP	op0	0x38B7	0x5187	CMP byte ptr [0x38b7],0x0	reject:not-a-string
1000:e3b6	JNZ	op0	0xE3BC	0xFC8C	JNZ 0x1000:e3bc	reject:not-a-string
1000:e3b8	DEC	op0	0x3E34	0x5704	DEC byte ptr [0x3e34]	reject:not-a-string
1000:e3bc	CMP	op0	0x38B7	0x5187	CMP byte ptr [0x38b7],0x0	reject:not-a-string
1000:e3c1	JZ	op0	0xE3C8	0xFC98	JZ 0x1000:e3c8	reject:not-a-string
1000:e3c3	SUB	op0	0x3E34	0x5704	SUB byte ptr [0x3e34],0x2	reject:not-a-string
1000:e3c8	CMP	op0	0x38B6	0x5186	CMP byte ptr [0x38b6],0x0	reject:not-a-string
1000:e3cd	JZ	op0	0xE3DB	0xFCAB	JZ 0x1000:e3db	reject:not-a-string
1000:e3cf	CMP	op0	0x38B9	0x5189	CMP byte ptr [0x38b9],0x0	reject:not-a-string
1000:e3d4	JNZ	op0	0xE3DB	0xFCAB	JNZ 0x1000:e3db	reject:not-a-string
1000:e3d6	SUB	op0	0x3E34	0x5704	SUB byte ptr [0x3e34],0x2	reject:not-a-string
1000:e3db	CMP	op0	0x38B9	0x5189	CMP byte ptr [0x38b9],0x0	reject:not-a-string
1000:e3e0	JZ	op0	0xE3E7	0xFCB7	JZ 0x1000:e3e7	reject:not-a-string
1000:e3e2	SUB	op0	0x3E34	0x5704	SUB byte ptr [0x3e34],0x4	reject:not-a-string
1000:e3fb	CALLF	op0	0xF092	0x10962	CALLF 0x1000:f092	reject:not-a-string
1000:e400	CMP	op0	0x38C7	0x5197	CMP word ptr [0x38c7],0x14	reject:not-a-string
1000:e405	JL	op0	0xE40E	0xFCDE	JL 0x1000:e40e	reject:not-a-string
1000:e407	MOV	op0	0x3B7A	0x544A	MOV byte ptr [0x3b7a],0x30	reject:not-a-string
1000:e40c	JMP	op0	0xE413	0xFCE3	JMP 0x1000:e413	reject:not-a-string
1000:e40e	MOV	op0	0x3B7A	0x544A	MOV byte ptr [0x3b7a],0x34	reject:not-a-string
1000:e413	LEA	op1	0xFE00	0x116D0	LEA DI,[BP + 0xfe00]	reject:not-a-string
1000:e41e	CALLF	op0	0x0267	0x11B37	CALLF 0x2000:0267	reject:not-a-string
1000:e423	LEA	op1	0xFF00	0x117D0	LEA DI,[BP + 0xff00]	reject:not-a-string
1000:e429	MOV	op1	0x3B7A	0x544A	MOV AL,[0x3b7a]	reject:not-a-string
1000:e42d	CALLF	op0	0x0383	0x11C53	CALLF 0x2000:0383	reject:not-a-string
1000:e432	CALLF	op0	0x02E6	0x11BB6	CALLF 0x2000:02e6	reject:not-a-string
1000:e43c	CALLF	op0	0x02E6	0x11BB6	CALLF 0x2000:02e6	reject:not-a-string
1000:e450	CALLF	op0	0xF092	0x10962	CALLF 0x1000:f092	reject:not-a-string
1000:e455	CMP	op0	0x38C7	0x5197	CMP word ptr [0x38c7],0x14	reject:not-a-string
1000:e45a	JL	op0	0xE463	0xFD33	JL 0x1000:e463	reject:not-a-string
1000:e45c	MOV	op0	0x3B7A	0x544A	MOV byte ptr [0x3b7a],0x30	reject:not-a-string
1000:e461	JMP	op0	0xE468	0xFD38	JMP 0x1000:e468	reject:not-a-string
1000:e463	MOV	op0	0x3B7A	0x544A	MOV byte ptr [0x3b7a],0x34	reject:not-a-string
1000:e468	LEA	op1	0xFE00	0x116D0	LEA DI,[BP + 0xfe00]	reject:not-a-string
1000:e473	CALLF	op0	0x0267	0x11B37	CALLF 0x2000:0267	reject:not-a-string
1000:e478	LEA	op1	0xFF00	0x117D0	LEA DI,[BP + 0xff00]	reject:not-a-string
1000:e47e	MOV	op1	0x3B7A	0x544A	MOV AL,[0x3b7a]	reject:not-a-string
1000:e482	CALLF	op0	0x0383	0x11C53	CALLF 0x2000:0383	reject:not-a-string
1000:e487	CALLF	op0	0x02E6	0x11BB6	CALLF 0x2000:02e6	reject:not-a-string
1000:e491	CALLF	op0	0x02E6	0x11BB6	CALLF 0x2000:02e6	reject:not-a-string
1000:e4a5	CALLF	op0	0xF092	0x10962	CALLF 0x1000:f092	reject:not-a-string
1000:e4aa	CMP	op0	0x3692	0x4F62	CMP byte ptr [0x3692],0x1	reject:not-a-string
1000:e4af	JBE	op0	0xE51A	0xFDEA	JBE 0x1000:e51a	reject:not-a-string
1000:e4b1	MOV	op1	0x3692	0x4F62	MOV AL,[0x3692]	reject:not-a-string
1000:e4be	CMP	op1	0x38A6	0x5176	CMP AX,word ptr [0x38a6]	reject:not-a-string
1000:e4c2	JLE	op0	0xE51A	0xFDEA	JLE 0x1000:e51a	reject:not-a-string
1000:e4c4	CMP	op0	0x38C7	0x5197	CMP word ptr [0x38c7],0xa	reject:not-a-string
1000:e4c9	JL	op0	0xE4D2	0xFDA2	JL 0x1000:e4d2	reject:not-a-string
1000:e4cb	MOV	op0	0x3B7A	0x544A	MOV byte ptr [0x3b7a],0x30	reject:not-a-string
1000:e4d0	JMP	op0	0xE4D7	0xFDA7	JMP 0x1000:e4d7	reject:not-a-string
1000:e4d2	MOV	op0	0x3B7A	0x544A	MOV byte ptr [0x3b7a],0x34	reject:not-a-string
1000:e4d7	LEA	op1	0xFE00	0x116D0	LEA DI,[BP + 0xfe00]	reject:not-a-string
1000:e4e2	CALLF	op0	0x0267	0x11B37	CALLF 0x2000:0267	reject:not-a-string
1000:e4e7	LEA	op1	0xFF00	0x117D0	LEA DI,[BP + 0xff00]	reject:not-a-string
1000:e4ed	MOV	op1	0x3B7A	0x544A	MOV AL,[0x3b7a]	reject:not-a-string
1000:e4f1	CALLF	op0	0x0383	0x11C53	CALLF 0x2000:0383	reject:not-a-string
1000:e4f6	CALLF	op0	0x02E6	0x11BB6	CALLF 0x2000:02e6	reject:not-a-string
1000:e500	CALLF	op0	0x02E6	0x11BB6	CALLF 0x2000:02e6	reject:not-a-string
1000:e515	CALLF	op0	0xF092	0x10962	CALLF 0x1000:f092	reject:not-a-string
1000:e51a	CMP	op0	0x3692	0x4F62	CMP byte ptr [0x3692],0x1	reject:not-a-string
1000:e51f	JBE	op0	0xE576	0xFE46	JBE 0x1000:e576	reject:not-a-string
1000:e521	CMP	op0	0x38C7	0x5197	CMP word ptr [0x38c7],0x1e	reject:not-a-string
1000:e526	JL	op0	0xE52F	0xFDFF	JL 0x1000:e52f	reject:not-a-string
1000:e528	MOV	op0	0x3B7A	0x544A	MOV byte ptr [0x3b7a],0x30	reject:not-a-string
1000:e52d	JMP	op0	0xE534	0xFE04	JMP 0x1000:e534	reject:not-a-string
1000:e52f	MOV	op0	0x3B7A	0x544A	MOV byte ptr [0x3b7a],0x34	reject:not-a-string
1000:e534	LEA	op1	0xFE00	0x116D0	LEA DI,[BP + 0xfe00]	reject:not-a-string
1000:e53f	CALLF	op0	0x0267	0x11B37	CALLF 0x2000:0267	reject:not-a-string
1000:e544	LEA	op1	0xFF00	0x117D0	LEA DI,[BP + 0xff00]	reject:not-a-string
1000:e54a	MOV	op1	0x3B7A	0x544A	MOV AL,[0x3b7a]	reject:not-a-string
1000:e54e	CALLF	op0	0x0383	0x11C53	CALLF 0x2000:0383	reject:not-a-string
1000:e553	CALLF	op0	0x02E6	0x11BB6	CALLF 0x2000:02e6	reject:not-a-string
1000:e55d	CALLF	op0	0x02E6	0x11BB6	CALLF 0x2000:02e6	reject:not-a-string
1000:e571	CALLF	op0	0xF092	0x10962	CALLF 0x1000:f092	reject:not-a-string
1000:e576	CMP	op0	0x3692	0x4F62	CMP byte ptr [0x3692],0x2	reject:not-a-string
1000:e57b	JBE	op0	0xE5E4	0xFEB4	JBE 0x1000:e5e4	reject:not-a-string
1000:e57d	MOV	op1	0x3692	0x4F62	MOV AL,[0x3692]	reject:not-a-string
1000:e586	MOV	op1	0x3E34	0x5704	MOV AL,[0x3e34]	reject:not-a-string
1000:e58d	JGE	op0	0xE5E4	0xFEB4	JGE 0x1000:e5e4	reject:not-a-string
1000:e58f	CMP	op0	0x38C7	0x5197	CMP word ptr [0x38c7],0x14	reject:not-a-string
1000:e594	JL	op0	0xE59D	0xFE6D	JL 0x1000:e59d	reject:not-a-string
1000:e596	MOV	op0	0x3B7A	0x544A	MOV byte ptr [0x3b7a],0x30	reject:not-a-string
1000:e59b	JMP	op0	0xE5A2	0xFE72	JMP 0x1000:e5a2	reject:not-a-string
1000:e59d	MOV	op0	0x3B7A	0x544A	MOV byte ptr [0x3b7a],0x34	reject:not-a-string
1000:e5a2	LEA	op1	0xFE00	0x116D0	LEA DI,[BP + 0xfe00]	reject:not-a-string
1000:e5ad	CALLF	op0	0x0267	0x11B37	CALLF 0x2000:0267	reject:not-a-string
1000:e5b2	LEA	op1	0xFF00	0x117D0	LEA DI,[BP + 0xff00]	reject:not-a-string
1000:e5b8	MOV	op1	0x3B7A	0x544A	MOV AL,[0x3b7a]	reject:not-a-string
1000:e5bc	CALLF	op0	0x0383	0x11C53	CALLF 0x2000:0383	reject:not-a-string
1000:e5c1	CALLF	op0	0x02E6	0x11BB6	CALLF 0x2000:02e6	reject:not-a-string
1000:e5cb	CALLF	op0	0x02E6	0x11BB6	CALLF 0x2000:02e6	reject:not-a-string
1000:e5df	CALLF	op0	0xF092	0x10962	CALLF 0x1000:f092	reject:not-a-string
1000:e5f8	CALLF	op0	0xEED0	0x107A0	CALLF 0x1000:eed0	reject:not-a-string
1000:e5fd	MOV	op1	0x3ECC	0x579C	MOV DI,0x3ecc	reject:not-a-string
1000:e602	MOV	op1	0x3A72	0x5342	MOV DI,0x3a72	reject:not-a-string
1000:e60b	CALLF	op0	0xFE46	0x11716	CALLF 0x1000:fe46	reject:not-a-string
1000:e610	CALLF	op0	0xFD1D	0x115ED	CALLF 0x1000:fd1d	reject:not-a-string
1000:e615	CALLF	op0	0xFA11	0x112E1	CALLF 0x1000:fa11	reject:not-a-string
1000:e61a	MOV	op1	0x3A72	0x5342	MOV DI,0x3a72	reject:not-a-string
1000:e61f	CALLF	op0	0xF0E6	0x109B6	CALLF 0x1000:f0e6	reject:not-a-string
1000:e624	MOV	op1	0x3A72	0x5342	MOV DI,0x3a72	reject:not-a-string
1000:e629	MOV	op1	0x8DCA	0xA69A	MOV DI,0x8dca	reject:not-a-string
1000:e62e	CALLF	op0	0x0358	0x11C28	CALLF 0x2000:0358	reject:not-a-string
1000:e633	JNZ	op0	0xE6B0	0xFF80	JNZ 0x1000:e6b0	reject:not-a-string
1000:e635	CMP	op0	0x38C7	0x5197	CMP word ptr [0x38c7],0x14	reject:not-a-string
1000:e63a	JGE	op0	0xE657	0xFF27	JGE 0x1000:e657	reject:not-a-string
1000:e650	CALLF	op0	0xF092	0x10962	CALLF 0x1000:f092	reject:not-a-string
1000:e655	JMP	op0	0xE6B0	0xFF80	JMP 0x1000:e6b0	reject:not-a-string
1000:e657	SUB	op0	0x38C7	0x5197	SUB word ptr [0x38c7],0x14	reject:not-a-string
1000:e670	CALLF	op0	0xF092	0x10962	CALLF 0x1000:f092	reject:not-a-string
1000:e675	INC	op0	0x389E	0x516E	INC word ptr [0x389e]	reject:not-a-string
1000:e679	INC	op0	0x38AE	0x517E	INC word ptr [0x38ae]	reject:not-a-string
1000:e67d	INC	op0	0x38AC	0x517C	INC word ptr [0x38ac]	reject:not-a-string
1000:e681	MOV	op1	0x389E	0x516E	MOV AX,[0x389e]	reject:not-a-string
1000:e68d	JNZ	op0	0xE693	0xFF63	JNZ 0x1000:e693	reject:not-a-string
1000:e68f	INC	op0	0x38A8	0x5178	INC word ptr [0x38a8]	reject:not-a-string
1000:e693	INC	op0	0x38AA	0x517A	INC word ptr [0x38aa]	reject:not-a-string
1000:e6ab	CALLF	op0	0xF092	0x10962	CALLF 0x1000:f092	reject:not-a-string
1000:e6b0	MOV	op1	0x3A72	0x5342	MOV DI,0x3a72	reject:not-a-string
1000:e6b5	MOV	op1	0x8E4B	0xA71B	MOV DI,0x8e4b	reject:not-a-string
1000:e6ba	CALLF	op0	0x0358	0x11C28	CALLF 0x2000:0358	reject:not-a-string
1000:e6bf	JNZ	op0	0xE728	0xFFF8	JNZ 0x1000:e728	reject:not-a-string
1000:e6c1	CMP	op0	0x38C7	0x5197	CMP word ptr [0x38c7],0x14	reject:not-a-string
1000:e6c6	JGE	op0	0xE6E3	0xFFB3	JGE 0x1000:e6e3	reject:not-a-string
1000:e6dc	CALLF	op0	0xF092	0x10962	CALLF 0x1000:f092	reject:not-a-string
1000:e6e1	JMP	op0	0xE728	0xFFF8	JMP 0x1000:e728	reject:not-a-string
1000:e6e3	SUB	op0	0x38C7	0x5197	SUB word ptr [0x38c7],0x14	reject:not-a-string
1000:e6fc	CALLF	op0	0xF092	0x10962	CALLF 0x1000:f092	reject:not-a-string
1000:e701	INC	op0	0x38A2	0x5172	INC word ptr [0x38a2]	reject:not-a-string
1000:e705	ADD	op0	0x38AE	0x517E	ADD word ptr [0x38ae],0x5	reject:not-a-string
1000:e70a	ADD	op0	0x38AC	0x517C	ADD word ptr [0x38ac],0x5	reject:not-a-string
1000:e723	CALLF	op0	0xF092	0x10962	CALLF 0x1000:f092	reject:not-a-string
1000:e728	CMP	op0	0x3692	0x4F62	CMP byte ptr [0x3692],0x1	reject:not-a-string
1000:e72d	JA	op0	0xE732	0x10002	JA 0x1000:e732	reject:not-a-string
1000:e72f	JMP	op0	0xE7E2	0x100B2	JMP 0x1000:e7e2	reject:not-a-string
1000:e732	MOV	op1	0x3A72	0x5342	MOV DI,0x3a72	reject:not-a-string
1000:e737	MOV	op1	0x8EA5	0xA775	MOV DI,0x8ea5	reject:not-a-string
1000:e73c	CALLF	op0	0x0358	0x11C28	CALLF 0x2000:0358	reject:not-a-string
1000:e741	JZ	op0	0xE746	0x10016	JZ 0x1000:e746	reject:not-a-string
1000:e743	JMP	op0	0xE7E2	0x100B2	JMP 0x1000:e7e2	reject:not-a-string
1000:e746	MOV	op1	0x3692	0x4F62	MOV AL,[0x3692]	reject:not-a-string
1000:e753	CMP	op1	0x38A6	0x5176	CMP AX,word ptr [0x38a6]	reject:not-a-string
1000:e757	JG	op0	0xE774	0x10044	JG 0x1000:e774	reject:not-a-string
1000:e76d	CALLF	op0	0xF092	0x10962	CALLF 0x1000:f092	reject:not-a-string
1000:e772	JMP	op0	0xE7E2	0x100B2	JMP 0x1000:e7e2	reject:not-a-string
1000:e774	CMP	op0	0x38C7	0x5197	CMP word ptr [0x38c7],0xa	reject:not-a-string
1000:e779	JGE	op0	0xE796	0x10066	JGE 0x1000:e796	reject:not-a-string
1000:e78f	CALLF	op0	0xF092	0x10962	CALLF 0x1000:f092	reject:not-a-string
1000:e794	JMP	op0	0xE7E2	0x100B2	JMP 0x1000:e7e2	reject:not-a-string
1000:e796	SUB	op0	0x38C7	0x5197	SUB word ptr [0x38c7],0xa	reject:not-a-string
1000:e7af	CALLF	op0	0xF092	0x10962	CALLF 0x1000:f092	reject:not-a-string
1000:e7b4	ADD	op0	0x38CE	0x519E	ADD word ptr [0x38ce],0xa	reject:not-a-string
1000:e7ce	CALLF	op0	0xF092	0x10962	CALLF 0x1000:f092	reject:not-a-string
1000:e7d3	MOV	op1	0x38CE	0x519E	MOV AX,[0x38ce]	reject:not-a-string
1000:e7d6	CMP	op1	0x38D0	0x51A0	CMP AX,word ptr [0x38d0]	reject:not-a-string
1000:e7da	JL	op0	0xE7E2	0x100B2	JL 0x1000:e7e2	reject:not-a-string
1000:e7df	CALL	op0	0x2526	0x3DF6	CALL 0x1000:2526	reject:not-a-string
1000:e7e2	CMP	op0	0x3692	0x4F62	CMP byte ptr [0x3692],0x1	reject:not-a-string
1000:e7e7	JBE	op0	0xE861	0x10131	JBE 0x1000:e861	reject:not-a-string
1000:e7e9	MOV	op1	0x3A72	0x5342	MOV DI,0x3a72	reject:not-a-string
1000:e7ee	MOV	op1	0x8EF7	0xA7C7	MOV DI,0x8ef7	reject:not-a-string
1000:e7f3	CALLF	op0	0x0358	0x11C28	CALLF 0x2000:0358	reject:not-a-string
1000:e7f8	JNZ	op0	0xE861	0x10131	JNZ 0x1000:e861	reject:not-a-string
1000:e7fa	CMP	op0	0x394A	0x521A	CMP byte ptr [0x394a],0x0	reject:not-a-string
1000:e7ff	JNZ	op0	0xE848	0x10118	JNZ 0x1000:e848	reject:not-a-string
1000:e801	CMP	op0	0x38C7	0x5197	CMP word ptr [0x38c7],0x1e	reject:not-a-string
1000:e806	JGE	op0	0xE823	0x100F3	JGE 0x1000:e823	reject:not-a-string
1000:e81c	CALLF	op0	0xF092	0x10962	CALLF 0x1000:f092	reject:not-a-string
1000:e821	JMP	op0	0xE846	0x10116	JMP 0x1000:e846	reject:not-a-string
1000:e823	SUB	op0	0x38C7	0x5197	SUB word ptr [0x38c7],0x1e	reject:not-a-string
1000:e828	MOV	op0	0x394A	0x521A	MOV byte ptr [0x394a],0x1	reject:not-a-string
1000:e841	CALLF	op0	0xF092	0x10962	CALLF 0x1000:f092	reject:not-a-string
1000:e846	JMP	op0	0xE861	0x10131	JMP 0x1000:e861	reject:not-a-string
1000:e85c	CALLF	op0	0xF092	0x10962	CALLF 0x1000:f092	reject:not-a-string
1000:e861	CMP	op0	0x3692	0x4F62	CMP byte ptr [0x3692],0x2	reject:not-a-string
1000:e866	JA	op0	0xE86B	0x1013B	JA 0x1000:e86b	reject:not-a-string
1000:e868	JMP	op0	0xE932	0x10202	JMP 0x1000:e932	reject:not-a-string
1000:e86b	MOV	op1	0x3A72	0x5342	MOV DI,0x3a72	reject:not-a-string
1000:e870	MOV	op1	0x8F6B	0xA83B	MOV DI,0x8f6b	reject:not-a-string
1000:e875	CALLF	op0	0x0358	0x11C28	CALLF 0x2000:0358	reject:not-a-string
1000:e87a	JZ	op0	0xE87F	0x1014F	JZ 0x1000:e87f	reject:not-a-string
1000:e87c	JMP	op0	0xE932	0x10202	JMP 0x1000:e932	reject:not-a-string
1000:e87f	MOV	op1	0x3692	0x4F62	MOV AL,[0x3692]	reject:not-a-string
1000:e88d	MOV	op1	0x3E34	0x5704	MOV AL,[0x3e34]	reject:not-a-string
1000:e894	JGE	op0	0xE8F9	0x101C9	JGE 0x1000:e8f9	reject:not-a-string
1000:e896	CMP	op0	0x38C7	0x5197	CMP word ptr [0x38c7],0x14	reject:not-a-string
1000:e89b	JGE	op0	0xE8B8	0x10188	JGE 0x1000:e8b8	reject:not-a-string
1000:e8b1	CALLF	op0	0xF092	0x10962	CALLF 0x1000:f092	reject:not-a-string
1000:e8b6	JMP	op0	0xE8F7	0x101C7	JMP 0x1000:e8f7	reject:not-a-string
1000:e8b8	SUB	op0	0x38C7	0x5197	SUB word ptr [0x38c7],0x14	reject:not-a-string
1000:e8d1	CALLF	op0	0xF092	0x10962	CALLF 0x1000:f092	reject:not-a-string
1000:e8d6	INC	op0	0x38B2	0x5182	INC byte ptr [0x38b2]	reject:not-a-string
1000:e8da	INC	op0	0x3E34	0x5704	INC byte ptr [0x3e34]	reject:not-a-string
1000:e8f2	CALLF	op0	0xF092	0x10962	CALLF 0x1000:f092	reject:not-a-string
1000:e8f7	JMP	op0	0xE932	0x10202	JMP 0x1000:e932	reject:not-a-string
1000:e90d	CALLF	op0	0xF092	0x10962	CALLF 0x1000:f092	reject:not-a-string
1000:e912	CMP	op0	0x3692	0x4F62	CMP byte ptr [0x3692],0x4	reject:not-a-string
1000:e917	JNC	op0	0xE932	0x10202	JNC 0x1000:e932	reject:not-a-string
1000:e92d	CALLF	op0	0xF092	0x10962	CALLF 0x1000:f092	reject:not-a-string
1000:e932	MOV	op1	0x3A72	0x5342	MOV DI,0x3a72	reject:not-a-string
1000:e937	MOV	op1	0x848E	0x9D5E	MOV DI,0x848e	reject:not-a-string
1000:e93c	CALLF	op0	0x0358	0x11C28	CALLF 0x2000:0358	reject:not-a-string
1000:e941	JZ	op0	0xE946	0x10216	JZ 0x1000:e946	reject:not-a-string
1000:e943	JMP	op0	0xE5E4	0xFEB4	JMP 0x1000:e5e4	reject:not-a-string
1000:e946	JMP	op0	0xE961	0x10231	JMP 0x1000:e961	reject:not-a-string
1000:e95c	CALLF	op0	0xF092	0x10962	CALLF 0x1000:f092	reject:not-a-string
1000:e961	MOV	op1	0x3972	0x5242	MOV DI,0x3972	reject:not-a-string
1000:e966	CALL	op0	0x29C4	0x4294	CALL 0x1000:29c4	reject:not-a-string
1000:e969	MOV	op1	0x3972	0x5242	MOV DI,0x3972	reject:not-a-string
1000:e973	CALLF	op0	0x0358	0x11C28	CALLF 0x2000:0358	reject:not-a-string
1000:e978	JZ	op0	0xE97D	0x1024D	JZ 0x1000:e97d	reject:not-a-string
1000:e97a	JMP	op0	0xEA8A	0x1035A	JMP 0x1000:ea8a	reject:not-a-string
1000:e97d	CMP	op0	0x38B0	0x5180	CMP byte ptr [0x38b0],0x1	reject:not-a-string
1000:e982	JNZ	op0	0xE9A0	0x10270	JNZ 0x1000:e9a0	reject:not-a-string
1000:e998	CALLF	op0	0xF092	0x10962	CALLF 0x1000:f092	reject:not-a-string
1000:e99d	JMP	op0	0xEA8A	0x1035A	JMP 0x1000:ea8a	reject:not-a-string
1000:e9a0	CMP	op0	0x38CD	0x519D	CMP byte ptr [0x38cd],0x0	reject:not-a-string
1000:e9a5	JZ	op0	0xE9AA	0x1027A	JZ 0x1000:e9aa	reject:not-a-string
1000:e9a7	JMP	op0	0xEA71	0x10341	JMP 0x1000:ea71	reject:not-a-string
1000:e9af	JG	op0	0xE9B4	0x10284	JG 0x1000:e9b4	reject:not-a-string
1000:e9b1	JMP	op0	0xEA56	0x10326	JMP 0x1000:ea56	reject:not-a-string
1000:e9b8	MOV	op0	0x38CD	0x519D	MOV byte ptr [0x38cd],0xa	reject:not-a-string
1000:e9bd	ADD	op0	0x389E	0x516E	ADD word ptr [0x389e],0x2	reject:not-a-string
1000:e9c2	INC	op0	0x38A8	0x5178	INC word ptr [0x38a8]	reject:not-a-string
1000:e9c6	ADD	op0	0x38AA	0x517A	ADD word ptr [0x38aa],0x2	reject:not-a-string
1000:e9cb	MOV	op1	0x38AE	0x517E	MOV AX,[0x38ae]	reject:not-a-string
1000:e9ce	SUB	op1	0x38AC	0x517C	SUB AX,word ptr [0x38ac]	reject:not-a-string
1000:e9d5	JGE	op0	0xEA19	0x102E9	JGE 0x1000:ea19	reject:not-a-string
1000:e9dc	MOV	op1	0x38AE	0x517E	MOV AX,[0x38ae]	reject:not-a-string
1000:e9df	SUB	op1	0x38AC	0x517C	SUB AX,word ptr [0x38ac]	reject:not-a-string
1000:e9f0	CALLF	op0	0xEED0	0x107A0	CALLF 0x1000:eed0	reject:not-a-string
1000:e9f5	MOV	op1	0x38AE	0x517E	MOV AX,[0x38ae]	reject:not-a-string
1000:e9f8	MOV	op0	0x38AC	0x517C	MOV [0x38ac],AX	reject:not-a-string
1000:ea00	PUSH	op0	0x38AC	0x517C	PUSH word ptr [0x38ac]	reject:not-a-string
1000:ea04	PUSH	op0	0x38AE	0x517E	PUSH word ptr [0x38ae]	reject:not-a-string
1000:ea12	CALLF	op0	0xF092	0x10962	CALLF 0x1000:f092	reject:not-a-string
1000:ea17	JMP	op0	0xEA3B	0x1030B	JMP 0x1000:ea3b	reject:not-a-string
1000:ea19	ADD	op0	0x38AC	0x517C	ADD word ptr [0x38ac],0xa	reject:not-a-string
1000:ea27	PUSH	op0	0x38AC	0x517C	PUSH word ptr [0x38ac]	reject:not-a-string
1000:ea2b	PUSH	op0	0x38AE	0x517E	PUSH word ptr [0x38ae]	reject:not-a-string
1000:ea36	CALLF	op0	0xF092	0x10962	CALLF 0x1000:f092	reject:not-a-string
1000:ea4f	CALLF	op0	0xF092	0x10962	CALLF 0x1000:f092	reject:not-a-string
1000:ea54	JMP	op0	0xEA6F	0x1033F	JMP 0x1000:ea6f	reject:not-a-string
1000:ea6a	CALLF	op0	0xF092	0x10962	CALLF 0x1000:f092	reject:not-a-string
1000:ea6f	JMP	op0	0xEA8A	0x1035A	JMP 0x1000:ea8a	reject:not-a-string
1000:ea85	CALLF	op0	0xF092	0x10962	CALLF 0x1000:f092	reject:not-a-string
1000:ea8a	MOV	op1	0x3972	0x5242	MOV DI,0x3972	reject:not-a-string
1000:ea8f	MOV	op1	0xA70E	0xBFDE	MOV DI,0xa70e	reject:not-a-string
1000:ea94	CALLF	op0	0x0358	0x11C28	CALLF 0x2000:0358	reject:not-a-string
1000:ea99	JZ	op0	0xEA9E	0x1036E	JZ 0x1000:ea9e	reject:not-a-string
1000:ea9b	JMP	op0	0xEC78	0x10548	JMP 0x1000:ec78	reject:not-a-string
1000:eab2	CALLF	op0	0xF092	0x10962	CALLF 0x1000:f092	reject:not-a-string
1000:eab7	CMP	op0	0x3694	0x4F64	CMP byte ptr [0x3694],0x1	reject:not-a-string
1000:eabc	JNZ	op0	0xEAD7	0x103A7	JNZ 0x1000:ead7	reject:not-a-string
1000:ead2	CALLF	op0	0xF092	0x10962	CALLF 0x1000:f092	reject:not-a-string
1000:ead7	CMP	op0	0x3695	0x4F65	CMP byte ptr [0x3695],0x1	reject:not-a-string
1000:eadc	JNZ	op0	0xEAF7	0x103C7	JNZ 0x1000:eaf7	reject:not-a-string
1000:eaf2	CALLF	op0	0xF092	0x10962	CALLF 0x1000:f092	reject:not-a-string
1000:eaf7	CMP	op0	0x3698	0x4F68	CMP byte ptr [0x3698],0x1	reject:not-a-string
1000:eafc	JNZ	op0	0xEB17	0x103E7	JNZ 0x1000:eb17	reject:not-a-string
1000:eb12	CALLF	op0	0xF092	0x10962	CALLF 0x1000:f092	reject:not-a-string
1000:eb17	CMP	op0	0x3697	0x4F67	CMP byte ptr [0x3697],0x1	reject:not-a-string
1000:eb1c	JNZ	op0	0xEB37	0x10407	JNZ 0x1000:eb37	reject:not-a-string
1000:eb32	CALLF	op0	0xF092	0x10962	CALLF 0x1000:f092	reject:not-a-string
1000:eb37	CMP	op0	0x3696	0x4F66	CMP byte ptr [0x3696],0x1	reject:not-a-string
1000:eb3c	JNZ	op0	0xEB57	0x10427	JNZ 0x1000:eb57	reject:not-a-string
1000:eb52	CALLF	op0	0xF092	0x10962	CALLF 0x1000:f092	reject:not-a-string
1000:eb57	CMP	op0	0x3699	0x4F69	CMP byte ptr [0x3699],0x1	reject:not-a-string
1000:eb5c	JNZ	op0	0xEB77	0x10447	JNZ 0x1000:eb77	reject:not-a-string
1000:eb72	CALLF	op0	0xF092	0x10962	CALLF 0x1000:f092	reject:not-a-string
1000:eb77	CMP	op0	0x369A	0x4F6A	CMP byte ptr [0x369a],0x1	reject:not-a-string
1000:eb7c	JNZ	op0	0xEB97	0x10467	JNZ 0x1000:eb97	reject:not-a-string
1000:eb92	CALLF	op0	0xF092	0x10962	CALLF 0x1000:f092	reject:not-a-string
1000:ebab	CALLF	op0	0xF092	0x10962	CALLF 0x1000:f092	reject:not-a-string
1000:ebc4	CALLF	op0	0xF092	0x10962	CALLF 0x1000:f092	reject:not-a-string
1000:ebdd	CALLF	op0	0xF092	0x10962	CALLF 0x1000:f092	reject:not-a-string
1000:ebf6	CALLF	op0	0xF092	0x10962	CALLF 0x1000:f092	reject:not-a-string
1000:ec0f	CALLF	op0	0xF092	0x10962	CALLF 0x1000:f092	reject:not-a-string
1000:ec28	CALLF	op0	0xF092	0x10962	CALLF 0x1000:f092	reject:not-a-string
1000:ec41	CALLF	op0	0xF092	0x10962	CALLF 0x1000:f092	reject:not-a-string
1000:ec5a	CALLF	op0	0xF092	0x10962	CALLF 0x1000:f092	reject:not-a-string
1000:ec73	CALLF	op0	0xF092	0x10962	CALLF 0x1000:f092	reject:not-a-string
1000:ec78	MOV	op1	0x3972	0x5242	MOV DI,0x3972	reject:not-a-string
1000:ec7d	MOV	op1	0x9F85	0xB855	MOV DI,0x9f85	reject:not-a-string
1000:ec82	CALLF	op0	0x0358	0x11C28	CALLF 0x2000:0358	reject:not-a-string
1000:ec87	JNZ	op0	0xEC8C	0x1055C	JNZ 0x1000:ec8c	reject:not-a-string
1000:ec89	CALL	op0	0x1A03	0x32D3	CALL 0x1000:1a03	reject:not-a-string
1000:ec8c	MOV	op1	0x3972	0x5242	MOV DI,0x3972	reject:not-a-string
1000:ec91	MOV	op1	0xAA4C	0xC31C	MOV DI,0xaa4c	reject:not-a-string
1000:ec96	CALLF	op0	0x0358	0x11C28	CALLF 0x2000:0358	reject:not-a-string
1000:ec9b	JNZ	op0	0xECBD	0x1058D	JNZ 0x1000:ecbd	reject:not-a-string
1000:ec9d	CMP	op0	0x394D	0x521D	CMP byte ptr [0x394d],0x0	reject:not-a-string
1000:eca2	JZ	op0	0xECBD	0x1058D	JZ 0x1000:ecbd	reject:not-a-string
1000:ecb8	CALLF	op0	0xF092	0x10962	CALLF 0x1000:f092	reject:not-a-string
1000:ecbd	MOV	op1	0x3972	0x5242	MOV DI,0x3972	reject:not-a-string
1000:ecc2	MOV	op1	0xAA71	0xC341	MOV DI,0xaa71	reject:not-a-string
1000:ecc7	CALLF	op0	0x0358	0x11C28	CALLF 0x2000:0358	reject:not-a-string
1000:eccc	JNZ	op0	0xECE7	0x105B7	JNZ 0x1000:ece7	reject:not-a-string
1000:ece2	CALLF	op0	0xF092	0x10962	CALLF 0x1000:f092	reject:not-a-string
1000:ece7	MOV	op1	0x3972	0x5242	MOV DI,0x3972	reject:not-a-string
1000:ecf1	CALLF	op0	0x0358	0x11C28	CALLF 0x2000:0358	reject:not-a-string
1000:ecf6	JZ	op0	0xECFB	0x105CB	JZ 0x1000:ecfb	reject:not-a-string
1000:ecf8	JMP	op0	0xEDA1	0x10671	JMP 0x1000:eda1	reject:not-a-string
1000:ecfb	LEA	op1	0xFF00	0x117D0	LEA DI,[BP + 0xff00]	reject:not-a-string
1000:ed06	CALLF	op0	0x0267	0x11B37	CALLF 0x2000:0267	reject:not-a-string
1000:ed10	CALLF	op0	0x02E6	0x11BB6	CALLF 0x2000:02e6	reject:not-a-string
1000:ed24	CALLF	op0	0xF092	0x10962	CALLF 0x1000:f092	reject:not-a-string
1000:ed3d	CALLF	op0	0xEED0	0x107A0	CALLF 0x1000:eed0	reject:not-a-string
1000:ed42	MOV	op1	0x3ECC	0x579C	MOV DI,0x3ecc	reject:not-a-string
1000:ed50	CALLF	op0	0xFE46	0x11716	CALLF 0x1000:fe46	reject:not-a-string
1000:ed55	CALLF	op0	0xFD1D	0x115ED	CALLF 0x1000:fd1d	reject:not-a-string
1000:ed5a	CALLF	op0	0xFA11	0x112E1	CALLF 0x1000:fa11	reject:not-a-string
1000:ed64	JNZ	op0	0xED79	0x10649	JNZ 0x1000:ed79	reject:not-a-string
1000:ed74	CALLF	op0	0x0281	0x11B51	CALLF 0x2000:0281	reject:not-a-string
1000:ed79	LEA	op1	0xFF00	0x117D0	LEA DI,[BP + 0xff00]	reject:not-a-string
1000:ed84	CALLF	op0	0x0267	0x11B37	CALLF 0x2000:0267	reject:not-a-string
1000:ed8e	CALLF	op0	0x02E6	0x11BB6	CALLF 0x2000:02e6	reject:not-a-string
1000:ed9c	CALLF	op0	0x0281	0x11B51	CALLF 0x2000:0281	reject:not-a-string
1000:eda1	MOV	op1	0x3972	0x5242	MOV DI,0x3972	reject:not-a-string
1000:edab	CALLF	op0	0x0358	0x11C28	CALLF 0x2000:0358	reject:not-a-string
1000:edb0	JNZ	op0	0xEDCB	0x1069B	JNZ 0x1000:edcb	reject:not-a-string
1000:edc6	CALLF	op0	0xF092	0x10962	CALLF 0x1000:f092	reject:not-a-string
1000:edcb	MOV	op1	0x3972	0x5242	MOV DI,0x3972	reject:not-a-string
1000:edd5	CALLF	op0	0x0358	0x11C28	CALLF 0x2000:0358	reject:not-a-string
1000:edda	JNZ	op0	0xEDDF	0x106AF	JNZ 0x1000:eddf	reject:not-a-string
1000:eddc	CALL	op0	0x5F55	0x7825	CALL 0x1000:5f55	reject:not-a-string
1000:eddf	MOV	op1	0x3972	0x5242	MOV DI,0x3972	reject:not-a-string
1000:ede9	CALLF	op0	0x0358	0x11C28	CALLF 0x2000:0358	reject:not-a-string
1000:edee	JZ	op0	0xEE04	0x106D4	JZ 0x1000:ee04	reject:not-a-string
1000:edf0	MOV	op1	0x3972	0x5242	MOV DI,0x3972	reject:not-a-string
1000:edf5	MOV	op1	0x9B6E	0xB43E	MOV DI,0x9b6e	reject:not-a-string
1000:edfa	CALLF	op0	0x0358	0x11C28	CALLF 0x2000:0358	reject:not-a-string
1000:edff	JZ	op0	0xEE04	0x106D4	JZ 0x1000:ee04	reject:not-a-string
1000:ee01	JMP	op0	0xAB75	0xC445	JMP 0x1000:ab75	reject:not-a-string
1000:ee18	CALLF	op0	0xF092	0x10962	CALLF 0x1000:f092	reject:not-a-string
1000:ee31	CALLF	op0	0xF092	0x10962	CALLF 0x1000:f092	reject:not-a-string
1000:ee36	CALL	op0	0x1A03	0x32D3	CALL 0x1000:1a03	reject:not-a-string
1000:ee39	CALLF	op0	0xF47A	0x10D4A	CALLF 0x1000:f47a	reject:not-a-string
1000:ee43	CALLF	op0	0xF896	0x11166	CALLF 0x1000:f896	reject:not-a-string
1ee5:0003	SUB	op1	0x0050	0x10770	SUB SP,0x50	reject:not-a-string
1ee5:0007	LDS	op1	0x000C	0x1072C	LDS SI,[BP + 0xc]	reject:not-a-string
1ee5:000a	LEA	op1	0xFFB0	-	LEA DI,[BP + -0x50]	reject:out-of-bounds
1ee5:0013	JC	op0	0xEE67	0x10737	JC 0x1000:ee67	reject:not-a-string
1ee5:001e	LDS	op1	0x0006	0x10726	LDS DX,[BP + 0x6]	reject:not-a-string
1ee5:0025	LEA	op1	0xFFB0	-	LEA DX,[BP + -0x50]	reject:out-of-bounds
1ee5:002a	MOV	op1	0x000A	0x1072A	MOV CX,word ptr [BP + 0xa]	reject:not-a-string
1ee5:0032	LES	op1	0x0006	0x10726	LES DI,[BP + 0x6]	reject:not-a-string
1ee5:0035	CALL	op0	0xEEA8	0x10778	CALL 0x1000:eea8	reject:not-a-string
1ee5:003b	RETF	op0	0x000A	0x1072A	RETF 0xa	reject:not-a-string
1ee5:0042	LDS	op1	0x0006	0x10726	LDS DX,[BP + 0x6]	reject:not-a-string
1ee5:004e	LES	op1	0x0006	0x10726	LES DI,[BP + 0x6]	reject:not-a-string
1ee5:0051	CALL	op0	0xEEA8	0x10778	CALL 0x1000:eea8	reject:not-a-string
1ee5:0055	RETF	op0	0x0004	0x10724	RETF 0x4	reject:not-a-string
1ee5:0058	JC	op0	0xEEC8	0x10798	JC 0x1000:eec8	reject:not-a-string
1ee5:005a	ADD	op1	0x001E	0x1073E	ADD DI,0x1e	reject:not-a-string
1ee5:0062	MOV	op1	0x0100	0x10820	MOV CX,0x100	reject:not-a-string
1ee5:0078	MOV	op0	0x3EB6	0x145D6	MOV [0x3eb6],AX	reject:not-a-string
1eed:0003	MOV	op1	0x0604	0x10DA4	MOV AX,0x604	reject:not-a-string
1eed:0006	CALLF	op0	0xFA4D	0x1131D	CALLF 0x1000:fa4d	reject:not-a-string
1eed:000b	SUB	op1	0x0604	0x10DA4	SUB SP,0x604	reject:not-a-string
1eed:0016	LEA	op1	0xFF00	-	LEA DI,[BP + 0xff00]	reject:out-of-bounds
1eed:001a	LDS	op1	0x0010	0x107B0	LDS SI,[BP + 0x10]	reject:not-a-string
1eed:0029	CALLF	op0	0xF3C3	0x10C93	CALLF 0x1000:f3c3	reject:not-a-string
1eed:0030	MOV	op0	0xFEFE	-	MOV word ptr [BP + 0xfefe],AX	reject:out-of-bounds
1eed:003d	LEA	op1	0xF9FC	-	LEA DI,[BP + 0xf9fc]	reject:out-of-bounds
1eed:0043	MOV	op1	0x00FF	0x1089F	MOV AX,0xff	reject:not-a-string
1eed:0047	CALLF	op0	0x0A50	0x12320	CALLF 0x2000:0a50	reject:not-a-string
1eed:004c	MOV	op1	0x000C	0x107AC	MOV AX,word ptr [BP + 0xc]	reject:not-a-string
1eed:0055	LEA	op1	0xFAFC	-	LEA DI,[BP + 0xfafc]	reject:out-of-bounds
1eed:005b	MOV	op1	0x00FF	0x1089F	MOV AX,0xff	reject:not-a-string
1eed:005f	CALLF	op0	0x0A50	0x12320	CALLF 0x2000:0a50	reject:not-a-string
1eed:0064	MOV	op1	0x000A	0x107AA	MOV AX,word ptr [BP + 0xa]	reject:not-a-string
1eed:006d	LEA	op1	0xFBFC	-	LEA DI,[BP + 0xfbfc]	reject:out-of-bounds
1eed:0073	MOV	op1	0x00FF	0x1089F	MOV AX,0xff	reject:not-a-string
1eed:0077	CALLF	op0	0x0A50	0x12320	CALLF 0x2000:0a50	reject:not-a-string
1eed:007c	MOV	op1	0x0008	0x107A8	MOV AX,word ptr [BP + 0x8]	reject:not-a-string
1eed:0085	LEA	op1	0xFCFC	-	LEA DI,[BP + 0xfcfc]	reject:out-of-bounds
1eed:008b	MOV	op1	0x00FF	0x1089F	MOV AX,0xff	reject:not-a-string
1eed:008f	CALLF	op0	0x0A50	0x12320	CALLF 0x2000:0a50	reject:not-a-string
1eed:0094	MOV	op1	0x0006	0x107A6	MOV AX,word ptr [BP + 0x6]	reject:not-a-string
1eed:009d	LEA	op1	0xFDFC	-	LEA DI,[BP + 0xfdfc]	reject:out-of-bounds
1eed:00a3	MOV	op1	0x00FF	0x1089F	MOV AX,0xff	reject:not-a-string
1eed:00a7	CALLF	op0	0x0A50	0x12320	CALLF 0x2000:0a50	reject:not-a-string
1eed:00ac	MOV	op0	0xFEFC	-	MOV word ptr [BP + 0xfefc],0x1	reject:out-of-bounds
1eed:00ac	MOV	op1	0x0001	0x107A1	MOV word ptr [BP + 0xfefc],0x1	reject:not-a-string
1eed:00b2	INC	op0	0xFEFE	-	INC word ptr [BP + 0xfefe]	reject:out-of-bounds
1eed:00b6	MOV	op1	0xFEFE	-	MOV DI,word ptr [BP + 0xfefe]	reject:out-of-bounds
1eed:00ba	CMP	op0	0xFF00	-	CMP byte ptr [BP + DI + 0xff00],0x5e	reject:out-of-bounds
1eed:00bf	JNZ	op0	0xF005	0x108D5	JNZ 0x1000:f005	reject:not-a-string
1eed:00c1	MOV	op1	0xFF00	-	MOV AL,byte ptr [BP + 0xff00]	reject:out-of-bounds
1eed:00c7	CMP	op1	0xFEFE	-	CMP AX,word ptr [BP + 0xfefe]	reject:out-of-bounds
1eed:00cb	JLE	op0	0xF005	0x108D5	JLE 0x1000:f005	reject:not-a-string
1eed:00cd	MOV	op1	0xFEFE	-	MOV AX,word ptr [BP + 0xfefe]	reject:out-of-bounds
1eed:00d4	CMP	op0	0xFF00	-	CMP byte ptr [BP + DI + 0xff00],0x30	reject:out-of-bounds
1eed:00d9	JC	op0	0xF005	0x108D5	JC 0x1000:f005	reject:not-a-string
1eed:00db	MOV	op1	0xFEFE	-	MOV AX,word ptr [BP + 0xfefe]	reject:out-of-bounds
1eed:00e2	CMP	op0	0xFF00	-	CMP byte ptr [BP + DI + 0xff00],0x37	reject:out-of-bounds
1eed:00e7	JA	op0	0xF005	0x108D5	JA 0x1000:f005	reject:not-a-string
1eed:00ec	CALLF	op0	0xF3C3	0x10C93	CALLF 0x1000:f3c3	reject:not-a-string
1eed:00f1	MOV	op1	0xFEFE	-	MOV AX,word ptr [BP + 0xfefe]	reject:out-of-bounds
1eed:00f8	MOV	op1	0xFF00	-	MOV AL,byte ptr [BP + DI + 0xff00]	reject:out-of-bounds
1eed:00fe	SUB	op1	0x0030	0x107D0	SUB AX,0x30	reject:not-a-string
1eed:0101	CMP	op1	0x0008	0x107A8	CMP AX,0x8	reject:not-a-string
1eed:0104	JGE	op0	0xF000	0x108D0	JGE 0x1000:f000	reject:not-a-string
1eed:0106	MOV	op1	0xFEFE	-	MOV AX,word ptr [BP + 0xfefe]	reject:out-of-bounds
1eed:010d	MOV	op1	0xFF00	-	MOV AL,byte ptr [BP + DI + 0xff00]	reject:out-of-bounds
1eed:0113	SUB	op1	0x0030	0x107D0	SUB AX,0x30	reject:not-a-string
1eed:0118	JL	op0	0xF000	0x108D0	JL 0x1000:f000	reject:not-a-string
1eed:011a	MOV	op1	0xFEFE	-	MOV AX,word ptr [BP + 0xfefe]	reject:out-of-bounds
1eed:0121	MOV	op1	0xFF00	-	MOV AL,byte ptr [BP + DI + 0xff00]	reject:out-of-bounds
1eed:0127	SUB	op1	0x0028	0x107C8	SUB AX,0x28	reject:not-a-string
1eed:012b	CALLF	op0	0xF3C3	0x10C93	CALLF 0x1000:f3c3	reject:not-a-string
1eed:0130	ADD	op0	0xFEFE	-	ADD word ptr [BP + 0xfefe],0x2	reject:out-of-bounds
1eed:0130	ADD	op1	0x0002	0x107A2	ADD word ptr [BP + 0xfefe],0x2	reject:not-a-string
1eed:0135	MOV	op1	0xFEFE	-	MOV DI,word ptr [BP + 0xfefe]	reject:out-of-bounds
1eed:0139	CMP	op0	0xFF00	-	CMP byte ptr [BP + DI + 0xff00],0x5e	reject:out-of-bounds
1eed:013e	JNZ	op0	0xF013	0x108E3	JNZ 0x1000:f013	reject:not-a-string
1eed:0140	JMP	op0	0xEF86	0x10856	JMP 0x1000:ef86	reject:not-a-string
1eed:0143	MOV	op1	0xFEFE	-	MOV DI,word ptr [BP + 0xfefe]	reject:out-of-bounds
1eed:0147	CMP	op0	0xFF00	-	CMP byte ptr [BP + DI + 0xff00],0x23	reject:out-of-bounds
1eed:014c	JNZ	op0	0xF049	0x10919	JNZ 0x1000:f049	reject:not-a-string
1eed:014e	MOV	op1	0x3FCC	0x1476C	MOV DI,0x3fcc	reject:not-a-string
1eed:0153	MOV	op1	0xFEFC	-	MOV DI,word ptr [BP + 0xfefc]	reject:out-of-bounds
1eed:015b	LEA	op1	0xF8FC	-	LEA DI,[BP + DI + 0xf8fc]	reject:out-of-bounds
1eed:0164	CALLF	op0	0xFE81	0x11751	CALLF 0x1000:fe81	reject:not-a-string
1eed:0169	CALLF	op0	0xFD7E	0x1164E	CALLF 0x1000:fd7e	reject:not-a-string
1eed:016e	CALLF	op0	0xFA11	0x112E1	CALLF 0x1000:fa11	reject:not-a-string
1eed:0173	INC	op0	0xFEFC	-	INC word ptr [BP + 0xfefc]	reject:out-of-bounds
1eed:0177	JMP	op0	0xF075	0x10945	JMP 0x1000:f075	reject:not-a-string
1eed:0179	MOV	op1	0xFF00	-	MOV AL,byte ptr [BP + 0xff00]	reject:out-of-bounds
1eed:017f	CMP	op1	0xFEFE	-	CMP AX,word ptr [BP + 0xfefe]	reject:out-of-bounds
1eed:0183	JL	op0	0xF075	0x10945	JL 0x1000:f075	reject:not-a-string
1eed:0185	MOV	op1	0x3FCC	0x1476C	MOV DI,0x3fcc	reject:not-a-string
1eed:018a	MOV	op1	0xFEFE	-	MOV DI,word ptr [BP + 0xfefe]	reject:out-of-bounds
1eed:018e	MOV	op1	0xFF00	-	MOV AL,byte ptr [BP + DI + 0xff00]	reject:out-of-bounds
1eed:0196	CALLF	op0	0xFDFB	0x116CB	CALLF 0x1000:fdfb	reject:not-a-string
1eed:019b	CALLF	op0	0xFD7E	0x1164E	CALLF 0x1000:fd7e	reject:not-a-string
1eed:01a0	CALLF	op0	0xFA11	0x112E1	CALLF 0x1000:fa11	reject:not-a-string
1eed:01a5	MOV	op1	0xFF00	-	MOV AL,byte ptr [BP + 0xff00]	reject:out-of-bounds
1eed:01ab	CMP	op1	0xFEFE	-	CMP AX,word ptr [BP + 0xfefe]	reject:out-of-bounds
1eed:01af	JLE	op0	0xF084	0x10954	JLE 0x1000:f084	reject:not-a-string
1eed:01b1	JMP	op0	0xEF82	0x10852	JMP 0x1000:ef82	reject:not-a-string
1eed:01b7	CALLF	op0	0xF3C3	0x10C93	CALLF 0x1000:f3c3	reject:not-a-string
1eed:01c5	MOV	op1	0x0100	0x108A0	MOV AX,0x100	reject:not-a-string
1eed:01c8	CALLF	op0	0xFA4D	0x1131D	CALLF 0x1000:fa4d	reject:not-a-string
1eed:01cd	SUB	op1	0x0100	0x108A0	SUB SP,0x100	reject:not-a-string
1eed:01d8	LEA	op1	0xFF00	-	LEA DI,[BP + 0xff00]	reject:out-of-bounds
1eed:01dc	LDS	op1	0x0010	0x107B0	LDS SI,[BP + 0x10]	reject:not-a-string
1eed:01e8	LEA	op1	0xFF00	-	LEA DI,[BP + 0xff00]	reject:out-of-bounds
1eed:01f1	PUSH	op0	0x000C	0x107AC	PUSH word ptr [BP + 0xc]	reject:not-a-string
1eed:01f4	PUSH	op0	0x000A	0x107AA	PUSH word ptr [BP + 0xa]	reject:not-a-string
1eed:01f7	PUSH	op0	0x0008	0x107A8	PUSH word ptr [BP + 0x8]	reject:not-a-string
1eed:01fa	PUSH	op0	0x0006	0x107A6	PUSH word ptr [BP + 0x6]	reject:not-a-string
1eed:01fe	CALL	op0	0xEED0	0x107A0	CALL 0x1000:eed0	reject:not-a-string
1eed:0201	MOV	op1	0x3FCC	0x1476C	MOV DI,0x3fcc	reject:not-a-string
1eed:0206	CALLF	op0	0xFD5D	0x1162D	CALLF 0x1000:fd5d	reject:not-a-string
1eed:020b	CALLF	op0	0xFA11	0x112E1	CALLF 0x1000:fa11	reject:not-a-string
1eed:0219	MOV	op1	0x0002	0x107A2	MOV AX,0x2	reject:not-a-string
1eed:021c	CALLF	op0	0xFA4D	0x1131D	CALLF 0x1000:fa4d	reject:not-a-string
1eed:0221	SUB	op1	0x0002	0x107A2	SUB SP,0x2	reject:not-a-string
1eed:0224	LES	op1	0x0006	0x107A6	LES DI,[BP + 0x6]	reject:not-a-string
1eed:022a	MOV	op0	0xFFFE	-	MOV byte ptr [BP + -0x2],AL	reject:out-of-bounds
1eed:022f	CMP	op1	0xFFFE	-	CMP AL,byte ptr [BP + -0x2]	reject:out-of-bounds
1eed:0232	JA	op0	0xF155	0x10A25	JA 0x1000:f155	reject:not-a-string
1eed:0234	MOV	op0	0xFFFF	-	MOV byte ptr [BP + -0x1],AL	reject:out-of-bounds
1eed:0237	JMP	op0	0xF10C	0x109DC	JMP 0x1000:f10c	reject:not-a-string
1eed:0239	INC	op0	0xFFFF	-	INC byte ptr [BP + -0x1]	reject:out-of-bounds
1eed:023c	MOV	op1	0xFFFF	-	MOV AL,byte ptr [BP + -0x1]	reject:out-of-bounds
1eed:0241	LES	op1	0x0006	0x107A6	LES DI,[BP + 0x6]	reject:not-a-string
1eed:024a	JC	op0	0xF14D	0x10A1D	JC 0x1000:f14d	reject:not-a-string
1eed:024c	MOV	op1	0xFFFF	-	MOV AL,byte ptr [BP + -0x1]	reject:out-of-bounds
1eed:0251	LES	op1	0x0006	0x107A6	LES DI,[BP + 0x6]	reject:not-a-string
1eed:025a	JA	op0	0xF14D	0x10A1D	JA 0x1000:f14d	reject:not-a-string
1eed:025c	MOV	op1	0xFFFF	-	MOV AL,byte ptr [BP + -0x1]	reject:out-of-bounds
1eed:0261	LES	op1	0x0006	0x107A6	LES DI,[BP + 0x6]	reject:not-a-string
1eed:026b	ADD	op1	0x0020	0x107C0	ADD AX,0x20	reject:not-a-string
1eed:0270	MOV	op1	0xFFFF	-	MOV AL,byte ptr [BP + -0x1]	reject:out-of-bounds
1eed:0275	LES	op1	0x0006	0x107A6	LES DI,[BP + 0x6]	reject:not-a-string
1eed:027d	MOV	op1	0xFFFF	-	MOV AL,byte ptr [BP + -0x1]	reject:out-of-bounds
1eed:0280	CMP	op1	0xFFFE	-	CMP AL,byte ptr [BP + -0x2]	reject:out-of-bounds
1eed:0283	JNZ	op0	0xF109	0x109D9	JNZ 0x1000:f109	reject:not-a-string
1eed:0288	RETF	op0	0x0004	0x107A4	RETF 0x4	reject:not-a-string
1f16:0003	MOV	op1	0x00FF	0x10B2F	MOV AX,0xff	reject:not-a-string
1f16:0006	CALLF	op0	0xF896	0x11166	CALLF 0x1000:f896	reject:not-a-string
1f16:0010	CALL	op0	0xF19B	0x10A6B	CALL 0x1000:f19b	reject:not-a-string
1f16:0013	MOV	op1	0x3ECC	0x148FC	MOV DI,0x3ecc	reject:not-a-string
1f16:0019	CALL	op0	0xF49C	0x10D6C	CALL 0x1000:f49c	reject:not-a-string
1f16:001c	MOV	op1	0x3ECC	0x148FC	MOV DI,0x3ecc	reject:not-a-string
1f16:0021	CALLF	op0	0xFAE4	0x113B4	CALLF 0x1000:fae4	reject:not-a-string
1f16:0026	MOV	op1	0x3FCC	0x149FC	MOV DI,0x3fcc	reject:not-a-string
1f16:002c	CALL	op0	0xF49C	0x10D6C	CALL 0x1000:f49c	reject:not-a-string
1f16:002f	MOV	op1	0x3FCC	0x149FC	MOV DI,0x3fcc	reject:not-a-string
1f16:0034	CALLF	op0	0xFAE9	0x113B9	CALLF 0x1000:fae9	reject:not-a-string
1f16:003d	CALL	op0	0xF774	0x11044	CALL 0x1000:f774	reject:not-a-string
1f16:0042	JZ	op0	0xF1AE	0x10A7E	JZ 0x1000:f1ae	reject:not-a-string
1f16:0046	JBE	op0	0xF1AE	0x10A7E	JBE 0x1000:f1ae	reject:not-a-string
1f16:0048	MOV	op1	0x0003	0x10A33	MOV AX,0x3	reject:not-a-string
1f16:004b	CALL	op0	0xF203	0x10AD3	CALL 0x1000:f203	reject:not-a-string
1f16:004e	CALL	op0	0xF250	0x10B20	CALL 0x1000:f250	reject:not-a-string
1f16:0055	CALL	op0	0xF774	0x11044	CALL 0x1000:f774	reject:not-a-string
1f16:005c	MOV	op0	0x3EC8	0x148F8	MOV [0x3ec8],AL	reject:not-a-string
1f16:005f	MOV	op0	0x3EBE	0x148EE	MOV [0x3ebe],AL	reject:not-a-string
1f16:0064	MOV	op0	0x3EB9	0x148E9	MOV [0x3eb9],AL	reject:not-a-string
1f16:0067	MOV	op0	0x3EC9	0x148F9	MOV [0x3ec9],AL	reject:not-a-string
1f16:006a	MOV	op0	0x3ECA	0x148FA	MOV [0x3eca],AL	reject:not-a-string
1f16:006e	MOV	op0	0x3EB8	0x148E8	MOV [0x3eb8],AL	reject:not-a-string
1f16:0071	MOV	op1	0x3684	0x140B4	MOV ES,word ptr [0x3684]	reject:not-a-string
1f16:0075	MOV	op1	0x006C	0x10A9C	MOV DI,0x6c	reject:not-a-string
1f16:007e	JZ	op0	0xF1DB	0x10AAB	JZ 0x1000:f1db	reject:not-a-string
1f16:0083	MOV	op1	0xFFFF	-	MOV CX,0xffff	reject:out-of-bounds
1f16:0086	CALL	op0	0xF428	0x10CF8	CALL 0x1000:f428	reject:not-a-string
1f16:0089	MOV	op1	0x0037	0x10A67	MOV AX,0x37	reject:not-a-string
1f16:0093	MOV	op0	0x3EC4	0x148F4	MOV [0x3ec4],AX	reject:not-a-string
1f16:0099	MOV	op1	0x0138	0x10B68	MOV DX,0x138	reject:not-a-string
1f16:009c	MOV	op1	0x251B	0x12F4B	MOV AX,0x251b	reject:not-a-string
1f16:00a3	MOV	op1	0x3684	0x140B4	MOV ES,word ptr [0x3684]	reject:not-a-string
1f16:00a7	AND	op0	0x0087	0x10AB7	AND byte ptr ES:[0x87],0xfe	reject:not-a-string
1f16:00af	JZ	op0	0xF217	0x10AE7	JZ 0x1000:f217	reject:not-a-string
1f16:00b3	JC	op0	0xF217	0x10AE7	JC 0x1000:f217	reject:not-a-string
1f16:00ba	CALL	op0	0xF774	0x11044	CALL 0x1000:f774	reject:not-a-string
1f16:00c0	JZ	op0	0xF24F	0x10B1F	JZ 0x1000:f24f	reject:not-a-string
1f16:00c2	MOV	op1	0x1112	0x11B42	MOV AX,0x1112	reject:not-a-string
1f16:00c7	CALL	op0	0xF774	0x11044	CALL 0x1000:f774	reject:not-a-string
1f16:00ca	MOV	op1	0x1130	0x11B60	MOV AX,0x1130	reject:not-a-string
1f16:00d1	CALL	op0	0xF774	0x11044	CALL 0x1000:f774	reject:not-a-string
1f16:00d7	JNZ	op0	0xF24F	0x10B1F	JNZ 0x1000:f24f	reject:not-a-string
1f16:00d9	OR	op0	0x0087	0x10AB7	OR byte ptr ES:[0x87],0x1	reject:not-a-string
1f16:00df	MOV	op1	0x0100	0x10B30	MOV AX,0x100	reject:not-a-string
1f16:00e2	MOV	op1	0x0600	0x11030	MOV CX,0x600	reject:not-a-string
1f16:00e5	CALL	op0	0xF774	0x11044	CALL 0x1000:f774	reject:not-a-string
1f16:00ec	CALL	op0	0xF774	0x11044	CALL 0x1000:f774	reject:not-a-string
1f16:00f2	CALL	op0	0xF774	0x11044	CALL 0x1000:f774	reject:not-a-string
1f16:00f6	MOV	op1	0x1130	0x11B60	MOV AX,0x1130	reject:not-a-string
1f16:00fd	CALL	op0	0xF774	0x11044	CALL 0x1000:f774	reject:not-a-string
1f16:0105	JNZ	op0	0xF26F	0x10B3F	JNZ 0x1000:f26f	reject:not-a-string
1f16:010b	JA	op0	0xF26F	0x10B3F	JA 0x1000:f26f	reject:not-a-string
1f16:011a	JBE	op0	0xF27E	0x10B4E	JBE 0x1000:f27e	reject:not-a-string
1f16:011e	MOV	op0	0x3EBC	0x148EC	MOV [0x3ebc],AX	reject:not-a-string
1f16:0121	MOV	op0	0x3EC6	0x148F6	MOV word ptr [0x3ec6],DX	reject:not-a-string
1f16:0125	MOV	op0	0x3EBB	0x148EB	MOV byte ptr [0x3ebb],CL	reject:not-a-string
1f16:0129	MOV	op0	0x3EBA	0x148EA	MOV byte ptr [0x3eba],0x1	reject:not-a-string
1f16:0130	MOV	op0	0x3EC0	0x148F0	MOV [0x3ec0],AX	reject:not-a-string
1f16:014e	CMP	op0	0x3ECA	0x148FA	CMP byte ptr [0x3eca],0x0	reject:not-a-string
1f16:0153	JNZ	op0	0xF2B6	0x10B86	JNZ 0x1000:f2b6	reject:not-a-string
1f16:0156	MOV	op0	0x3ECA	0x148FA	MOV byte ptr [0x3eca],0x0	reject:not-a-string
1f16:015f	JZ	op0	0xF2C7	0x10B97	JZ 0x1000:f2c7	reject:not-a-string
1f16:0165	JMP	op0	0xF2BB	0x10B8B	JMP 0x1000:f2bb	reject:not-a-string
1f16:0169	CALL	op0	0xF5E9	0x10EB9	CALL 0x1000:f5e9	reject:not-a-string
1f16:016e	CALL	op0	0xF5E9	0x10EB9	CALL 0x1000:f5e9	reject:not-a-string
1f16:0171	CALL	op0	0xF5E2	0x10EB2	CALL 0x1000:f5e2	reject:not-a-string
1f16:0174	JMP	op0	0xF160	0x10A30	JMP 0x1000:f160	reject:not-a-string
1f16:01cc	MOV	op1	0x0600	0x11030	MOV AX,0x600	reject:not-a-string
1f16:01cf	MOV	op1	0x3EBE	0x148EE	MOV BH,byte ptr [0x3ebe]	reject:not-a-string
1f16:01d3	MOV	op1	0x3EC0	0x148F0	MOV CX,word ptr [0x3ec0]	reject:not-a-string
1f16:01db	CALL	op0	0xF774	0x11044	CALL 0x1000:f774	reject:not-a-string
1f16:01de	MOV	op1	0x3EC0	0x148F0	MOV DX,word ptr [0x3ec0]	reject:not-a-string
1f16:01e2	CALL	op0	0xF66A	0x10F3A	CALL 0x1000:f66a	reject:not-a-string
1f16:0265	MOV	op1	0x0004	0x10A34	MOV AL,byte ptr SS:[BX + 0x4]	reject:not-a-string
1f16:026b	JZ	op0	0xF3D1	0x10CA1	JZ 0x1000:f3d1	reject:not-a-string
1f16:0271	AND	op0	0x3EBE	0x148EE	AND byte ptr [0x3ebe],0x70	reject:not-a-string
1f16:0276	OR	op0	0x3EBE	0x148EE	OR byte ptr [0x3ebe],AL	reject:not-a-string
1f16:027a	RETF	op0	0x0002	0x10A32	RETF 0x2	reject:not-a-string
1f16:02aa	MOV	op1	0x0004	0x10A34	MOV DX,word ptr SS:[BX + 0x4]	reject:not-a-string
1f16:02b0	JZ	op0	0xF425	0x10CF5	JZ 0x1000:f425	reject:not-a-string
1f16:02b2	MOV	op1	0x3684	0x140B4	MOV ES,word ptr [0x3684]	reject:not-a-string
1f16:02bb	MOV	op1	0x3EC4	0x148F4	MOV CX,word ptr [0x3ec4]	reject:not-a-string
1f16:02bf	CALL	op0	0xF428	0x10CF8	CALL 0x1000:f428	reject:not-a-string
1f16:02c3	JNZ	op0	0xF41B	0x10CEB	JNZ 0x1000:f41b	reject:not-a-string
1f16:02c5	RETF	op0	0x0002	0x10A32	RETF 0x2	reject:not-a-string
1f16:02c8	MOV	op1	0x0004	0x10A34	MOV BX,0x4	reject:not-a-string
1f16:02cc	JNZ	op0	0xF42B	0x10CFB	JNZ 0x1000:f42b	reject:not-a-string
1f16:02d1	LOOPZ	op0	0xF428	0x10CF8	LOOPZ 0x1000:f428	reject:not-a-string
1f16:0308	CMP	op0	0x3EC9	0x148F9	CMP byte ptr [0x3ec9],0x0	reject:not-a-string
1f16:030d	JNZ	op0	0xF477	0x10D47	JNZ 0x1000:f477	reject:not-a-string
1f16:0315	JZ	op0	0xF479	0x10D49	JZ 0x1000:f479	reject:not-a-string
1f16:031a	MOV	op1	0x3EC9	0x148F9	MOV AL,[0x3ec9]	reject:not-a-string
1f16:031d	MOV	op0	0x3EC9	0x148F9	MOV byte ptr [0x3ec9],0x0	reject:not-a-string
1f16:0324	JNZ	op0	0xF498	0x10D68	JNZ 0x1000:f498	reject:not-a-string
1f16:032c	JNZ	op0	0xF498	0x10D68	JNZ 0x1000:f498	reject:not-a-string
1f16:032e	MOV	op0	0x3EC9	0x148F9	MOV byte ptr [0x3ec9],AH	reject:not-a-string
1f16:0334	JNZ	op0	0xF498	0x10D68	JNZ 0x1000:f498	reject:not-a-string
1f16:0338	CALL	op0	0xF2AE	0x10B7E	CALL 0x1000:f2ae	reject:not-a-string
1f16:033f	LDS	op1	0x0004	0x10A34	LDS DI,SS:[BX + 0x4]	reject:not-a-string
1f16:0343	MOV	op0	0x0002	0x10A32	MOV word ptr [DI + 0x2],0xd7b0	reject:not-a-string
1f16:0343	MOV	op1	0xD7B0	-	MOV word ptr [DI + 0x2],0xd7b0	reject:out-of-bounds
1f16:0348	MOV	op0	0x0004	0x10A34	MOV word ptr [DI + 0x4],0x80	reject:not-a-string
1f16:0348	MOV	op1	0x0080	0x10AB0	MOV word ptr [DI + 0x4],0x80	reject:not-a-string
1f16:034d	LEA	op1	0x0080	0x10AB0	LEA AX,[DI + 0x80]	reject:not-a-string
1f16:0351	MOV	op0	0x000C	0x10A3C	MOV word ptr [DI + 0xc],AX	reject:not-a-string
1f16:0354	MOV	op0	0x000E	0x10A3E	MOV word ptr [DI + 0xe],DS	reject:not-a-string
1f16:0357	MOV	op0	0x0010	0x10A40	MOV word ptr [DI + 0x10],0x367	reject:not-a-string
1f16:0357	MOV	op1	0x0367	0x10D97	MOV word ptr [DI + 0x10],0x367	reject:not-a-string
1f16:035c	MOV	op0	0x0012	0x10A42	MOV word ptr [DI + 0x12],CS	reject:not-a-string
1f16:035f	MOV	op0	0x0030	0x10A60	MOV byte ptr [DI + 0x30],0x0	reject:not-a-string
1f16:0364	RETF	op0	0x0004	0x10A34	RETF 0x4	reject:not-a-string
1f16:03a2	LES	op1	0x0006	0x10A36	LES DI,[BP + 0x6]	reject:not-a-string
1f16:03a5	MOV	op1	0x0004	0x10A34	MOV DX,word ptr ES:[DI + 0x4]	reject:not-a-string
1f16:03ab	MOV	op1	0x0008	0x10A38	MOV SI,word ptr ES:[DI + 0x8]	reject:not-a-string
1f16:03af	LES	op1	0x000C	0x10A3C	LES DI,ES:[DI + 0xc]	reject:not-a-string
1f16:03b5	MOV	op0	0x3EC9	0x148F9	MOV byte ptr [0x3ec9],0x0	reject:not-a-string
1f16:03bb	CALL	op0	0xF47A	0x10D4A	CALL 0x1000:f47a	reject:not-a-string
1f16:03be	MOV	op1	0x0001	0x10A31	MOV CX,0x1	reject:not-a-string
1f16:03c3	JZ	op0	0xF559	0x10E29	JZ 0x1000:f559	reject:not-a-string
1f16:03c7	JZ	op0	0xF559	0x10E29	JZ 0x1000:f559	reject:not-a-string
1f16:03cb	JZ	op0	0xF571	0x10E41	JZ 0x1000:f571	reject:not-a-string
1f16:03d0	JZ	op0	0xF559	0x10E29	JZ 0x1000:f559	reject:not-a-string
1f16:03d4	JZ	op0	0xF559	0x10E29	JZ 0x1000:f559	reject:not-a-string
1f16:03d8	JZ	op0	0xF571	0x10E41	JZ 0x1000:f571	reject:not-a-string
1f16:03dc	JZ	op0	0xF584	0x10E54	JZ 0x1000:f584	reject:not-a-string
1f16:03e0	JZ	op0	0xF591	0x10E61	JZ 0x1000:f591	reject:not-a-string
1f16:03e4	JC	op0	0xF515	0x10DE5	JC 0x1000:f515	reject:not-a-string
1f16:03e8	JZ	op0	0xF515	0x10DE5	JZ 0x1000:f515	reject:not-a-string
1f16:03ee	CALL	op0	0xF5E9	0x10EB9	CALL 0x1000:f5e9	reject:not-a-string
1f16:03f3	JBE	op0	0xF515	0x10DE5	JBE 0x1000:f515	reject:not-a-string
1f16:03f7	JMP	op0	0xF515	0x10DE5	JMP 0x1000:f515	reject:not-a-string
1f16:03fb	JZ	op0	0xF515	0x10DE5	JZ 0x1000:f515	reject:not-a-string
1f16:03ff	CALL	op0	0xF5E9	0x10EB9	CALL 0x1000:f5e9	reject:not-a-string
1f16:0404	CALL	op0	0xF5E9	0x10EB9	CALL 0x1000:f5e9	reject:not-a-string
1f16:0409	CALL	op0	0xF5E9	0x10EB9	CALL 0x1000:f5e9	reject:not-a-string
1f16:040d	LOOP	op0	0xF559	0x10E29	LOOP 0x1000:f559	reject:not-a-string
1f16:040f	JMP	op0	0xF515	0x10DE5	JMP 0x1000:f515	reject:not-a-string
1f16:0413	JZ	op0	0xF515	0x10DE5	JZ 0x1000:f515	reject:not-a-string
1f16:041a	JC	op0	0xF515	0x10DE5	JC 0x1000:f515	reject:not-a-string
1f16:041c	CALL	op0	0xF5E9	0x10EB9	CALL 0x1000:f5e9	reject:not-a-string
1f16:0420	LOOP	op0	0xF571	0x10E41	LOOP 0x1000:f571	reject:not-a-string
1f16:0422	JMP	op0	0xF515	0x10DE5	JMP 0x1000:f515	reject:not-a-string
1f16:0424	CMP	op0	0x3EB9	0x148E9	CMP byte ptr [0x3eb9],0x0	reject:not-a-string
1f16:0429	JZ	op0	0xF515	0x10DE5	JZ 0x1000:f515	reject:not-a-string
1f16:042f	JMP	op0	0xF59B	0x10E6B	JMP 0x1000:f59b	reject:not-a-string
1f16:0431	CALL	op0	0xF5E2	0x10EB2	CALL 0x1000:f5e2	reject:not-a-string
1f16:0434	MOV	op1	0x0A0D	0x1143D	MOV word ptr ES:[BX + DI],0xa0d	reject:not-a-string
1f16:043b	LES	op1	0x0006	0x10A36	LES DI,[BP + 0x6]	reject:not-a-string
1f16:0440	MOV	op0	0x0008	0x10A38	MOV word ptr ES:[DI + 0x8],AX	reject:not-a-string
1f16:0444	MOV	op0	0x000A	0x10A3A	MOV word ptr ES:[DI + 0xa],BX	reject:not-a-string
1f16:0449	RETF	op0	0x0004	0x10A34	RETF 0x4	reject:not-a-string
1f16:0484	CALL	op0	0xF5E9	0x10EB9	CALL 0x1000:f5e9	reject:not-a-string
1f16:048e	CALL	op0	0xF663	0x10F33	CALL 0x1000:f663	reject:not-a-string
1f16:0494	JZ	op0	0xF620	0x10EF0	JZ 0x1000:f620	reject:not-a-string
1f16:0498	JZ	op0	0xF627	0x10EF7	JZ 0x1000:f627	reject:not-a-string
1f16:049c	JZ	op0	0xF631	0x10F01	JZ 0x1000:f631	reject:not-a-string
1f16:04a0	JZ	op0	0xF637	0x10F07	JZ 0x1000:f637	reject:not-a-string
1f16:04a4	MOV	op1	0x3EBE	0x148EE	MOV BL,byte ptr [0x3ebe]	reject:not-a-string
1f16:04aa	MOV	op1	0x0001	0x10A31	MOV CX,0x1	reject:not-a-string
1f16:04ae	CALL	op0	0xF774	0x11044	CALL 0x1000:f774	reject:not-a-string
1f16:04b8	JBE	op0	0xF63A	0x10F0A	JBE 0x1000:f63a	reject:not-a-string
1f16:04ba	MOV	op1	0x3EC0	0x148F0	MOV DL,byte ptr [0x3ec0]	reject:not-a-string
1f16:04be	JMP	op0	0xF637	0x10F07	JMP 0x1000:f637	reject:not-a-string
1f16:04c2	CALL	op0	0xF774	0x11044	CALL 0x1000:f774	reject:not-a-string
1f16:04c5	JMP	op0	0xF63A	0x10F0A	JMP 0x1000:f63a	reject:not-a-string
1f16:04c7	CMP	op1	0x3EC0	0x148F0	CMP DL,byte ptr [0x3ec0]	reject:not-a-string
1f16:04cb	JZ	op0	0xF63A	0x10F0A	JZ 0x1000:f63a	reject:not-a-string
1f16:04cf	JMP	op0	0xF63A	0x10F0A	JMP 0x1000:f63a	reject:not-a-string
1f16:04d1	MOV	op1	0x3EC0	0x148F0	MOV DL,byte ptr [0x3ec0]	reject:not-a-string
1f16:04d5	JMP	op0	0xF63A	0x10F0A	JMP 0x1000:f63a	reject:not-a-string
1f16:04d7	CALL	op0	0xF642	0x10F12	CALL 0x1000:f642	reject:not-a-string
1f16:04da	CALL	op0	0xF66A	0x10F3A	CALL 0x1000:f66a	reject:not-a-string
1f16:04e4	CMP	op1	0x3EC3	0x148F3	CMP DH,byte ptr [0x3ec3]	reject:not-a-string
1f16:04e8	JBE	op0	0xF662	0x10F32	JBE 0x1000:f662	reject:not-a-string
1f16:04ee	MOV	op1	0x0601	0x11031	MOV AX,0x601	reject:not-a-string
1f16:04f1	MOV	op1	0x3EBE	0x148EE	MOV BH,byte ptr [0x3ebe]	reject:not-a-string
1f16:04f5	MOV	op1	0x3EC0	0x148F0	MOV CX,word ptr [0x3ec0]	reject:not-a-string
1f16:04fd	CALL	op0	0xF774	0x11044	CALL 0x1000:f774	reject:not-a-string
1f16:0507	JMP	op0	0xF774	0x11044	JMP 0x1000:f774	reject:not-a-string
1f16:050e	JMP	op0	0xF774	0x11044	JMP 0x1000:f774	reject:not-a-string
1f78:0000	MOV	op1	0x20AE	0x130FE	MOV DX,0x20ae	reject:not-a-string
1f78:0005	MOV	op0	0x3678	0x146C8	MOV word ptr [0x3678],ES	reject:not-a-string
1f78:000b	CALL	op0	0x0ACC	0x239C	CALL 0x1000:0acc	reject:not-a-string
1f78:000e	CALL	op0	0xF831	0x11101	CALL 0x1000:f831	reject:not-a-string
1f78:0013	ADD	op1	0x0013	0x11063	ADD AX,0x13	reject:not-a-string
1f78:001e	MOV	op0	0x364A	0x1469A	MOV [0x364a],AX	reject:not-a-string
1f78:0021	MOV	op0	0x364C	0x1469C	MOV [0x364c],AX	reject:not-a-string
1f78:0024	ADD	op1	0x3644	0x14694	ADD AX,word ptr [0x3644]	reject:not-a-string
1f78:0028	MOV	op0	0x364E	0x1469E	MOV [0x364e],AX	reject:not-a-string
1f78:002b	MOV	op0	0x3658	0x146A8	MOV [0x3658],AX	reject:not-a-string
1f78:002e	MOV	op0	0x365C	0x146AC	MOV [0x365c],AX	reject:not-a-string
1f78:0031	MOV	op0	0x3664	0x146B4	MOV [0x3664],AX	reject:not-a-string
1f78:0034	MOV	op1	0x3678	0x146C8	MOV ES,word ptr [0x3678]	reject:not-a-string
1f78:0038	MOV	op1	0x0002	0x11052	MOV AX,ES:[0x2]	reject:not-a-string
1f78:003c	MOV	op0	0x3660	0x146B0	MOV [0x3660],AX	reject:not-a-string
1f78:003f	MOV	op0	0x366A	0x146BA	MOV word ptr [0x366a],0xd6	reject:not-a-string
1f78:003f	MOV	op1	0x00D6	0x11126	MOV word ptr [0x366a],0xd6	reject:not-a-string
1f78:0045	MOV	op0	0x366C	0x146BC	MOV word ptr [0x366c],CS	reject:not-a-string
1f78:0049	MOV	op1	0x40CC	0x1511C	MOV DI,0x40cc	reject:not-a-string
1f78:004c	MOV	op1	0x0239	0x11289	MOV SI,0x239	reject:not-a-string
1f78:004f	MOV	op1	0x0013	0x11063	MOV CX,0x13	reject:not-a-string
1f78:005c	MOV	op0	0x0002	0x11052	MOV word ptr [DI + 0x2],ES	reject:not-a-string
1f78:005f	ADD	op1	0x0004	0x11054	ADD DI,0x4	reject:not-a-string
1f78:0062	LOOP	op0	0xF7D3	0x110A3	LOOP 0x1000:f7d3	reject:not-a-string
1f78:0067	MOV	op1	0x010C	0x1115C	MOV DX,0x10c	reject:not-a-string
1f78:006a	MOV	op1	0x2500	0x13550	MOV AX,0x2500	reject:not-a-string
1f78:006f	MOV	op1	0x0113	0x11163	MOV DX,0x113	reject:not-a-string
1f78:0072	MOV	op1	0x2523	0x13573	MOV AX,0x2523	reject:not-a-string
1f78:0077	MOV	op1	0x00DB	0x1112B	MOV DX,0xdb	reject:not-a-string
1f78:007a	MOV	op1	0x2524	0x13574	MOV AX,0x2524	reject:not-a-string
1f78:007f	MOV	op1	0x0104	0x11154	MOV DX,0x104	reject:not-a-string
1f78:0082	MOV	op1	0x253F	0x1358F	MOV AX,0x253f	reject:not-a-string
1f78:0088	MOV	op1	0x3ECC	0x14F1C	MOV AX,0x3ecc	reject:not-a-string
1f78:008f	MOV	op1	0x0263	0x112B3	MOV AX,0x263	reject:not-a-string
1f78:0095	CALL	op0	0xFA66	0x11336	CALL 0x1000:fa66	reject:not-a-string
1f78:0099	CALL	op0	0xFAE4	0x113B4	CALL 0x1000:fae4	reject:not-a-string
1f78:009c	MOV	op1	0x3FCC	0x1501C	MOV AX,0x3fcc	reject:not-a-string
1f78:00a3	MOV	op1	0x0263	0x112B3	MOV AX,0x263	reject:not-a-string
1f78:00a9	CALL	op0	0xFA66	0x11336	CALL 0x1000:fa66	reject:not-a-string
1f78:00ad	CALL	op0	0xFAE9	0x113B9	CALL 0x1000:fae9	reject:not-a-string
1f78:00c2	JZ	op0	0xF852	0x11122	JZ 0x1000:f852	reject:not-a-string
1f78:00cf	JZ	op0	0xF852	0x11122	JZ 0x1000:f852	reject:not-a-string
1f78:00d2	MOV	op0	0x368C	0x146DC	MOV [0x368c],AL	reject:not-a-string
1f78:0111	JMP	op0	0xF89A	0x1116A	JMP 0x1000:f89a	reject:not-a-string
1f78:011a	MOV	op1	0x20AE	0x130FE	MOV DX,0x20ae	reject:not-a-string
1f78:0120	MOV	op0	0x3672	0x146C2	MOV [0x3672],AX	reject:not-a-string
1f78:0127	JZ	op0	0xF8E6	0x111B6	JZ 0x1000:f8e6	reject:not-a-string
1f78:0129	MOV	op1	0x3650	0x146A0	MOV AX,[0x3650]	reject:not-a-string
1f78:012e	JZ	op0	0xF8DF	0x111AF	JZ 0x1000:f8df	reject:not-a-string
1f78:0132	MOV	op1	0x0010	0x11060	MOV AX,ES:[0x10]	reject:not-a-string
1f78:0138	JZ	op0	0xF8D5	0x111A5	JZ 0x1000:f8d5	reject:not-a-string
1f78:013c	JA	op0	0xF8D5	0x111A5	JA 0x1000:f8d5	reject:not-a-string
1f78:0140	CMP	op1	0x1000	0x12050	CMP AX,0x1000	reject:not-a-string
1f78:0143	JNC	op0	0xF8D5	0x111A5	JNC 0x1000:f8d5	reject:not-a-string
1f78:0145	MOV	op1	0x0010	0x11060	MOV DX,0x10	reject:not-a-string
1f78:014c	JC	op0	0xF8D5	0x111A5	JC 0x1000:f8d5	reject:not-a-string
1f78:014e	CMP	op1	0x0008	0x11058	CMP AX,word ptr ES:[0x8]	reject:not-a-string
1f78:0153	JC	op0	0xF8DB	0x111AB	JC 0x1000:f8db	reject:not-a-string
1f78:0155	MOV	op1	0x0014	0x11064	MOV AX,ES:[0x14]	reject:not-a-string
1f78:0159	JMP	op0	0xF8AC	0x1117C	JMP 0x1000:f8ac	reject:not-a-string
1f78:015f	SUB	op1	0x3678	0x146C8	SUB BX,word ptr [0x3678]	reject:not-a-string
1f78:0163	SUB	op1	0x0010	0x11060	SUB BX,0x10	reject:not-a-string
1f78:0166	MOV	op0	0x3674	0x146C4	MOV word ptr [0x3674],CX	reject:not-a-string
1f78:016a	MOV	op0	0x3676	0x146C6	MOV word ptr [0x3676],BX	reject:not-a-string
1f78:016e	LES	op1	0x366E	0x146BE	LES BX,[0x366e]	reject:not-a-string
1f78:0176	JZ	op0	0xF90B	0x111DB	JZ 0x1000:f90b	reject:not-a-string
1f78:017a	MOV	op0	0x366E	0x146BE	MOV [0x366e],AX	reject:not-a-string
1f78:017d	MOV	op0	0x3670	0x146C0	MOV [0x3670],AX	reject:not-a-string
1f78:0180	MOV	op0	0x367C	0x146CC	MOV [0x367c],AX	reject:not-a-string
1f78:0183	MOV	op1	0x016E	0x111BE	MOV AX,0x16e	reject:not-a-string
1f78:018b	MOV	op1	0x3ECC	0x14F1C	MOV AX,0x3ecc	reject:not-a-string
1f78:0191	CALL	op0	0xFB3E	0x1140E	CALL 0x1000:fb3e	reject:not-a-string
1f78:0194	MOV	op1	0x3FCC	0x1501C	MOV AX,0x3fcc	reject:not-a-string
1f78:019a	CALL	op0	0xFB3E	0x1140E	CALL 0x1000:fb3e	reject:not-a-string
1f78:019d	MOV	op1	0x40CC	0x1511C	MOV DI,0x40cc	reject:not-a-string
1f78:01a0	MOV	op1	0x0239	0x11289	MOV SI,0x239	reject:not-a-string
1f78:01a3	MOV	op1	0x0013	0x11063	MOV CX,0x13	reject:not-a-string
1f78:01b2	ADD	op1	0x0004	0x11054	ADD DI,0x4	reject:not-a-string
1f78:01b5	LOOP	op0	0xF927	0x111F7	LOOP 0x1000:f927	reject:not-a-string
1f78:01b7	MOV	op1	0x3674	0x146C4	MOV AX,[0x3674]	reject:not-a-string
1f78:01ba	OR	op1	0x3676	0x146C6	OR AX,word ptr [0x3676]	reject:not-a-string
1f78:01be	JZ	op0	0xF969	0x11239	JZ 0x1000:f969	reject:not-a-string
1f78:01c0	MOV	op1	0x024C	0x1129C	MOV BX,0x24c	reject:not-a-string
1f78:01c3	CALL	op0	0xF970	0x11240	CALL 0x1000:f970	reject:not-a-string
1f78:01c6	MOV	op1	0x3672	0x146C2	MOV AX,[0x3672]	reject:not-a-string
1f78:01c9	CALL	op0	0xF97E	0x1124E	CALL 0x1000:f97e	reject:not-a-string
1f78:01cc	MOV	op1	0x025B	0x112AB	MOV BX,0x25b	reject:not-a-string
1f78:01cf	CALL	op0	0xF970	0x11240	CALL 0x1000:f970	reject:not-a-string
1f78:01d2	MOV	op1	0x3676	0x146C6	MOV AX,[0x3676]	reject:not-a-string
1f78:01d5	CALL	op0	0xF998	0x11268	CALL 0x1000:f998	reject:not-a-string
1f78:01da	CALL	op0	0xF9B2	0x11282	CALL 0x1000:f9b2	reject:not-a-string
1f78:01dd	MOV	op1	0x3674	0x146C4	MOV AX,[0x3674]	reject:not-a-string
1f78:01e0	CALL	op0	0xF998	0x11268	CALL 0x1000:f998	reject:not-a-string
1f78:01e3	MOV	op1	0x0260	0x112B0	MOV BX,0x260	reject:not-a-string
1f78:01e6	CALL	op0	0xF970	0x11240	CALL 0x1000:f970	reject:not-a-string
1f78:01e9	MOV	op1	0x3672	0x146C2	MOV AX,[0x3672]	reject:not-a-string
1f78:01f5	JZ	op0	0xF97D	0x1124D	JZ 0x1000:f97d	reject:not-a-string
1f78:01f7	CALL	op0	0xF9B2	0x11282	CALL 0x1000:f9b2	reject:not-a-string
1f78:01fb	JMP	op0	0xF970	0x11240	JMP 0x1000:f970	reject:not-a-string
1f78:0200	CALL	op0	0xF98A	0x1125A	CALL 0x1000:f98a	reject:not-a-string
1f78:0205	CALL	op0	0xF98A	0x1125A	CALL 0x1000:f98a	reject:not-a-string
1f78:0208	JMP	op0	0xF98E	0x1125E	JMP 0x1000:f98e	reject:not-a-string
1f78:0211	CALL	op0	0xF9B2	0x11282	CALL 0x1000:f9b2	reject:not-a-string
1f78:021b	CALL	op0	0xF99F	0x1126F	CALL 0x1000:f99f	reject:not-a-string
1f78:022e	JC	op0	0xF9B2	0x11282	JC 0x1000:f9b2	reject:not-a-string
1f78:028c	XCHG	op0	0x367C	0x146CC	XCHG word ptr [0x367c],AX	reject:not-a-string
1f78:0291	CMP	op0	0x367C	0x146CC	CMP word ptr [0x367c],0x0	reject:not-a-string
1f78:0291	CMP	op1	0x0000	0x11050	CMP word ptr [0x367c],0x0	reject:not-a-string
1f78:0296	JNZ	op0	0xFA19	0x112E9	JNZ 0x1000:fa19	reject:not-a-string
1f78:0299	MOV	op1	0x367C	0x146CC	MOV AX,[0x367c]	reject:not-a-string
1f78:029c	JMP	op0	0xF88F	0x1115F	JMP 0x1000:f88f	reject:not-a-string
1f78:02cd	ADD	op1	0x0200	0x11250	ADD AX,0x200	reject:not-a-string
1f78:02d0	JC	op0	0xFA5F	0x1132F	JC 0x1000:fa5f	reject:not-a-string
1f78:02d4	JNC	op0	0xFA5F	0x1132F	JNC 0x1000:fa5f	reject:not-a-string
1f78:02d8	CMP	op1	0x367A	0x146CA	CMP AX,word ptr [0x367a]	reject:not-a-string
1f78:02dc	JC	op0	0xFA5F	0x1132F	JC 0x1000:fa5f	reject:not-a-string
1f78:02df	MOV	op1	0x00CA	0x1111A	MOV AX,0xca	reject:not-a-string
1f78:02e2	JMP	op0	0xF88F	0x1115F	JMP 0x1000:f88f	reject:not-a-string
1f78:02eb	LES	op1	0x0008	0x11058	LES DI,SS:[BX + 0x8]	reject:not-a-string
1f78:02ef	LDS	op1	0x0004	0x11054	LDS SI,SS:[BX + 0x4]	reject:not-a-string
1f78:02f7	MOV	op1	0xD7B0	-	MOV AX,0xd7b0	reject:out-of-bounds
1f78:02fb	MOV	op1	0x0080	0x110D0	MOV AX,0x80	reject:not-a-string
1f78:0304	LEA	op1	0x0074	0x110C4	LEA AX,[DI + 0x74]	reject:not-a-string
1f78:030b	MOV	op1	0x0D03	0x11D53	MOV AX,0xd03	reject:not-a-string
1f78:030f	MOV	op1	0x1F78	0x12FC8	MOV AX,0x1f78	reject:not-a-string
1f78:0315	MOV	op1	0x000E	0x1105E	MOV CX,0xe	reject:not-a-string
1f78:031a	MOV	op1	0x004F	0x1109F	MOV CX,0x4f	reject:not-a-string
1f78:031f	JNZ	op0	0xFAAA	0x1137A	JNZ 0x1000:faaa	reject:not-a-string
1f78:0324	JBE	op0	0xFAAA	0x1137A	JBE 0x1000:faaa	reject:not-a-string
1f78:0328	JCXZ	op0	0xFAB2	0x11382	JCXZ 0x1000:fab2	reject:not-a-string
1f78:032d	JZ	op0	0xFAB2	0x11382	JZ 0x1000:fab2	reject:not-a-string
1f78:0330	LOOP	op0	0xFAAA	0x1137A	LOOP 0x1000:faaa	reject:not-a-string
1f78:0336	RETF	op0	0x0008	0x11058	RETF 0x8	reject:not-a-string
1f78:0364	MOV	op1	0xD7B1	-	MOV DX,0xd7b1	reject:out-of-bounds
1f78:0367	JMP	op0	0xFAF1	0x113C1	JMP 0x1000:faf1	reject:not-a-string
1f78:0369	MOV	op1	0xD7B2	-	MOV DX,0xd7b2	reject:out-of-bounds
1f78:036c	JMP	op0	0xFAF1	0x113C1	JMP 0x1000:faf1	reject:not-a-string
1f78:0377	MOV	op1	0x0002	0x11052	MOV AX,word ptr ES:[DI + 0x2]	reject:not-a-string
1f78:037b	CMP	op1	0xD7B1	-	CMP AX,0xd7b1	reject:out-of-bounds
1f78:037e	JZ	op0	0xFB12	0x113E2	JZ 0x1000:fb12	reject:not-a-string
1f78:0380	CMP	op1	0xD7B2	-	CMP AX,0xd7b2	reject:out-of-bounds
1f78:0383	JZ	op0	0xFB12	0x113E2	JZ 0x1000:fb12	reject:not-a-string
1f78:0385	CMP	op1	0xD7B0	-	CMP AX,0xd7b0	reject:out-of-bounds
1f78:0388	JZ	op0	0xFB1A	0x113EA	JZ 0x1000:fb1a	reject:not-a-string
1f78:038a	MOV	op0	0x367C	0x146CC	MOV word ptr [0x367c],0x66	reject:not-a-string
1f78:038a	MOV	op1	0x0066	0x110B6	MOV word ptr [0x367c],0x66	reject:not-a-string
1f78:0390	JMP	op0	0xFB36	0x11406	JMP 0x1000:fb36	reject:not-a-string
1f78:0396	CALL	op0	0xFB3E	0x1140E	CALL 0x1000:fb3e	reject:not-a-string
1f78:039c	MOV	op0	0x0002	0x11052	MOV word ptr ES:[DI + 0x2],DX	reject:not-a-string
1f78:03a0	MOV	op0	0x0008	0x11058	MOV word ptr ES:[DI + 0x8],AX	reject:not-a-string
1f78:03a4	MOV	op0	0x000A	0x1105A	MOV word ptr ES:[DI + 0xa],AX	reject:not-a-string
1f78:03a8	MOV	op1	0x0010	0x11060	MOV BX,0x10	reject:not-a-string
1f78:03ab	CALL	op0	0xFB7A	0x1144A	CALL 0x1000:fb7a	reject:not-a-string
1f78:03ae	JZ	op0	0xFB36	0x11406	JZ 0x1000:fb36	reject:not-a-string
1f78:03b0	MOV	op0	0x0002	0x11052	MOV word ptr ES:[DI + 0x2],0xd7b0	reject:not-a-string
1f78:03b0	MOV	op1	0xD7B0	-	MOV word ptr ES:[DI + 0x2],0xd7b0	reject:out-of-bounds
1f78:03b7	RETF	op0	0x0004	0x11054	RETF 0x4	reject:not-a-string
1f78:03c6	CMP	op0	0x0002	0x11052	CMP word ptr ES:[DI + 0x2],0xd7b1	reject:not-a-string
1f78:03c6	CMP	op1	0xD7B1	-	CMP word ptr ES:[DI + 0x2],0xd7b1	reject:out-of-bounds
1f78:03cc	JZ	op0	0xFB66	0x11436	JZ 0x1000:fb66	reject:not-a-string
1f78:03ce	CMP	op0	0x0002	0x11052	CMP word ptr ES:[DI + 0x2],0xd7b2	reject:not-a-string
1f78:03ce	CMP	op1	0xD7B2	-	CMP word ptr ES:[DI + 0x2],0xd7b2	reject:out-of-bounds
1f78:03d4	JZ	op0	0xFB5E	0x1142E	JZ 0x1000:fb5e	reject:not-a-string
1f78:03d6	MOV	op0	0x367C	0x146CC	MOV word ptr [0x367c],0x67	reject:not-a-string
1f78:03d6	MOV	op1	0x0067	0x110B7	MOV word ptr [0x367c],0x67	reject:not-a-string
1f78:03dc	JMP	op0	0xFB76	0x11446	JMP 0x1000:fb76	reject:not-a-string
1f78:03df	MOV	op1	0x0014	0x11064	MOV BX,0x14	reject:not-a-string
1f78:03e2	CALL	op0	0xFB7A	0x1144A	CALL 0x1000:fb7a	reject:not-a-string
1f78:03e8	JZ	op0	0xFB76	0x11446	JZ 0x1000:fb76	reject:not-a-string
1f78:03ed	CALL	op0	0xFB7A	0x1144A	CALL 0x1000:fb7a	reject:not-a-string
1f78:03f0	MOV	op0	0x0002	0x11052	MOV word ptr ES:[DI + 0x2],0xd7b0	reject:not-a-string
1f78:03f0	MOV	op1	0xD7B0	-	MOV word ptr ES:[DI + 0x2],0xd7b0	reject:out-of-bounds
1f78:03f7	RETF	op0	0x0004	0x11054	RETF 0x4	reject:not-a-string
1f78:0403	JZ	op0	0xFB88	0x11458	JZ 0x1000:fb88	reject:not-a-string
1f78:0405	MOV	op0	0x367C	0x146CC	MOV [0x367c],AX	reject:not-a-string
1f78:0499	CMP	op0	0x367C	0x146CC	CMP word ptr [0x367c],0x0	reject:not-a-string
1f78:0499	CMP	op1	0x0000	0x11050	CMP word ptr [0x367c],0x0	reject:not-a-string
1f78:049e	JNZ	op0	0xFC55	0x11525	JNZ 0x1000:fc55	reject:not-a-string
1f78:04a0	CMP	op0	0x0002	0x11052	CMP word ptr ES:[BX + 0x2],0xd7b1	reject:not-a-string
1f78:04a0	CMP	op1	0xD7B1	-	CMP word ptr ES:[BX + 0x2],0xd7b1	reject:out-of-bounds
1f78:04a6	JNZ	op0	0xFC56	0x11526	JNZ 0x1000:fc56	reject:not-a-string
1f78:04a8	MOV	op1	0x0008	0x11058	MOV SI,word ptr ES:[BX + 0x8]	reject:not-a-string
1f78:04ac	CMP	op1	0x000A	0x1105A	CMP SI,word ptr ES:[BX + 0xa]	reject:not-a-string
1f78:04b0	JZ	op0	0xFC5D	0x1152D	JZ 0x1000:fc5d	reject:not-a-string
1f78:04b6	LDS	op1	0x000C	0x1105C	LDS DX,ES:[BX + 0xc]	reject:not-a-string
1f78:04ba	MOV	op1	0x000A	0x1105A	MOV BX,word ptr ES:[BX + 0xa]	reject:not-a-string
1f78:04cd	MOV	op0	0x0008	0x11058	MOV word ptr ES:[BX + 0x8],SI	reject:not-a-string
1f78:04d3	JNZ	op0	0xFC5D	0x1152D	JNZ 0x1000:fc5d	reject:not-a-string
1f78:04d6	MOV	op0	0x367C	0x146CC	MOV word ptr [0x367c],0x68	reject:not-a-string
1f78:04d6	MOV	op1	0x0068	0x110B8	MOV word ptr [0x367c],0x68	reject:not-a-string
1f78:04e3	CALL	op0	0xFD99	0x11669	CALL 0x1000:fd99	reject:not-a-string
1f78:04ec	MOV	op1	0x0008	0x11058	MOV SI,word ptr ES:[BX + 0x8]	reject:not-a-string
1f78:04f0	CMP	op1	0x000A	0x1105A	CMP SI,word ptr ES:[BX + 0xa]	reject:not-a-string
1f78:04f4	JNZ	op0	0xFC32	0x11502	JNZ 0x1000:fc32	reject:not-a-string
1f78:04f7	CMP	op0	0x367C	0x146CC	CMP word ptr [0x367c],0x0	reject:not-a-string
1f78:04f7	CMP	op1	0x0000	0x11050	CMP word ptr [0x367c],0x0	reject:not-a-string
1f78:04fc	JNZ	op0	0xFCBE	0x1158E	JNZ 0x1000:fcbe	reject:not-a-string
1f78:04fe	CMP	op0	0x0002	0x11052	CMP word ptr ES:[BX + 0x2],0xd7b2	reject:not-a-string
1f78:04fe	CMP	op1	0xD7B2	-	CMP word ptr ES:[BX + 0x2],0xd7b2	reject:out-of-bounds
1f78:0504	JNZ	op0	0xFCBF	0x1158F	JNZ 0x1000:fcbf	reject:not-a-string
1f78:0506	MOV	op1	0x0004	0x11054	MOV CX,word ptr ES:[BX + 0x4]	reject:not-a-string
1f78:050a	MOV	op1	0x0008	0x11058	MOV DI,word ptr ES:[BX + 0x8]	reject:not-a-string
1f78:0512	JNC	op0	0xFC98	0x11568	JNC 0x1000:fc98	reject:not-a-string
1f78:0519	LES	op1	0x000C	0x1105C	LES SI,ES:[BX + 0xc]	reject:not-a-string
1f78:0527	MOV	op0	0x0008	0x11058	MOV word ptr ES:[BX + 0x8],DI	reject:not-a-string
1f78:052b	CMP	op1	0x0004	0x11054	CMP DI,word ptr ES:[BX + 0x4]	reject:not-a-string
1f78:052f	JNZ	op0	0xFCBA	0x1158A	JNZ 0x1000:fcba	reject:not-a-string
1f78:0534	CALL	op0	0xFD99	0x11669	CALL 0x1000:fd99	reject:not-a-string
1f78:053c	JNZ	op0	0xFC86	0x11556	JNZ 0x1000:fc86	reject:not-a-string
1f78:053f	MOV	op0	0x367C	0x146CC	MOV word ptr [0x367c],0x69	reject:not-a-string
1f78:053f	MOV	op1	0x0069	0x110B9	MOV word ptr [0x367c],0x69	reject:not-a-string
1f78:0546	CMP	op0	0x367C	0x146CC	CMP word ptr [0x367c],0x0	reject:not-a-string
1f78:0546	CMP	op1	0x0000	0x11050	CMP word ptr [0x367c],0x0	reject:not-a-string
1f78:054b	JNZ	op0	0xFD15	0x115E5	JNZ 0x1000:fd15	reject:not-a-string
1f78:054d	CMP	op0	0x0002	0x11052	CMP word ptr ES:[BX + 0x2],0xd7b2	reject:not-a-string
1f78:054d	CMP	op1	0xD7B2	-	CMP word ptr ES:[BX + 0x2],0xd7b2	reject:out-of-bounds
1f78:0553	JNZ	op0	0xFD16	0x115E6	JNZ 0x1000:fd16	reject:not-a-string
1f78:0555	MOV	op1	0x0004	0x11054	MOV CX,word ptr ES:[BX + 0x4]	reject:not-a-string
1f78:0559	MOV	op1	0x0008	0x11058	MOV DI,word ptr ES:[BX + 0x8]	reject:not-a-string
1f78:0561	JNC	op0	0xFCE7	0x115B7	JNC 0x1000:fce7	reject:not-a-string
1f78:056c	LES	op1	0x000C	0x1105C	LES BX,ES:[BX + 0xc]	reject:not-a-string
1f78:057a	MOV	op0	0x0008	0x11058	MOV word ptr ES:[BX + 0x8],DI	reject:not-a-string
1f78:057e	CMP	op1	0x0004	0x11054	CMP DI,word ptr ES:[BX + 0x4]	reject:not-a-string
1f78:0582	JNZ	op0	0xFD11	0x115E1	JNZ 0x1000:fd11	reject:not-a-string
1f78:0589	CALL	op0	0xFD99	0x11669	CALL 0x1000:fd99	reject:not-a-string
1f78:0593	JNZ	op0	0xFCD5	0x115A5	JNZ 0x1000:fcd5	reject:not-a-string
1f78:0596	MOV	op0	0x367C	0x146CC	MOV word ptr [0x367c],0x69	reject:not-a-string
1f78:0596	MOV	op1	0x0069	0x110B9	MOV word ptr [0x367c],0x69	reject:not-a-string
1f78:05a3	MOV	op1	0x05BB	0x1160B	MOV AX,0x5bb	reject:not-a-string
1f78:05a8	CALL	op0	0xFC19	0x114E9	CALL 0x1000:fc19	reject:not-a-string
1f78:05ab	JNZ	op0	0xFD37	0x11607	JNZ 0x1000:fd37	reject:not-a-string
1f78:05ad	CMP	op0	0x001A	0x1106A	CMP word ptr ES:[BX + 0x1a],0x0	reject:not-a-string
1f78:05ad	CMP	op1	0x0000	0x11050	CMP word ptr ES:[BX + 0x1a],0x0	reject:not-a-string
1f78:05b2	JZ	op0	0xFD37	0x11607	JZ 0x1000:fd37	reject:not-a-string
1f78:05b4	CALL	op0	0xFDA7	0x11677	CALL 0x1000:fda7	reject:not-a-string
1f78:05b8	RETF	op0	0x0004	0x11054	RETF 0x4	reject:not-a-string
1f78:05e3	MOV	op1	0x0002	0x11052	MOV AX,0x2	reject:not-a-string
1f78:05e6	MOV	op1	0x3690	0x146E0	MOV SI,0x3690	reject:not-a-string
1f78:05eb	CALL	op0	0xFCC6	0x11596	CALL 0x1000:fcc6	reject:not-a-string
1f78:05ee	JNZ	op0	0xFD7A	0x1164A	JNZ 0x1000:fd7a	reject:not-a-string
1f78:05f0	CMP	op0	0x001A	0x1106A	CMP word ptr ES:[BX + 0x1a],0x0	reject:not-a-string
1f78:05f0	CMP	op1	0x0000	0x11050	CMP word ptr ES:[BX + 0x1a],0x0	reject:not-a-string
1f78:05f5	JZ	op0	0xFD7A	0x1164A	JZ 0x1000:fd7a	reject:not-a-string
1f78:05f7	CALL	op0	0xFDA7	0x11677	CALL 0x1000:fda7	reject:not-a-string
1f78:05fb	RETF	op0	0x0004	0x11054	RETF 0x4	reject:not-a-string
1f78:0604	CMP	op0	0x001A	0x1106A	CMP word ptr ES:[BX + 0x1a],0x0	reject:not-a-string
1f78:0604	CMP	op1	0x0000	0x11050	CMP word ptr ES:[BX + 0x1a],0x0	reject:not-a-string
1f78:0609	JZ	op0	0xFD95	0x11665	JZ 0x1000:fd95	reject:not-a-string
1f78:060b	CMP	op0	0x367C	0x146CC	CMP word ptr [0x367c],0x0	reject:not-a-string
1f78:060b	CMP	op1	0x0000	0x11050	CMP word ptr [0x367c],0x0	reject:not-a-string
1f78:0610	JNZ	op0	0xFD95	0x11665	JNZ 0x1000:fd95	reject:not-a-string
1f78:0612	CALL	op0	0xFDA7	0x11677	CALL 0x1000:fda7	reject:not-a-string
1f78:0616	RETF	op0	0x0004	0x11054	RETF 0x4	reject:not-a-string
1f78:061b	CALLF	op0	0x0014	0x11064	CALLF [BX + 0x14]	reject:not-a-string
1f78:0621	JZ	op0	0xFDA6	0x11676	JZ 0x1000:fda6	reject:not-a-string
1f78:0623	MOV	op0	0x367C	0x146CC	MOV [0x367c],AX	reject:not-a-string
1f78:0629	CALLF	op0	0x0018	0x11068	CALLF [BX + 0x18]	reject:not-a-string
1f78:062f	JZ	op0	0xFDB4	0x11684	JZ 0x1000:fdb4	reject:not-a-string
1f78:0631	MOV	op0	0x367C	0x146CC	MOV [0x367c],AX	reject:not-a-string
1f78:0638	CMP	op0	0x367C	0x146CC	CMP word ptr [0x367c],0x0	reject:not-a-string
1f78:0638	CMP	op1	0x0000	0x11050	CMP word ptr [0x367c],0x0	reject:not-a-string
1f78:063d	JNZ	op0	0xFDF7	0x116C7	JNZ 0x1000:fdf7	reject:not-a-string
1f78:0642	CMP	op0	0x0002	0x11052	CMP word ptr ES:[BX + 0x2],0xd7b1	reject:not-a-string
1f78:0642	CMP	op1	0xD7B1	-	CMP word ptr ES:[BX + 0x2],0xd7b1	reject:out-of-bounds
1f78:0648	JNZ	op0	0xFDF1	0x116C1	JNZ 0x1000:fdf1	reject:not-a-string
1f78:064a	MOV	op1	0x0008	0x11058	MOV DI,word ptr ES:[BX + 0x8]	reject:not-a-string
1f78:064e	CMP	op1	0x000A	0x1105A	CMP DI,word ptr ES:[BX + 0xa]	reject:not-a-string
1f78:0652	JNZ	op0	0xFDE4	0x116B4	JNZ 0x1000:fde4	reject:not-a-string
1f78:0654	CALL	op0	0xFD99	0x11669	CALL 0x1000:fd99	reject:not-a-string
1f78:065a	MOV	op1	0x0008	0x11058	MOV DI,word ptr ES:[BX + 0x8]	reject:not-a-string
1f78:065e	CMP	op1	0x000A	0x1105A	CMP DI,word ptr ES:[BX + 0xa]	reject:not-a-string
1f78:0662	JZ	op0	0xFDF7	0x116C7	JZ 0x1000:fdf7	reject:not-a-string
1f78:0664	INC	op0	0x0008	0x11058	INC word ptr ES:[BX + 0x8]	reject:not-a-string
1f78:0668	LES	op1	0x000C	0x1105C	LES BX,ES:[BX + 0xc]	reject:not-a-string
1f78:0671	MOV	op0	0x367C	0x146CC	MOV word ptr [0x367c],0x68	reject:not-a-string
1f78:0671	MOV	op1	0x0068	0x110B8	MOV word ptr [0x367c],0x68	reject:not-a-string
1f78:0679	JMP	op0	0xFDEF	0x116BF	JMP 0x1000:fdef	reject:not-a-string
1f78:067e	LES	op1	0x000A	0x1105A	LES BX,[BP + 0xa]	reject:not-a-string
1f78:0685	JLE	op0	0xFE0A	0x116DA	JLE 0x1000:fe0a	reject:not-a-string
1f78:0687	CALL	op0	0xFC77	0x11547	CALL 0x1000:fc77	reject:not-a-string
1f78:068a	CMP	op0	0x367C	0x146CC	CMP word ptr [0x367c],0x0	reject:not-a-string
1f78:068a	CMP	op1	0x0000	0x11050	CMP word ptr [0x367c],0x0	reject:not-a-string
1f78:068f	JNZ	op0	0xFE3A	0x1170A	JNZ 0x1000:fe3a	reject:not-a-string
1f78:0691	CMP	op0	0x0002	0x11052	CMP word ptr ES:[BX + 0x2],0xd7b2	reject:not-a-string
1f78:0691	CMP	op1	0xD7B2	-	CMP word ptr ES:[BX + 0x2],0xd7b2	reject:out-of-bounds
1f78:0697	JNZ	op0	0xFE3E	0x1170E	JNZ 0x1000:fe3e	reject:not-a-string
1f78:0699	INC	op0	0x0008	0x11058	INC word ptr ES:[BX + 0x8]	reject:not-a-string
1f78:069d	MOV	op1	0x0008	0x11058	MOV DI,word ptr ES:[BX + 0x8]	reject:not-a-string
1f78:06a1	MOV	op1	0x0004	0x11054	MOV DX,word ptr ES:[BX + 0x4]	reject:not-a-string
1f78:06a5	LES	op1	0x000C	0x1105C	LES BX,ES:[BX + 0xc]	reject:not-a-string
1f78:06a9	MOV	op1	0x0008	0x11058	MOV AL,byte ptr [BP + 0x8]	reject:not-a-string
1f78:06ac	MOV	op0	0xFFFF	-	MOV byte ptr ES:[BX + DI + -0x1],AL	reject:out-of-bounds
1f78:06b2	JNZ	op0	0xFE3A	0x1170A	JNZ 0x1000:fe3a	reject:not-a-string
1f78:06b4	LES	op1	0x000A	0x1105A	LES BX,[BP + 0xa]	reject:not-a-string
1f78:06b7	CALL	op0	0xFD99	0x11669	CALL 0x1000:fd99	reject:not-a-string
1f78:06bb	RETF	op0	0x0004	0x11054	RETF 0x4	reject:not-a-string
1f78:06be	MOV	op0	0x367C	0x146CC	MOV word ptr [0x367c],0x69	reject:not-a-string
1f78:06be	MOV	op1	0x0069	0x110B9	MOV word ptr [0x367c],0x69	reject:not-a-string
1f78:06c4	JMP	op0	0xFE3A	0x1170A	JMP 0x1000:fe3a	reject:not-a-string
1f78:06c9	LES	op1	0x000C	0x1105C	LES BX,[BP + 0xc]	reject:not-a-string
1f78:06cc	MOV	op1	0x06E9	0x11739	MOV AX,0x6e9	reject:not-a-string
1f78:06d2	MOV	op1	0x0008	0x11058	MOV DI,word ptr [BP + 0x8]	reject:not-a-string
1f78:06d5	MOV	op1	0x000A	0x1105A	MOV DX,word ptr [BP + 0xa]	reject:not-a-string
1f78:06d9	CALL	op0	0xFC19	0x114E9	CALL 0x1000:fc19	reject:not-a-string
1f78:06de	LES	op1	0x0008	0x11058	LES DI,[BP + 0x8]	reject:not-a-string
1f78:0704	LES	op1	0x0008	0x11058	LES BX,[BP + 0x8]	reject:not-a-string
1f78:070c	LES	op1	0x000C	0x1105C	LES BX,[BP + 0xc]	reject:not-a-string
1f78:0714	JLE	op0	0xFE9B	0x1176B	JLE 0x1000:fe9b	reject:not-a-string
1f78:0717	CALL	op0	0xFC77	0x11547	CALL 0x1000:fc77	reject:not-a-string
1f78:071d	JZ	op0	0xFEA9	0x11779	JZ 0x1000:fea9	reject:not-a-string
1f78:071f	MOV	op1	0x0008	0x11058	MOV SI,word ptr [BP + 0x8]	reject:not-a-string
1f78:0722	MOV	op1	0x000A	0x1105A	MOV DX,word ptr [BP + 0xa]	reject:not-a-string
1f78:0726	CALL	op0	0xFCC6	0x11596	CALL 0x1000:fcc6	reject:not-a-string
1f78:0733	LES	op1	0x0008	0x11058	LES DI,SS:[BX + 0x8]	reject:not-a-string
1f78:0737	LDS	op1	0x0004	0x11054	LDS SI,SS:[BX + 0x4]	reject:not-a-string
1f78:073f	MOV	op1	0xD7B0	-	MOV AX,0xd7b0	reject:out-of-bounds
1f78:0745	MOV	op1	0x0016	0x11066	MOV CX,0x16	reject:not-a-string
1f78:074a	MOV	op1	0x004F	0x1109F	MOV CX,0x4f	reject:not-a-string
1f78:074f	JNZ	op0	0xFEDA	0x117AA	JNZ 0x1000:feda	reject:not-a-string
1f78:0754	JBE	op0	0xFEDA	0x117AA	JBE 0x1000:feda	reject:not-a-string
1f78:0758	JCXZ	op0	0xFEE2	0x117B2	JCXZ 0x1000:fee2	reject:not-a-string
1f78:075d	JZ	op0	0xFEE2	0x117B2	JZ 0x1000:fee2	reject:not-a-string
1f78:0760	LOOP	op0	0xFEDA	0x117AA	LOOP 0x1000:feda	reject:not-a-string
1f78:0766	RETF	op0	0x0008	0x11058	RETF 0x8	reject:not-a-string
1f78:0769	MOV	op1	0x368E	0x146DE	MOV AL,[0x368e]	reject:not-a-string
1f78:0770	JMP	op0	0xFEF8	0x117C8	JMP 0x1000:fef8	reject:not-a-string
1f78:0772	MOV	op1	0x3C00	0x14C50	MOV AX,0x3c00	reject:not-a-string
1f78:0775	MOV	op1	0x0001	0x11051	MOV DX,0x1	reject:not-a-string
1f78:077b	LES	op1	0x0008	0x11058	LES DI,[BP + 0x8]	reject:not-a-string
1f78:077e	CMP	op0	0x0002	0x11052	CMP word ptr ES:[DI + 0x2],0xd7b0	reject:not-a-string
1f78:077e	CMP	op1	0xD7B0	-	CMP word ptr ES:[DI + 0x2],0xd7b0	reject:out-of-bounds
1f78:0784	JZ	op0	0xFF20	0x117F0	JZ 0x1000:ff20	reject:not-a-string
1f78:0786	CMP	op0	0x0002	0x11052	CMP word ptr ES:[DI + 0x2],0xd7b3	reject:not-a-string
1f78:0786	CMP	op1	0xD7B3	-	CMP word ptr ES:[DI + 0x2],0xd7b3	reject:out-of-bounds
1f78:078c	JZ	op0	0xFF16	0x117E6	JZ 0x1000:ff16	reject:not-a-string
1f78:078e	MOV	op0	0x367C	0x146CC	MOV word ptr [0x367c],0x66	reject:not-a-string
1f78:078e	MOV	op1	0x0066	0x110B6	MOV word ptr [0x367c],0x66	reject:not-a-string
1f78:0794	JMP	op0	0xFF4A	0x1181A	JMP 0x1000:ff4a	reject:not-a-string
1f78:079b	CALL	op0	0xFF6A	0x1183A	CALL 0x1000:ff6a	reject:not-a-string
1f78:07a0	CMP	op0	0x0030	0x11080	CMP byte ptr ES:[DI + 0x30],0x0	reject:not-a-string
1f78:07a5	JZ	op0	0xFF39	0x11809	JZ 0x1000:ff39	reject:not-a-string
1f78:07a8	LEA	op1	0x0030	0x11080	LEA DX,[DI + 0x30]	reject:not-a-string
1f78:07b2	JNC	op0	0xFF3A	0x1180A	JNC 0x1000:ff3a	reject:not-a-string
1f78:07b4	MOV	op0	0x367C	0x146CC	MOV [0x367c],AX	reject:not-a-string
1f78:07b7	JMP	op0	0xFF4A	0x1181A	JMP 0x1000:ff4a	reject:not-a-string
1f78:07ba	MOV	op0	0x0002	0x11052	MOV word ptr ES:[DI + 0x2],0xd7b3	reject:not-a-string
1f78:07ba	MOV	op1	0xD7B3	-	MOV word ptr ES:[DI + 0x2],0xd7b3	reject:out-of-bounds
1f78:07c6	MOV	op0	0x0004	0x11054	MOV word ptr ES:[DI + 0x4],AX	reject:not-a-string
1f78:07ec	LES	op1	0x0004	0x11054	LES DI,SS:[BX + 0x4]	reject:not-a-string
1f78:07f0	CALL	op0	0xFF8F	0x1185F	CALL 0x1000:ff8f	reject:not-a-string
1f78:07f3	JNZ	op0	0xFF8C	0x1185C	JNZ 0x1000:ff8c	reject:not-a-string
1f78:07f8	CMP	op1	0x0004	0x11054	CMP BX,0x4	reject:not-a-string
1f78:07fb	JBE	op0	0xFF86	0x11856	JBE 0x1000:ff86	reject:not-a-string
1f78:0801	JNC	op0	0xFF86	0x11856	JNC 0x1000:ff86	reject:not-a-string
1f78:0803	MOV	op0	0x367C	0x146CC	MOV [0x367c],AX	reject:not-a-string
1f78:0806	MOV	op0	0x0002	0x11052	MOV word ptr ES:[DI + 0x2],0xd7b0	reject:not-a-string
1f78:0806	MOV	op1	0xD7B0	-	MOV word ptr ES:[DI + 0x2],0xd7b0	reject:out-of-bounds
1f78:080c	RETF	op0	0x0004	0x11054	RETF 0x4	reject:not-a-string
1f78:080f	CMP	op0	0x0002	0x11052	CMP word ptr ES:[DI + 0x2],0xd7b3	reject:not-a-string
1f78:080f	CMP	op1	0xD7B3	-	CMP word ptr ES:[DI + 0x2],0xd7b3	reject:out-of-bounds
1f78:0815	JZ	op0	0xFF9D	0x1186D	JZ 0x1000:ff9d	reject:not-a-string
1f78:0817	MOV	op0	0x367C	0x146CC	MOV word ptr [0x367c],0x67	reject:not-a-string
1f78:0817	MOV	op1	0x0067	0x110B7	MOV word ptr [0x367c],0x67	reject:not-a-string
1f78:0820	MOV	op1	0x0064	0x110B4	MOV DX,0x64	reject:not-a-string
1f78:0823	JMP	op0	0xFFAA	0x1187A	JMP 0x1000:ffaa	reject:not-a-string
1f78:0827	MOV	op1	0x0065	0x110B5	MOV DX,0x65	reject:not-a-string
1f78:082d	LES	op1	0x000A	0x1105A	LES DI,[BP + 0xa]	reject:not-a-string
1f78:0830	CALL	op0	0xFF8F	0x1185F	CALL 0x1000:ff8f	reject:not-a-string
1f78:0833	JNZ	op0	0xFFD0	0x118A0	JNZ 0x1000:ffd0	reject:not-a-string
1f78:083a	MOV	op1	0x0004	0x11054	MOV CX,word ptr ES:[DI + 0x4]	reject:not-a-string
1f78:0845	JC	op0	0xFFCD	0x1189D	JC 0x1000:ffcd	reject:not-a-string
1f78:0849	JZ	op0	0xFFD0	0x118A0	JZ 0x1000:ffd0	reject:not-a-string
1f78:084d	MOV	op0	0x367C	0x146CC	MOV [0x367c],AX	reject:not-a-string
1f78:0851	RETF	op0	0x0004	0x11054	RETF 0x4	reject:not-a-string
1f78:08bf	LES	op1	0x000A	0x1105A	LES DI,[BP + 0xa]	reject:not-a-string
1f78:08c2	CALL	op0	0xFF8F	-	CALL 0x2000:ff8f	reject:out-of-bounds
1f78:08c5	JNZ	op0	0x0068	0x11938	JNZ 0x2000:0068	reject:not-a-string
1f78:08c7	MOV	op1	0x0008	0x11058	MOV AX,word ptr [BP + 0x8]	reject:not-a-string
1f78:08ca	MUL	op0	0x0004	0x11054	MUL word ptr ES:[DI + 0x4]	reject:not-a-string
1f78:08d3	MUL	op0	0x0004	0x11054	MUL word ptr ES:[DI + 0x4]	reject:not-a-string
1f78:08de	MOV	op1	0x4200	0x15250	MOV AX,0x4200	reject:not-a-string
1f78:08e3	JNC	op0	0x0068	0x11938	JNC 0x2000:0068	reject:not-a-string
1f78:08e5	MOV	op0	0x367C	0x146CC	MOV [0x367c],AX	reject:not-a-string
1f78:08e9	RETF	op0	0x0008	0x11058	RETF 0x8	reject:not-a-string
1f78:08ef	SUB	op1	0x0080	0x110D0	SUB SP,0x80	reject:not-a-string
1f78:08f4	LEA	op1	0xFF80	-	LEA SI,[BP + -0x80]	reject:out-of-bounds
1f78:08f9	MOV	op1	0x000C	0x1105C	MOV AL,byte ptr [BP + 0xc]	reject:not-a-string
1f78:08fe	JNZ	op0	0x0086	0x11956	JNZ 0x2000:0086	reject:not-a-string
1f78:090d	MOV	op1	0x5C3A	-	MOV word ptr [SI],0x5c3a	reject:out-of-bounds
1f78:0917	JNC	op0	0x009C	0x1196C	JNC 0x2000:009c	reject:not-a-string
1f78:091c	LEA	op1	0xFF80	-	LEA SI,[BP + -0x80]	reject:out-of-bounds
1f78:091f	LES	op1	0x0008	0x11058	LES DI,[BP + 0x8]	reject:not-a-string
1f78:092b	JZ	op0	0x00B3	0x11983	JZ 0x2000:00b3	reject:not-a-string
1f78:0931	LOOP	op0	0x00A8	0x11978	LOOP 0x2000:00a8	reject:not-a-string
1f78:093a	RETF	op0	0x0008	0x11058	RETF 0x8	reject:not-a-string
1f78:0940	SUB	op1	0x0080	0x110D0	SUB SP,0x80	reject:not-a-string
1f78:0944	CALL	op0	0x0128	0x119F8	CALL 0x2000:0128	reject:not-a-string
1f78:0947	MOV	op1	0xFF80	-	MOV AX,word ptr [BP + -0x80]	reject:out-of-bounds
1f78:094c	JZ	op0	0x00F8	0x119C8	JZ 0x2000:00f8	reject:not-a-string
1f78:0951	JNZ	op0	0x00F3	0x119C3	JNZ 0x2000:00f3	reject:not-a-string
1f78:0963	JZ	op0	0x00ED	0x119BD	JZ 0x2000:00ed	reject:not-a-string
1f78:0965	MOV	op0	0x367C	0x146CC	MOV word ptr [0x367c],0xf	reject:not-a-string
1f78:0965	MOV	op1	0x000F	0x1105F	MOV word ptr [0x367c],0xf	reject:not-a-string
1f78:096b	JMP	op0	0x00F8	0x119C8	JMP 0x2000:00f8	reject:not-a-string
1f78:096d	CMP	op0	0xFF82	-	CMP byte ptr [BP + -0x7e],0x0	reject:out-of-bounds
1f78:0971	JZ	op0	0x00F8	0x119C8	JZ 0x2000:00f8	reject:not-a-string
1f78:0975	CALL	op0	0x0143	0x11A13	CALL 0x2000:0143	reject:not-a-string
1f78:097b	RETF	op0	0x0004	0x11054	RETF 0x4	reject:not-a-string
1f78:0981	SUB	op1	0x0080	0x110D0	SUB SP,0x80	reject:not-a-string
1f78:0985	CALL	op0	0x0128	0x119F8	CALL 0x2000:0128	reject:not-a-string
1f78:098a	CALL	op0	0x0143	0x11A13	CALL 0x2000:0143	reject:not-a-string
1f78:0990	RETF	op0	0x0004	0x11054	RETF 0x4	reject:not-a-string
1f78:0996	SUB	op1	0x0080	0x110D0	SUB SP,0x80	reject:not-a-string
1f78:099a	CALL	op0	0x0128	0x119F8	CALL 0x2000:0128	reject:not-a-string
1f78:099f	CALL	op0	0x0143	0x11A13	CALL 0x2000:0143	reject:not-a-string
1f78:09a5	RETF	op0	0x0004	0x11054	RETF 0x4	reject:not-a-string
1f78:09ac	LEA	op1	0xFF80	-	LEA DI,[BP + -0x80]	reject:out-of-bounds
1f78:09b5	JC	op0	0x0139	0x11A09	JC 0x2000:0139	reject:not-a-string
1f78:09c4	LEA	op1	0xFF80	-	LEA DX,[BP + -0x80]	reject:out-of-bounds
1f78:09cc	JNC	op0	0x0151	0x11A21	JNC 0x2000:0151	reject:not-a-string
1f78:09ce	MOV	op0	0x367C	0x146CC	MOV [0x367c],AX	reject:not-a-string
1f78:09d2	CMP	op0	0x368C	0x146DC	CMP byte ptr [0x368c],0x2	reject:not-a-string
1f78:09d7	JC	op0	0x0174	0x11A44	JC 0x2000:0174	reject:not-a-string
1f78:0a0f	CMP	op0	0x368C	0x146DC	CMP byte ptr [0x368c],0x2	reject:not-a-string
1f78:0a14	JC	op0	0x01BD	0x11A8D	JC 0x2000:01bd	reject:not-a-string
1f78:0a28	JZ	op0	0x0208	0x11AD8	JZ 0x2000:0208	reject:not-a-string
1f78:0a42	JNS	op0	0x01CC	0x11A9C	JNS 0x2000:01cc	reject:not-a-string
1f78:0a47	ADC	op1	0x0000	0x11050	ADC DX,0x0	reject:not-a-string
1f78:0a4e	JZ	op0	0x020E	0x11ADE	JZ 0x2000:020e	reject:not-a-string
1f78:0a50	JNS	op0	0x01DD	0x11AAD	JNS 0x2000:01dd	reject:not-a-string
1f78:0a56	ADC	op1	0x0000	0x11050	ADC BX,0x0	reject:not-a-string
1f78:0a5b	JZ	op0	0x0210	0x11AE0	JZ 0x2000:0210	reject:not-a-string
1f78:0a6a	MOV	op1	0x0010	0x11060	MOV BP,0x10	reject:not-a-string
1f78:0a7a	JNC	op0	0x0201	0x11AD1	JNC 0x2000:0201	reject:not-a-string
1f78:0a82	JNZ	op0	0x01ED	0x11ABD	JNZ 0x2000:01ed	reject:not-a-string
1f78:0a85	JMP	op0	0x021D	0x11AED	JMP 0x2000:021d	reject:not-a-string
1f78:0a88	MOV	op1	0x00C8	0x11118	MOV AX,0xc8	reject:not-a-string
1f78:0a8b	JMP	op0	0xF88F	-	JMP 0x2000:f88f	reject:out-of-bounds
1f78:0a8e	JCXZ	op0	0x0207	0x11AD7	JCXZ 0x2000:0207	reject:not-a-string
1f78:0a9f	JNC	op0	0x0229	0x11AF9	JNC 0x2000:0229	reject:not-a-string
1f78:0aa3	ADC	op1	0x0000	0x11050	ADC BX,0x0	reject:not-a-string
1f78:0aaa	JNZ	op0	0x0233	0x11B03	JNZ 0x2000:0233	reject:not-a-string
1f78:0aae	ADC	op1	0x0000	0x11050	ADC DX,0x0	reject:not-a-string
1f78:0aec	LES	op1	0x0008	0x11058	LES DI,SS:[BX + 0x8]	reject:not-a-string
1f78:0af0	LDS	op1	0x0004	0x11054	LDS SI,SS:[BX + 0x4]	reject:not-a-string
1f78:0afe	RETF	op0	0x0004	0x11054	RETF 0x4	reject:not-a-string
1f78:0b06	LDS	op1	0x000A	0x1105A	LDS SI,SS:[BX + 0xa]	reject:not-a-string
1f78:0b0e	MOV	op1	0x0004	0x11054	MOV CX,word ptr SS:[BX + 0x4]	reject:not-a-string
1f78:0b15	JBE	op0	0x0299	0x11B69	JBE 0x2000:0299	reject:not-a-string
1f78:0b22	RETF	op0	0x000A	0x1105A	RETF 0xa	reject:not-a-string
1f78:0b2a	LES	op1	0x000C	0x1105C	LES DI,SS:[BX + 0xc]	reject:not-a-string
1f78:0b2e	LDS	op1	0x0008	0x11058	LDS SI,SS:[BX + 0x8]	reject:not-a-string
1f78:0b3e	MOV	op1	0x0001	0x11051	MOV CX,0x1	reject:not-a-string
1f78:0b45	JC	op0	0x02DA	0x11BAA	JC 0x2000:02da	reject:not-a-string
1f78:0b48	MOV	op1	0x0004	0x11054	MOV CX,word ptr SS:[BX + 0x4]	reject:not-a-string
1f78:0b4e	JGE	op0	0x02D2	0x11BA2	JGE 0x2000:02d2	reject:not-a-string
1f78:0b54	JBE	op0	0x02DC	0x11BAC	JBE 0x2000:02dc	reject:not-a-string
1f78:0b58	JMP	op0	0x02DC	0x11BAC	JMP 0x2000:02dc	reject:not-a-string
1f78:0b63	RETF	op0	0x0008	0x11058	RETF 0x8	reject:not-a-string
1f78:0b6b	LES	op1	0x0008	0x11058	LES DI,SS:[BX + 0x8]	reject:not-a-string
1f78:0b6f	LDS	op1	0x0004	0x11054	LDS SI,SS:[BX + 0x4]	reject:not-a-string
1f78:0b7c	JNC	op0	0x0306	0x11BD6	JNC 0x2000:0306	reject:not-a-string
1f78:0b8f	RETF	op0	0x0004	0x11054	RETF 0x4	reject:not-a-string
1f78:0b96	LDS	op1	0x000A	0x1105A	LDS SI,[BP + 0xa]	reject:not-a-string
1f78:0b9d	JZ	op0	0x034B	0x11C1B	JZ 0x2000:034b	reject:not-a-string
1f78:0bad	JC	op0	0x034B	0x11C1B	JC 0x2000:034b	reject:not-a-string
1f78:0bb4	JNZ	op0	0x034B	0x11C1B	JNZ 0x2000:034b	reject:not-a-string
1f78:0bbf	JZ	op0	0x034F	0x11C1F	JZ 0x2000:034f	reject:not-a-string
1f78:0bc5	MOV	op1	0x000A	0x1105A	MOV SI,word ptr [BP + 0xa]	reject:not-a-string
1f78:0bc9	JMP	op0	0x0331	0x11C01	JMP 0x2000:0331	reject:not-a-string
1f78:0bcd	JMP	op0	0x0353	0x11C23	JMP 0x2000:0353	reject:not-a-string
1f78:0bd5	RETF	op0	0x0008	0x11058	RETF 0x8	reject:not-a-string
1f78:0bdd	LDS	op1	0x0008	0x11058	LDS SI,SS:[BX + 0x8]	reject:not-a-string
1f78:0be1	LES	op1	0x0004	0x11054	LES DI,SS:[BX + 0x4]	reject:not-a-string
1f78:0bee	JBE	op0	0x0372	0x11C42	JBE 0x2000:0372	reject:not-a-string
1f78:0bf4	JZ	op0	0x037C	0x11C4C	JZ 0x2000:037c	reject:not-a-string
1f78:0bfa	JNZ	op0	0x037E	0x11C4E	JNZ 0x2000:037e	reject:not-a-string
1f78:0c00	RETF	op0	0x0008	0x11058	RETF 0x8	reject:not-a-string
1f78:0c0d	MOV	op1	0x0004	0x11054	MOV AL,byte ptr SS:[BX + 0x4]	reject:not-a-string
1f78:0c12	RETF	op0	0x0002	0x11052	RETF 0x2	reject:not-a-string
1f78:0c33	SUB	op1	0x0200	0x11250	SUB SP,0x200	reject:not-a-string
1f78:0c37	CMP	op1	0x0001	0x11051	CMP word ptr [BP + 0x6],0x1	reject:not-a-string
1f78:0c3b	JGE	op0	0x03C2	0x11C92	JGE 0x2000:03c2	reject:not-a-string
1f78:0c3d	MOV	op1	0x0001	0x11051	MOV word ptr [BP + 0x6],0x1	reject:not-a-string
1f78:0c42	LEA	op1	0xFF00	-	LEA DI,[BP + 0xff00]	reject:out-of-bounds
1f78:0c48	LES	op1	0x000A	0x1105A	LES DI,[BP + 0xa]	reject:not-a-string
1f78:0c4d	MOV	op1	0x0001	0x11051	MOV AX,0x1	reject:not-a-string
1f78:0c57	CALL	op0	0x02A5	0x11B75	CALL 0x2000:02a5	reject:not-a-string
1f78:0c5a	LES	op1	0x000E	0x1105E	LES DI,[BP + 0xe]	reject:not-a-string
1f78:0c60	CALL	op0	0x02E6	0x11BB6	CALL 0x2000:02e6	reject:not-a-string
1f78:0c63	LEA	op1	0xFE00	-	LEA DI,[BP + 0xfe00]	reject:out-of-bounds
1f78:0c69	LES	op1	0x000A	0x1105A	LES DI,[BP + 0xa]	reject:not-a-string
1f78:0c71	MOV	op1	0x00FF	0x1114F	MOV AX,0xff	reject:not-a-string
1f78:0c76	CALL	op0	0x02A5	0x11B75	CALL 0x2000:02a5	reject:not-a-string
1f78:0c7a	CALL	op0	0x02E6	0x11BB6	CALL 0x2000:02e6	reject:not-a-string
1f78:0c7d	LES	op1	0x000A	0x1105A	LES DI,[BP + 0xa]	reject:not-a-string
1f78:0c82	PUSH	op0	0x0008	0x11058	PUSH word ptr [BP + 0x8]	reject:not-a-string
1f78:0c86	CALL	op0	0x0281	0x11B51	CALL 0x2000:0281	reject:not-a-string
1f78:0c8c	RETF	op0	0x000C	0x1105C	RETF 0xc	reject:not-a-string
1f78:0c92	SUB	op1	0x0200	0x11250	SUB SP,0x200	reject:not-a-string
1f78:0c96	CMP	op1	0x0000	0x11050	CMP word ptr [BP + 0x6],0x0	reject:not-a-string
1f78:0c9a	JLE	op0	0x047D	0x11D4D	JLE 0x2000:047d	reject:not-a-string
1f78:0c9c	CMP	op0	0x0008	0x11058	CMP word ptr [BP + 0x8],0xff	reject:not-a-string
1f78:0c9c	CMP	op1	0x00FF	0x1114F	CMP word ptr [BP + 0x8],0xff	reject:not-a-string
1f78:0ca1	JG	op0	0x047D	0x11D4D	JG 0x2000:047d	reject:not-a-string
1f78:0ca3	CMP	op1	0x00FF	0x1114F	CMP word ptr [BP + 0x6],0xff	reject:not-a-string
1f78:0ca8	JLE	op0	0x042F	0x11CFF	JLE 0x2000:042f	reject:not-a-string
1f78:0caa	MOV	op1	0x00FF	0x1114F	MOV word ptr [BP + 0x6],0xff	reject:not-a-string
1f78:0caf	CMP	op0	0x0008	0x11058	CMP word ptr [BP + 0x8],0x1	reject:not-a-string
1f78:0caf	CMP	op1	0x0001	0x11051	CMP word ptr [BP + 0x8],0x1	reject:not-a-string
1f78:0cb3	JGE	op0	0x043A	0x11D0A	JGE 0x2000:043a	reject:not-a-string
1f78:0cb5	MOV	op0	0x0008	0x11058	MOV word ptr [BP + 0x8],0x1	reject:not-a-string
1f78:0cb5	MOV	op1	0x0001	0x11051	MOV word ptr [BP + 0x8],0x1	reject:not-a-string
1f78:0cba	LEA	op1	0xFF00	-	LEA DI,[BP + 0xff00]	reject:out-of-bounds
1f78:0cc0	LES	op1	0x000A	0x1105A	LES DI,[BP + 0xa]	reject:not-a-string
1f78:0cc5	MOV	op1	0x0001	0x11051	MOV AX,0x1	reject:not-a-string
1f78:0cc9	MOV	op1	0x0008	0x11058	MOV AX,word ptr [BP + 0x8]	reject:not-a-string
1f78:0ccf	CALL	op0	0x02A5	0x11B75	CALL 0x2000:02a5	reject:not-a-string
1f78:0cd2	LEA	op1	0xFE00	-	LEA DI,[BP + 0xfe00]	reject:out-of-bounds
1f78:0cd8	LES	op1	0x000A	0x1105A	LES DI,[BP + 0xa]	reject:not-a-string
1f78:0cdd	MOV	op1	0x0008	0x11058	MOV AX,word ptr [BP + 0x8]	reject:not-a-string
1f78:0ce4	MOV	op1	0x00FF	0x1114F	MOV AX,0xff	reject:not-a-string
1f78:0ce9	CALL	op0	0x02A5	0x11B75	CALL 0x2000:02a5	reject:not-a-string
1f78:0ced	CALL	op0	0x02E6	0x11BB6	CALL 0x2000:02e6	reject:not-a-string
1f78:0cf0	LES	op1	0x000A	0x1105A	LES DI,[BP + 0xa]	reject:not-a-string
1f78:0cf5	MOV	op1	0x00FF	0x1114F	MOV AX,0xff	reject:not-a-string
1f78:0cfa	CALL	op0	0x0281	0x11B51	CALL 0x2000:0281	reject:not-a-string
1f78:0d00	RETF	op0	0x0008	0x11058	RETF 0x8	reject:not-a-string
1f78:0dea	XOR	op1	0x8000	-	XOR DI,0x8000	reject:out-of-bounds
1f78:0df0	JZ	op0	0x05ED	0x11EBD	JZ 0x2000:05ed	reject:not-a-string
1f78:0df4	JZ	op0	0x05EE	0x11EBE	JZ 0x2000:05ee	reject:not-a-string
1f78:0df8	JBE	op0	0x057F	0x11E4F	JBE 0x2000:057f	reject:not-a-string
1f78:0e05	JNC	op0	0x05EE	0x11EBE	JNC 0x2000:05ee	reject:not-a-string
1f78:0e1b	OR	op1	0x8000	-	OR DI,0x8000	reject:out-of-bounds
1f78:0e22	JC	op0	0x05B5	0x11E85	JC 0x2000:05b5	reject:not-a-string
1f78:0e33	JMP	op0	0x059F	0x11E6F	JMP 0x2000:059f	reject:not-a-string
1f78:0e37	JZ	op0	0x05C3	0x11E93	JZ 0x2000:05c3	reject:not-a-string
1f78:0e41	JNZ	op0	0x05B9	0x11E89	JNZ 0x2000:05b9	reject:not-a-string
1f78:0e44	JS	op0	0x05FD	0x11ECD	JS 0x2000:05fd	reject:not-a-string
1f78:0e4f	JNC	op0	0x05DB	0x11EAB	JNC 0x2000:05db	reject:not-a-string
1f78:0e59	JZ	op0	0x05FB	0x11ECB	JZ 0x2000:05fb	reject:not-a-string
1f78:0e5b	ADD	op1	0x0080	0x110D0	ADD AX,0x80	reject:not-a-string
1f78:0e5e	ADC	op1	0x0000	0x11050	ADC BX,0x0	reject:not-a-string
1f78:0e61	ADC	op1	0x0000	0x11050	ADC DX,0x0	reject:not-a-string
1f78:0e64	JC	op0	0x05F5	0x11EC5	JC 0x2000:05f5	reject:not-a-string
1f78:0e79	JNZ	op0	0x05E6	0x11EB6	JNZ 0x2000:05e6	reject:not-a-string
1f78:0e86	JNC	op0	0x0618	0x11EE8	JNC 0x2000:0618	reject:not-a-string
1f78:0e8f	ADC	op1	0x0000	0x11050	ADC BX,0x0	reject:not-a-string
1f78:0e92	ADC	op1	0x0000	0x11050	ADC DX,0x0	reject:not-a-string
1f78:0e9e	JZ	op0	0x05ED	0x11EBD	JZ 0x2000:05ed	reject:not-a-string
1f78:0ea2	JS	op0	0x05DB	0x11EAB	JS 0x2000:05db	reject:not-a-string
1f78:0eac	JNZ	op0	0x0620	0x11EF0	JNZ 0x2000:0620	reject:not-a-string
1f78:0eae	JMP	op0	0x072D	0x11FFD	JMP 0x2000:072d	reject:not-a-string
1f78:0eb3	JZ	op0	0x062E	0x11EFE	JZ 0x2000:062e	reject:not-a-string
1f78:0eb7	JZ	op0	0x062E	0x11EFE	JZ 0x2000:062e	reject:not-a-string
1f78:0ebe	AND	op1	0x8000	-	AND DX,0x8000	reject:out-of-bounds
1f78:0eca	OR	op1	0x8000	-	OR BP,0x8000	reject:out-of-bounds
1f78:0ece	OR	op1	0x8000	-	OR DI,0x8000	reject:out-of-bounds
1f78:0ed5	JNZ	op0	0x065B	0x11F2B	JNZ 0x2000:065b	reject:not-a-string
1f78:0ed9	JZ	op0	0x0668	0x11F38	JZ 0x2000:0668	reject:not-a-string
1f78:0edd	JNZ	op0	0x0685	0x11F55	JNZ 0x2000:0685	reject:not-a-string
1f78:0ee1	JNZ	op0	0x0685	0x11F55	JNZ 0x2000:0685	reject:not-a-string
1f78:0ef4	ADC	op1	0x0000	0x11050	ADC DX,0x0	reject:not-a-string
1f78:0eff	ADC	op1	0x0000	0x11050	ADC DX,0x0	reject:not-a-string
1f78:0f02	JMP	op0	0x0700	0x11FD0	JMP 0x2000:0700	reject:not-a-string
1f78:0f0f	MOV	op1	0x0001	0x11051	MOV AL,byte ptr [BP + 0x1]	reject:not-a-string
1f78:0f12	MUL	op0	0x0007	0x11057	MUL byte ptr [BP + 0x7]	reject:not-a-string
1f78:0f1b	MOV	op1	0x0000	0x11050	MOV AX,word ptr [BP + 0x0]	reject:not-a-string
1f78:0f1e	MUL	op0	0x0008	0x11058	MUL word ptr [BP + 0x8]	reject:not-a-string
1f78:0f27	MOV	op1	0x0002	0x11052	MOV AX,word ptr [BP + 0x2]	reject:not-a-string
1f78:0f35	MOV	op1	0x0000	0x11050	MOV AX,word ptr [BP + 0x0]	reject:not-a-string
1f78:0f38	MUL	op0	0x000A	0x1105A	MUL word ptr [BP + 0xa]	reject:not-a-string
1f78:0f41	MOV	op1	0x0002	0x11052	MOV AX,word ptr [BP + 0x2]	reject:not-a-string
1f78:0f44	MUL	op0	0x0008	0x11058	MUL word ptr [BP + 0x8]	reject:not-a-string
1f78:0f4d	MOV	op1	0x0004	0x11054	MOV AX,word ptr [BP + 0x4]	reject:not-a-string
1f78:0f5b	MOV	op1	0x0002	0x11052	MOV AX,word ptr [BP + 0x2]	reject:not-a-string
1f78:0f5e	MUL	op0	0x000A	0x1105A	MUL word ptr [BP + 0xa]	reject:not-a-string
1f78:0f67	MOV	op1	0x0004	0x11054	MOV AX,word ptr [BP + 0x4]	reject:not-a-string
1f78:0f6a	MUL	op0	0x0008	0x11058	MUL word ptr [BP + 0x8]	reject:not-a-string
1f78:0f73	MOV	op1	0x0004	0x11054	MOV AX,word ptr [BP + 0x4]	reject:not-a-string
1f78:0f76	MUL	op0	0x000A	0x1105A	MUL word ptr [BP + 0xa]	reject:not-a-string
1f78:0f7d	ADD	op1	0x000C	0x1105C	ADD SP,0xc	reject:not-a-string
1f78:0f85	JS	op0	0x070E	0x11FDE	JS 0x2000:070e	reject:not-a-string
1f78:0f8e	SUB	op1	0x8081	-	SUB CX,0x8081	reject:out-of-bounds
1f78:0f92	ADD	op1	0x0080	0x110D0	ADD AX,0x80	reject:not-a-string
1f78:0f95	ADC	op1	0x0000	0x11050	ADC BX,0x0	reject:not-a-string
1f78:0f98	ADC	op1	0x0000	0x11050	ADC DX,0x0	reject:not-a-string
1f78:0f9b	JNC	op0	0x0720	0x11FF0	JNC 0x2000:0720	reject:not-a-string
1f78:0fa3	JNZ	op0	0x072D	0x11FFD	JNZ 0x2000:072d	reject:not-a-string
1f78:0fb6	JZ	op0	0x072D	0x11FFD	JZ 0x2000:072d	reject:not-a-string
1f78:0fbd	OR	op1	0x8000	-	OR DI,0x8000	reject:out-of-bounds
1f78:0fc1	OR	op1	0x8000	-	OR BP,0x8000	reject:out-of-bounds
1f78:0fc5	AND	op1	0x8000	-	AND DX,0x8000	reject:out-of-bounds
1f78:0fd2	MOV	op1	0x0001	0x11051	MOV DX,0x1	reject:not-a-string
1f78:0fd7	JNZ	op0	0x075F	0x1202F	JNZ 0x2000:075f	reject:not-a-string
1f78:0fdb	JNZ	op0	0x075F	0x1202F	JNZ 0x2000:075f	reject:not-a-string
1f78:0fdf	JC	op0	0x0767	0x12037	JC 0x2000:0767	reject:not-a-string
1f78:0fe9	JC	op0	0x077C	0x1204C	JC 0x2000:077c	reject:not-a-string
1f78:0ff1	JNC	op0	0x0755	0x12025	JNC 0x2000:0755	reject:not-a-string
1f78:0ffa	JMP	op0	0x0767	0x12037	JMP 0x2000:0767	reject:not-a-string
1f78:0ffe	JS	op0	0x078A	0x1205A	JS 0x2000:078a	reject:not-a-string
1f78:1001	MOV	op1	0x0001	0x11051	MOV DX,0x1	reject:not-a-string
1f78:1004	JNZ	op0	0x076B	0x1203B	JNZ 0x2000:076b	reject:not-a-string
1f78:1008	JMP	op0	0x076B	0x1203B	JMP 0x2000:076b	reject:not-a-string
1f78:1018	XOR	op1	0xFFFF	-	XOR DX,0xffff	reject:out-of-bounds
1f78:101b	JS	op0	0x07A4	0x12074	JS 0x2000:07a4	reject:not-a-string
1f78:1024	ADD	op1	0x8080	-	ADD CX,0x8080	reject:out-of-bounds
1f78:1028	JMP	op0	0x0712	0x11FE2	JMP 0x2000:0712	reject:not-a-string
1f78:102f	JNS	op0	0x07B6	0x12086	JNS 0x2000:07b6	reject:not-a-string
1f78:1039	JZ	op0	0x07C2	0x12092	JZ 0x2000:07c2	reject:not-a-string
1f78:103b	CALL	op0	0x07C2	0x12092	CALL 0x2000:07c2	reject:not-a-string
1f78:103e	JZ	op0	0x07D4	0x120A4	JZ 0x2000:07d4	reject:not-a-string
1f78:1044	JNZ	op0	0x07D4	0x120A4	JNZ 0x2000:07d4	reject:not-a-string
1f78:1048	JZ	op0	0x07D4	0x120A4	JZ 0x2000:07d4	reject:not-a-string
1f78:104c	JNZ	op0	0x07D4	0x120A4	JNZ 0x2000:07d4	reject:not-a-string
1f78:1050	JNZ	op0	0x07D4	0x120A4	JNZ 0x2000:07d4	reject:not-a-string
1f78:1059	JZ	op0	0x0810	0x120E0	JZ 0x2000:0810	reject:not-a-string
1f78:105f	JNS	op0	0x07E8	0x120B8	JNS 0x2000:07e8	reject:not-a-string
1f78:1065	SBB	op1	0x0000	0x11050	SBB DX,0x0	reject:not-a-string
1f78:106a	MOV	op1	0x00A0	0x110F0	MOV AX,0xa0	reject:not-a-string
1f78:106f	JNZ	op0	0x07FD	0x120CD	JNZ 0x2000:07fd	reject:not-a-string
1f78:1077	JNZ	op0	0x07FD	0x120CD	JNZ 0x2000:07fd	reject:not-a-string
1f78:107f	JS	op0	0x0809	0x120D9	JS 0x2000:0809	reject:not-a-string
1f78:1087	JNS	op0	0x0801	0x120D1	JNS 0x2000:0801	reject:not-a-string
1f78:108b	JS	op0	0x0810	0x120E0	JS 0x2000:0810	reject:not-a-string
1f78:1096	JC	op0	0x0873	0x12143	JC 0x2000:0873	reject:not-a-string
1f78:10a0	JNC	op0	0x0874	0x12144	JNC 0x2000:0874	reject:not-a-string
1f78:10a5	JC	op0	0x0830	0x12100	JC 0x2000:0830	reject:not-a-string
1f78:10b3	JC	op0	0x0842	0x12112	JC 0x2000:0842	reject:not-a-string
1f78:10c4	JZ	op0	0x0850	0x12120	JZ 0x2000:0850	reject:not-a-string
1f78:10ce	JNZ	op0	0x0846	0x12116	JNZ 0x2000:0846	reject:not-a-string
1f78:10d2	JZ	op0	0x085E	0x1212E	JZ 0x2000:085e	reject:not-a-string
1f78:10d6	ADC	op1	0x0000	0x11050	ADC AX,0x0	reject:not-a-string
1f78:10d9	ADC	op1	0x0000	0x11050	ADC DX,0x0	reject:not-a-string
1f78:10dc	JC	op0	0x0873	0x12143	JC 0x2000:0873	reject:not-a-string
1f78:10e2	JZ	op0	0x0873	0x12143	JZ 0x2000:0873	reject:not-a-string
1f78:10e6	JNS	op0	0x086F	0x1213F	JNS 0x2000:086f	reject:not-a-string
1f78:10ec	SBB	op1	0x0000	0x11050	SBB DX,0x0	reject:not-a-string
1f78:10f6	MOV	op1	0x0000	0x11050	MOV AX,0x0	reject:not-a-string
1f78:10f9	MOV	op1	0x0000	0x11050	MOV DX,0x0	reject:not-a-string
1f78:10fc	JZ	op0	0x0850	0x12120	JZ 0x2000:0850	reject:not-a-string
1f78:1102	JC	op0	0x08BF	0x1218F	JC 0x2000:08bf	reject:not-a-string
1f78:1105	CALL	op0	0x056A	0x11E3A	CALL 0x2000:056a	reject:not-a-string
1f78:1108	JC	op0	0x08BF	0x1218F	JC 0x2000:08bf	reject:not-a-string
1f78:1111	CALL	op0	0x0631	0x11F01	CALL 0x2000:0631	reject:not-a-string
1f78:1114	JC	op0	0x08BF	0x1218F	JC 0x2000:08bf	reject:not-a-string
1f78:1119	JZ	op0	0x08C5	0x12195	JZ 0x2000:08c5	reject:not-a-string
1f78:111b	CALL	op0	0x0734	0x12004	CALL 0x2000:0734	reject:not-a-string
1f78:111e	JC	op0	0x08BF	0x1218F	JC 0x2000:08bf	reject:not-a-string
1f78:1121	CALL	op0	0x07AB	0x1207B	CALL 0x2000:07ab	reject:not-a-string
1f78:1125	CALL	op0	0x07D5	0x120A5	CALL 0x2000:07d5	reject:not-a-string
1f78:1133	CALL	op0	0x0811	0x120E1	CALL 0x2000:0811	reject:not-a-string
1f78:1136	JC	op0	0x08B9	0x12189	JC 0x2000:08b9	reject:not-a-string
1f78:1139	MOV	op1	0x00CF	0x1111F	MOV AX,0xcf	reject:not-a-string
1f78:113c	JMP	op0	0xF88F	-	JMP 0x2000:f88f	reject:out-of-bounds
1f78:113f	MOV	op1	0x00CD	0x1111D	MOV AX,0xcd	reject:not-a-string
1f78:1142	JMP	op0	0xF88F	-	JMP 0x2000:f88f	reject:out-of-bounds
1f78:1145	MOV	op1	0x00C8	0x11118	MOV AX,0xc8	reject:not-a-string
1f78:1148	JMP	op0	0xF88F	-	JMP 0x2000:f88f	reject:out-of-bounds
1f78:114b	CALL	op0	0x0928	0x121F8	CALL 0x2000:0928	reject:not-a-string
1f78:1152	MUL	op0	0x0004	0x11054	MUL word ptr SS:[BX + 0x4]	reject:not-a-string
1f78:115a	MUL	op0	0x0004	0x11054	MUL word ptr SS:[BX + 0x4]	reject:not-a-string
1f78:1160	ADC	op1	0x0000	0x11050	ADC DX,0x0	reject:not-a-string
1f78:1165	RETF	op0	0x0002	0x11052	RETF 0x2	reject:not-a-string
1f78:11a8	MOV	op1	0x367E	0x146CE	MOV AX,[0x367e]	reject:not-a-string
1f78:11ab	MOV	op1	0x3680	0x146D0	MOV BX,word ptr [0x3680]	reject:not-a-string
1f78:11d0	ADD	op1	0x0001	0x11051	ADD AX,0x1	reject:not-a-string
1f78:11d3	ADC	op1	0x0000	0x11050	ADC DX,0x0	reject:not-a-string
1f78:11d6	MOV	op0	0x367E	0x146CE	MOV [0x367e],AX	reject:not-a-string
1f78:11d9	MOV	op0	0x3680	0x146D0	MOV word ptr [0x3680],DX	reject:not-a-string
1f78:11e4	MOV	op0	0x367E	0x146CE	MOV word ptr [0x367e],CX	reject:not-a-string
1f78:11e8	MOV	op0	0x3680	0x146D0	MOV word ptr [0x3680],DX	reject:not-a-string
1f78:11ef	MOV	op1	0x000A	0x1105A	MOV SI,0xa	reject:not-a-string
1f78:11f6	JNS	op0	0x0989	0x12259	JNS 0x2000:0989	reject:not-a-string
1f78:11fc	SBB	op1	0x0000	0x11050	SBB BX,0x0	reject:not-a-string
1f78:11ff	CALL	op0	0x0989	0x12259	CALL 0x2000:0989	reject:not-a-string
1f78:1217	JC	op0	0x099C	0x1226C	JC 0x2000:099c	reject:not-a-string
1f78:1224	JNZ	op0	0x0989	0x12259	JNZ 0x2000:0989	reject:not-a-string
1f78:122f	JCXZ	op0	0x0A0E	0x122DE	JCXZ 0x2000:0a0e	reject:not-a-string
1f78:1235	JZ	op0	0x09BE	0x1228E	JZ 0x2000:09be	reject:not-a-string
1f78:123b	JNZ	op0	0x09C2	0x12292	JNZ 0x2000:09c2	reject:not-a-string
1f78:1240	JZ	op0	0x0A0E	0x122DE	JZ 0x2000:0a0e	reject:not-a-string
1f78:1246	JZ	op0	0x0A10	0x122E0	JZ 0x2000:0a10	reject:not-a-string
1f78:1251	JNC	op0	0x09F8	0x122C8	JNC 0x2000:09f8	reject:not-a-string
1f78:1256	JNZ	op0	0x0A0E	0x122DE	JNZ 0x2000:0a0e	reject:not-a-string
1f78:1272	ADC	op1	0x0000	0x11050	ADC DX,0x0	reject:not-a-string
1f78:1276	LOOP	op0	0x09C8	0x12298	LOOP 0x2000:09c8	reject:not-a-string
1f78:127c	JZ	op0	0x0A0D	0x122DD	JZ 0x2000:0a0d	reject:not-a-string
1f78:1280	JNS	op0	0x0A09	0x122D9	JNS 0x2000:0a09	reject:not-a-string
1f78:1286	SBB	op1	0x0000	0x11050	SBB DX,0x0	reject:not-a-string
1f78:128b	JS	op0	0x0A0E	0x122DE	JS 0x2000:0a0e	reject:not-a-string
1f78:1292	JZ	op0	0x0A0E	0x122DE	JZ 0x2000:0a0e	reject:not-a-string
1f78:129a	JC	op0	0x0A1F	0x122EF	JC 0x2000:0a1f	reject:not-a-string
1f78:12a5	JC	op0	0x0A32	0x12302	JC 0x2000:0a32	reject:not-a-string
1f78:12ad	JNC	op0	0x09F8	0x122C8	JNC 0x2000:09f8	reject:not-a-string
1f78:12b8	JC	op0	0x0A0E	0x122DE	JC 0x2000:0a0e	reject:not-a-string
1f78:12bc	JNZ	op0	0x0A34	0x12304	JNZ 0x2000:0a34	reject:not-a-string
1f78:12c1	LOOP	op0	0x0A14	0x122E4	LOOP 0x2000:0a14	reject:not-a-string
1f78:12c5	JNS	op0	0x0A4E	0x1231E	JNS 0x2000:0a4e	reject:not-a-string
1f78:12cb	SBB	op1	0x0000	0x11050	SBB DX,0x0	reject:not-a-string
1f78:12d3	SUB	op1	0x0020	0x11070	SUB SP,0x20	reject:not-a-string
1f78:12d6	MOV	op1	0x000E	0x1105E	MOV AX,word ptr [BP + 0xe]	reject:not-a-string
1f78:12d9	MOV	op1	0x0010	0x11060	MOV DX,word ptr [BP + 0x10]	reject:not-a-string
1f78:12dc	LEA	op1	0x0000	0x11050	LEA DI,[BP + 0x0]	reject:not-a-string
1f78:12e1	CALL	op0	0x096D	0x1223D	CALL 0x2000:096d	reject:not-a-string
1f78:12e9	LES	op1	0x0008	0x11058	LES DI,[BP + 0x8]	reject:not-a-string
1f78:12ef	MOV	op1	0x000C	0x1105C	MOV AX,word ptr [BP + 0xc]	reject:not-a-string
1f78:12f4	JLE	op0	0x0A78	0x12348	JLE 0x2000:0a78	reject:not-a-string
1f78:12fa	JLE	op0	0x0A7E	0x1234E	JLE 0x2000:0a7e	reject:not-a-string
1f78:1300	JGE	op0	0x0A84	0x12354	JGE 0x2000:0a84	reject:not-a-string
1f78:1308	JZ	op0	0x0A92	0x12362	JZ 0x2000:0a92	reject:not-a-string
1f78:1318	RETF	op0	0x000C	0x1105C	RETF 0xc	reject:not-a-string
1f78:131e	LES	op1	0x000A	0x1105A	LES DI,[BP + 0xa]	reject:not-a-string
1f78:1327	JCXZ	op0	0x0AB2	0x12382	JCXZ 0x2000:0ab2	reject:not-a-string
1f78:132d	JNZ	op0	0x0AB2	0x12382	JNZ 0x2000:0ab2	reject:not-a-string
1f78:1330	LOOP	op0	0x0AA9	0x12379	LOOP 0x2000:0aa9	reject:not-a-string
1f78:1332	CALL	op0	0x09A9	0x12279	CALL 0x2000:09a9	reject:not-a-string
1f78:1335	JC	op0	0x0AB9	0x12389	JC 0x2000:0ab9	reject:not-a-string
1f78:1337	JCXZ	op0	0x0AC2	0x12392	JCXZ 0x2000:0ac2	reject:not-a-string
1f78:133b	SUB	op1	0x000A	0x1105A	SUB CX,word ptr [BP + 0xa]	reject:not-a-string
1f78:1349	RETF	op0	0x0008	0x11058	RETF 0x8	reject:not-a-string
